investor,deg_in,deg_out,betweenness,eigenvector,out_deg_wt,tps,portfolio_size,rank_deg_out,rank_betweenness,rank_eigenvector,rank_tps,rank_divergence
Hite Capital,0.004545454545454545,0.004545454545454545,0.0,0.06063804477539078,3.785,1.8658375979579316,1.0,250,644,38,1,249
Jeff Kearl,0.005454545454545455,0.005454545454545455,0.0,0.11060629644547897,4.9182,1.696505322184927,1.0,192,644,20,2,190
Youssri Helmy,0.0,0.0018181818181818182,0.0,6.450860072587633e-20,1.8758,1.6757930375885124,1.0,575,644,931,4,571
Qi Lu,0.0,0.0018181818181818182,0.0,6.450860072587633e-20,1.8758,1.6757930375885124,1.0,575,644,931,4,571
Marten Mickos,0.0,0.0018181818181818182,0.0,6.450860072587633e-20,1.8758,1.6757930375885124,1.0,575,644,931,4,571
Stephen Marcus,0.0,0.007272727272727273,0.0,6.450860072587633e-20,5.1552,1.5873302905450393,1.0,119,644,931,6,113
Avid Larizadeh,0.0,0.007272727272727273,0.0,6.450860072587633e-20,5.1552,1.5873302905450393,1.0,119,644,931,6,113
David Cowan,0.0,0.0027272727272727275,0.0,6.450860072587633e-20,2.3994,1.3732958094363,4.0,429,644,931,8,421
Cronus Ventures,0.0,0.0027272727272727275,0.0,6.450860072587633e-20,2.4999000000000002,1.3489112879853538,1.0,429,644,931,9,420
Anton Commissaris,0.0,0.006363636363636364,0.0,6.450860072587633e-20,2.7992999999999997,1.3007828122254348,1.0,144,644,931,10,134
Tom Pinckney,0.0,0.006363636363636364,0.0,6.450860072587633e-20,4.0173,1.239866656843009,1.0,144,644,931,11,133
Dustin Moskovitz,0.0,0.0018181818181818182,0.0,6.450860072587633e-20,1.3764,1.187938486653011,4.0,575,644,931,12,563
Micah Siegel,0.0,0.0027272727272727275,0.0,6.450860072587633e-20,2.3295,1.1449100282117073,1.0,429,644,931,13,416
Angus Davis,0.0,0.006363636363636364,0.0,6.450860072587633e-20,2.7992999999999997,1.123060010898758,2.0,144,644,931,14,130
Manu Kumar,0.0,0.005454545454545455,0.0,6.450860072587633e-20,5.2051,1.0730510279733554,2.0,192,644,931,15,177
"lessin X2, llc",0.0,0.0036363636363636364,0.0,6.450860072587633e-20,2.6616,1.0374393438685618,1.0,319,644,931,16,303
Bradley Horowitz,0.0,0.0027272727272727275,0.0,6.450860072587633e-20,2.3994,1.016381859450228,2.0,429,644,931,17,412
Hiroshi Mikitani,0.0,0.005454545454545455,0.0,6.450860072587633e-20,3.4836,0.9932395248743514,1.0,192,644,931,19,173
Lars Dalgaard,0.0,0.005454545454545455,0.0,6.450860072587633e-20,3.4836,0.9932395248743514,1.0,192,644,931,19,173
Paul Sagan,0.0,0.005454545454545455,0.0,6.450860072587633e-20,3.4836,0.9932395248743514,1.0,192,644,931,19,173
Carl Uminski,0.005454545454545455,0.005454545454545455,0.0,3.047718917351348e-10,3.5556,0.988859333259086,1.0,192,644,565,22,170
Jon Craton,0.005454545454545455,0.005454545454545455,0.0,3.047718917351348e-10,3.5556,0.988859333259086,1.0,192,644,565,22,170
Andrew Thornton,0.0,0.006363636363636364,0.0,6.450860072587633e-20,4.1482,0.988859333259086,1.0,144,644,931,22,122
Patrick Pohlen,0.0,0.0018181818181818182,0.0,6.450860072587633e-20,1.7322,0.9800353700705526,1.0,575,644,931,25,550
David Lawee,0.0,0.0018181818181818182,0.0,6.450860072587633e-20,1.7322,0.9800353700705526,1.0,575,644,931,25,550
Michael Abbott,0.0,0.0018181818181818182,0.0,6.450860072587633e-20,1.7322,0.9800353700705526,1.0,575,644,931,25,550
Glenn Winokur,0.0,0.0027272727272727275,0.0,6.450860072587633e-20,2.1759,0.9320312208381524,1.0,429,644,931,27,402
Diane Greene,0.0,0.0018181818181818182,0.0,6.450860072587633e-20,1.8758,0.930478882004877,5.0,575,644,931,28,547
Scott Petry,0.0,0.005454545454545455,0.0,6.450860072587633e-20,3.1878,0.9011194266769682,1.0,192,644,931,29,163
Jim Barnett,0.0,0.0027272727272727275,0.0,6.450860072587633e-20,2.529,0.8909866429653539,1.0,429,644,931,30,399
iOCS Corporation,0.0,0.005454545454545455,0.0,6.450860072587633e-20,4.1868,0.8236432372553567,1.0,192,644,931,31,161
Five Mill Ventures,0.0,0.008181818181818182,0.0,6.450860072587633e-20,7.005599999999999,0.8193434104052961,1.0,99,644,931,32,67
The Iron Yard,0.0,0.008181818181818182,0.0,6.450860072587633e-20,7.005599999999999,0.8193434104052961,1.0,99,644,931,32,67
Gideon Yu,0.0,0.0018181818181818182,0.0,6.450860072587633e-20,1.8758,0.8128679032346987,3.0,575,644,931,34,541
Marcus Ogawa,0.0,0.0027272727272727275,0.0,6.450860072587633e-20,2.1144,0.8126302015852194,1.0,429,644,931,36,393
Lorenzo Thione,0.0,0.0027272727272727275,0.0,6.450860072587633e-20,2.1144,0.8126302015852194,1.0,429,644,931,36,393
Gary Kremen,0.0,0.0027272727272727275,0.0,6.450860072587633e-20,2.1144,0.8126302015852194,1.0,429,644,931,36,393
Lane Bess,0.0027272727272727275,0.0036363636363636364,0.0,0.011376406620174646,2.6528,0.8073980787023713,1.0,319,644,240,38,281
Shawn Hardin,0.0,0.0027272727272727275,0.0,6.450860072587633e-20,1.9491,0.7931770075975904,1.0,429,644,931,40,389
Alex Welch,0.0,0.0027272727272727275,0.0,6.450860072587633e-20,1.9491,0.7931770075975904,1.0,429,644,931,40,389
Jordan Greenhall,0.0,0.0027272727272727275,0.0,6.450860072587633e-20,1.9491,0.7931770075975904,1.0,429,644,931,40,389
Jeff Weiner,0.0,0.0018181818181818182,0.0,6.450860072587633e-20,1.8758,0.7727786000130802,4.0,575,644,931,42,533
Thomas D. Lehrman,0.0,0.0036363636363636364,0.0,6.450860072587633e-20,2.3032,0.7345989162567718,3.0,319,644,931,43,276
reinmkr capital,0.0036363636363636364,0.0027272727272727275,0.0,0.012001443053508495,1.7273999999999998,0.6893256007306051,1.0,429,644,231,44,385
Incubator at Rose Tech Ventures,0.0,0.004545454545454545,0.0,6.450860072587633e-20,3.407,0.6858829866448807,1.0,250,644,931,45,205
Lee Hower,0.0,0.006363636363636364,0.0,6.450860072587633e-20,2.7992999999999997,0.6503914061127174,2.0,144,644,931,46,98
Jason Finger,0.0,0.0036363636363636364,0.0,6.450860072587633e-20,2.3032,0.6459792109452331,8.0,319,644,931,47,272
VMware,0.0,0.0018181818181818182,0.0,6.450860072587633e-20,1.9022,0.6288177921382988,3.0,575,644,931,48,527
John Thompson,0.0027272727272727275,0.00909090909090909,0.003075127382101412,0.011376406620174646,6.1364,0.6002125345255742,3.0,83,115,240,49,34
Maynard Webb,0.0,0.007272727272727273,0.0,6.450860072587633e-20,5.1552,0.5913231402411839,4.0,119,644,931,50,69
Howard A. Brown,0.0,0.0009090909090909091,0.0,6.450860072587633e-20,0.8987,0.5672417229412766,1.0,710,644,931,51,659
Scott Marlette,0.0,0.0018181818181818182,0.0,6.450860072587633e-20,1.3764,0.5558872815439024,1.0,575,644,931,52,523
Tom McInerney,0.005454545454545455,0.005454545454545455,0.0,0.11060629644547897,4.9182,0.5479029232720852,9.0,192,644,20,53,139
Proxima Ventures Ltd,0.0027272727272727275,0.0036363636363636364,0.0,0.007160171763328722,1.4104,0.5467530462305281,1.0,319,644,298,54,265
The Cross Country Group,0.0018181818181818182,0.0027272727272727275,0.0,0.004169244067095244,1.677,0.5379339978746414,1.0,429,644,353,55,374
Geolo Capital,0.0018181818181818182,0.0027272727272727275,0.0,0.004169244067095244,1.677,0.5379339978746414,1.0,429,644,353,55,374
Caterina Fake,0.0,0.004545454545454545,0.0,6.450860072587633e-20,4.205299999999999,0.5336403951132683,6.0,250,644,931,57,193
Marc Fleury,0.0,0.0018181818181818182,0.0,6.450860072587633e-20,1.6448,0.529597343104079,1.0,575,644,931,58,517
Bob Bickel,0.0,0.0018181818181818182,0.0,6.450860072587633e-20,1.6448,0.529597343104079,1.0,575,644,931,58,517
Osman Rashid,0.0,0.0027272727272727275,0.0,6.450860072587633e-20,2.031,0.5235818653927172,1.0,429,644,931,60,369
Paul Longhenry,0.0,0.0027272727272727275,0.0,6.450860072587633e-20,2.3181000000000003,0.5154984685776115,1.0,429,644,931,62,367
Grauer Brothers Capital,0.0,0.0027272727272727275,0.0,6.450860072587633e-20,2.3181000000000003,0.5154984685776115,1.0,429,644,931,62,367
Grail Partners,0.0,0.0027272727272727275,0.0,6.450860072587633e-20,2.3181000000000003,0.5154984685776115,1.0,429,644,931,62,367
Anand Rajaraman,0.0,0.0018181818181818182,0.0,6.450860072587633e-20,1.4084,0.511793639860724,4.0,575,644,931,64,511
Asus,0.0036363636363636364,0.008181818181818182,0.0,0.003519922057954011,6.2964,0.5078482685452008,1.0,99,644,373,65,34
Mike Olson,0.0,0.0027272727272727275,0.0,6.450860072587633e-20,2.0747999999999998,0.5069631998018975,1.0,429,644,931,66,363
Bear Creek Capital,0.0036363636363636364,0.0036363636363636364,0.0,0.013769381027196787,3.2416,0.5062149384445249,1.0,319,644,218,67,252
Zelkova Ventures,0.015454545454545455,0.022727272727272728,0.016277225352218056,0.019816534742689778,17.9895,0.5002797275284124,14.0,10,30,156,68,58
K9 Ventures,0.0018181818181818182,0.007272727272727273,0.00040964288119234136,0.009552840312613197,5.4384,0.4969227511373632,5.0,119,168,261,69,50
John Pestana,0.0,0.005454545454545455,0.0,6.450860072587633e-20,3.4836,0.4966197624371757,2.0,192,644,931,71,121
Mark Gorenberg,0.0,0.005454545454545455,0.0,6.450860072587633e-20,3.4836,0.4966197624371757,2.0,192,644,931,71,121
Steven Singh,0.0,0.005454545454545455,0.0,6.450860072587633e-20,3.4836,0.4966197624371757,2.0,192,644,931,71,121
Richard Brennan,0.0,0.006363636363636364,0.0,6.450860072587633e-20,4.1482,0.494429666629543,2.0,144,644,931,73,71
Nick Hynes,0.005454545454545455,0.005454545454545455,0.0,3.047718917351348e-10,3.5556,0.494429666629543,2.0,192,644,565,73,119
Jim Larrison,0.0,0.0036363636363636364,0.0,6.450860072587633e-20,2.6204,0.4943263760188586,1.0,319,644,931,75,244
Thomas Layton,0.0,0.0018181818181818182,0.0,6.450860072587633e-20,1.7322,0.4900176850352763,2.0,575,644,931,76,499
Reid Hoffman,0.01,0.0027272727272727275,0.004579021795245898,0.034902851115016766,1.9491,0.4805792415771756,28.0,429,93,95,77,352
Matt Gilbert,0.0,0.0027272727272727275,0.0,6.450860072587633e-20,2.2266,0.4780836625142634,1.0,429,644,931,78,351
Doug Lebda,0.0,0.0027272727272727275,0.0,6.450860072587633e-20,1.6758,0.4779790663478926,1.0,429,644,931,79,350
Bob Pasker,0.0,0.00909090909090909,0.0,6.450860072587633e-20,8.049,0.4756069531043521,6.0,83,644,931,80,3
Brian Shin,0.0,0.0018181818181818182,0.0,6.450860072587633e-20,1.618,0.4676295521933208,1.0,575,644,931,81,494
MkII Ventures,0.0,0.004545454545454545,0.0,6.450860072587633e-20,2.6305,0.4667674886188149,1.0,250,644,931,82,168
SeriesG,0.0,0.004545454545454545,0.0,6.450860072587633e-20,2.6305,0.4667674886188149,1.0,250,644,931,82,168
Bruce Dunlevie,0.0,0.01090909090909091,0.0,6.450860072587633e-20,3.3456,0.4509161817169496,1.0,56,644,931,84,28
Tom Keller,0.0,0.005454545454545455,0.0,6.450860072587633e-20,3.1878,0.4505597133384841,2.0,192,644,931,85,107
The Contrarian Group,0.0,0.0018181818181818182,0.0,6.450860072587633e-20,0.7944,0.449755035460347,2.0,575,644,931,86,489
TDFunds,0.0,0.004545454545454545,0.0,6.450860072587633e-20,2.872,0.4421228258967267,1.0,250,644,931,87,163
Blue Lagoon Capital,0.0,0.004545454545454545,0.0,6.450860072587633e-20,2.872,0.4421228258967267,1.0,250,644,931,87,163
Marc Andreessen,0.0,0.012727272727272728,0.0,6.450860072587633e-20,4.4266,0.4360198793415263,20.0,39,644,931,89,50
James Altucher,0.0,0.004545454545454545,0.0,6.450860072587633e-20,4.1495,0.4315454710745578,4.0,250,644,931,90,160
Red Hat,0.0018181818181818182,0.004545454545454545,0.0,0.005912332657005614,3.8600000000000003,0.4308166447368277,2.0,250,644,313,91,159
Saar Gur,0.0,0.006363636363636364,0.0,6.450860072587633e-20,4.0173,0.4132888856143363,3.0,144,644,931,92,52
Kevin Hartz,0.0,0.0009090909090909091,0.0,6.450860072587633e-20,0.8619,0.4128130404686884,8.0,710,644,931,93,617
Salil Deshpande,0.0,0.0027272727272727275,0.0,6.450860072587633e-20,2.3994,0.4119231606558259,3.0,429,644,931,94,335
Ben Narasin,0.0,0.0027272727272727275,0.0,6.450860072587633e-20,2.3994,0.4119231606558259,3.0,429,644,931,94,335
Venky Harinarayan,0.0,0.0018181818181818182,0.0,6.450860072587633e-20,1.4084,0.4094349118885792,5.0,575,644,931,96,479
Justin Yoshimura,0.0,0.0027272727272727275,0.0,6.450860072587633e-20,2.2266,0.4031475563087263,2.0,429,644,931,97,332
Chris Dixon,0.004545454545454545,0.004545454545454545,0.000493816075957891,0.023122400815464374,3.4275,0.3985401446671837,18.0,250,161,138,98,152
Thomas Falks,0.0,0.0009090909090909091,0.0,6.450860072587633e-20,0.8569,0.3975898565318067,1.0,710,644,931,99,611
John Vincent,0.0,0.0009090909090909091,0.0,6.450860072587633e-20,0.8569,0.3975898565318067,1.0,710,644,931,99,611
Charles Moldow,0.0,0.01,0.0,6.450860072587633e-20,5.2369,0.3947846753804367,4.0,70,644,931,101,31
Elon Musk,0.0,0.006363636363636364,0.0,6.450860072587633e-20,5.5482,0.3905291156586002,4.0,144,644,931,102,42
Nirav Tolia,0.0,0.0027272727272727275,0.0,6.450860072587633e-20,2.3295,0.3816366760705691,3.0,429,644,931,103,326
Thrive Capital,0.004545454545454545,0.007272727272727273,0.001155978541446881,0.006504225738859349,5.2485,0.3742289891085205,19.0,119,140,304,104,15
Howard Lindzon,0.0,0.004545454545454545,0.0,6.450860072587633e-20,4.1495,0.3737718419790656,10.0,250,644,931,105,145
Mark Goines,0.0,0.005454545454545455,0.0,6.450860072587633e-20,4.542,0.3731675195915863,5.0,192,644,931,106,86
O'Reilly AlphaTech Ventures,0.004545454545454545,0.0036363636363636364,0.0011110861709052546,0.015200944866700386,2.5272,0.3657255610627755,22.0,319,144,199,107,212
Jeffrey Jordan,0.0,0.01090909090909091,0.0,6.450860072587633e-20,3.3456,0.3640343382135843,3.0,56,644,931,108,52
betaworks,0.0,0.012727272727272728,0.0,6.450860072587633e-20,5.5687999999999995,0.3623892391308764,37.0,39,644,931,109,70
Mark Pincus,0.0,0.004545454545454545,0.0,6.450860072587633e-20,4.1495,0.3616296663417684,9.0,250,644,931,110,140
Travis Kalanick,0.006363636363636364,0.00909090909090909,0.00553298466925546,0.009573592434677265,6.880699999999999,0.358349164731238,4.0,83,86,258,111,28
Aaron Patzer,0.0,0.004545454545454545,0.0,6.450860072587633e-20,2.6305,0.3523915799892593,3.0,250,644,931,112,138
Ooga Labs,0.0027272727272727275,0.0,0.0,0.01026110596872164,0.0,0.3496508066743135,5.0,934,644,249,113,821
Bill Bryant,0.0,0.0018181818181818182,0.0,6.450860072587633e-20,1.413,0.3481210053223064,2.0,575,644,931,114,461
MSD Capital,0.0018181818181818182,0.0036363636363636364,0.0,0.0014569064415452168,2.1852,0.3444761764796478,1.0,319,644,448,115,204
Kevin Compton,0.0,0.01090909090909091,0.0,6.450860072587633e-20,3.3456,0.3422882315709647,3.0,56,644,931,116,60
Doug Mackenzie,0.0,0.01090909090909091,0.0,6.450860072587633e-20,3.3456,0.3422882315709647,3.0,56,644,931,116,60
Social Leverage,0.0009090909090909091,0.012727272727272728,0.0007182779286660232,0.000356295726367669,11.0311,0.3306147470682827,12.0,39,154,505,118,79
Cambridge Capital Group,0.005454545454545455,0.005454545454545455,0.0,3.047718917351348e-10,3.5556,0.3296197777530287,3.0,192,644,565,119,73
Ron Conway,0.006363636363636364,0.01090909090909091,0.0007631702992076496,0.01135311171578378,7.8441,0.3276798972596333,67.0,56,150,242,120,64
Garrett Camp,0.0,0.004545454545454545,0.0,6.450860072587633e-20,2.6305,0.3259961783572727,3.0,250,644,931,121,129
Tango,0.0,0.01,0.0,6.450860072587633e-20,9.0216,0.3252575509917251,3.0,70,644,931,122,52
Adam D'Angelo,0.007272727272727273,0.0,0.0,0.001556728405833004,0.0,0.3234411571103057,5.0,934,644,440,123,811
Clal Industries and Investments (CII),0.0027272727272727275,0.0036363636363636364,0.0,0.00014948909774372023,2.0132,0.3173226673322863,1.0,319,644,533,124,195
Dharmesh Shah,0.006363636363636364,0.01,0.008361204013377926,0.005800544624287245,7.4847,0.3155622377703025,10.0,70,64,318,125,55
Atomico,0.005454545454545455,0.007272727272727273,0.0014590020426028597,0.030188067309728114,4.5442,0.3153598028972675,24.0,119,138,113,126,7
Geoff Ralston,0.0,0.005454545454545455,0.0,6.450860072587633e-20,4.542,0.3109729329929885,6.0,192,644,931,127,65
Roger Ehrenberg,0.0,0.004545454545454545,0.0,6.450860072587633e-20,4.1495,0.3105484317841361,9.0,250,644,931,128,122
Paige Craig,0.006363636363636364,0.006363636363636364,0.0,0.009573592434677265,4.766299999999999,0.3039512066648477,9.0,144,644,258,129,15
Ben Horowitz,0.0,0.012727272727272728,0.0,6.450860072587633e-20,4.4266,0.3028343406469109,7.0,39,644,931,130,91
David Lee,0.0,0.005454545454545455,0.0,6.450860072587633e-20,3.4836,0.298975353688384,5.0,192,644,931,131,61
Marc Benioff,0.0036363636363636364,0.01090909090909091,0.0030302350115597853,0.057322484351491794,8.1114,0.295646413951314,19.0,56,116,42,132,76
Gary Vaynerchuk,0.0,0.0009090909090909091,0.0,6.450860072587633e-20,0.619,0.2944772017796292,10.0,710,644,931,133,577
Mitch Kapor,0.0,0.006363636363636364,0.0,6.450860072587633e-20,5.4902,0.2940987273793203,16.0,144,644,931,134,10
Alex Zubillaga,0.0018181818181818182,0.0,0.0,0.015625024712865997,0.0,0.2933299596972206,10.0,934,644,194,135,799
Comerica Bank,0.0018181818181818182,0.0,0.0,0.00017824790435893082,0.0,0.2915654949179139,4.0,934,644,528,136,798
Chris Hughes,0.0,0.0018181818181818182,0.0,6.450860072587633e-20,1.3764,0.2855194399240077,2.0,575,644,931,137,438
Bill Harris,0.0,0.0027272727272727275,0.0,6.450860072587633e-20,1.5732,0.285425031077117,1.0,429,644,931,138,291
Spansion,0.0,0.0027272727272727275,0.0,6.450860072587633e-20,1.0356,0.2818090867309465,1.0,429,644,931,139,290
Keith Rabois,0.0018181818181818182,0.006363636363636364,0.0,0.007892163369022018,2.7992999999999997,0.2809226861796552,22.0,144,644,282,140,4
Pinnacle Ventures,0.0018181818181818182,0.0,0.0,0.04818255069206842,0.0,0.2800677303270073,12.0,934,644,54,141,793
Naval Ravikant,0.005454545454545455,0.00909090909090909,0.0007407241139368364,0.11060629644547897,7.9887,0.2791164513938312,26.0,83,152,20,142,59
Constantin Partners,0.0036363636363636364,0.006363636363636364,0.0036138358286009293,0.02674486824702969,3.2142,0.2788081685000926,4.0,144,104,123,143,1
Sean Parker,0.0,0.0018181818181818182,0.0,6.450860072587633e-20,1.3764,0.2779436407719512,2.0,575,644,931,144,431
Mike Volpi,0.0,0.0018181818181818182,0.0,6.450860072587633e-20,1.3764,0.2779436407719512,2.0,575,644,931,144,431
SV Angel,0.013636363636363636,0.057272727272727274,0.04020672936634419,0.049021152302337646,52.0616,0.277851032218178,229.0,1,7,53,146,145
Radar Partners,0.0036363636363636364,0.0036363636363636364,0.0010549707077282216,0.007481647590983782,2.7901999999999996,0.2767858692969965,11.0,319,147,291,147,172
Mark Leslie,0.0027272727272727275,0.0036363636363636364,0.0,0.011376406620174646,2.6528,0.2752959675093228,5.0,319,644,240,148,171
"Duff, Ackerman and Goodrich",0.00909090909090909,0.0,0.0,0.04973927909790143,0.0,0.2721716005618577,3.0,934,644,51,149,785
Golden Venture Partners,0.0027272727272727275,0.0036363636363636364,0.0,0.013824288470362033,2.7528,0.271970743048622,6.0,319,644,217,150,169
Max Levchin,0.0,0.0036363636363636364,0.0,6.450860072587633e-20,3.306,0.2719128672185719,21.0,319,644,931,151,168
Joshua Schachter,0.0,0.0027272727272727275,0.0,6.450860072587633e-20,2.3295,0.2676013882325622,17.0,429,644,931,152,277
Sarofim Fayez and Co.,0.0009090909090909091,0.0,0.0,9.727638955059249e-19,0.0,0.265016089220278,4.0,934,644,717,153,781
Emil Michael,0.0,0.006363636363636364,0.0,6.450860072587633e-20,2.7992999999999997,0.2601565624450869,5.0,144,644,931,154,10
Yahoo!,0.0009090909090909091,0.0036363636363636364,0.0,0.02265053825339525,3.5276,0.2520462759266159,6.0,319,644,142,155,164
Peter Thiel,0.004545454545454545,0.01090909090909091,0.006520616821171242,0.03739356087835325,9.767,0.2514227269794222,24.0,56,74,81,156,100
First Round Capital,0.04181818181818182,0.04909090909090909,0.09394663793554951,0.3109877823311096,41.943599999999996,0.2478135606746417,164.0,2,1,2,157,155
Russ Fradin,0.0,0.0036363636363636364,0.0,6.450860072587633e-20,2.6204,0.2471631880094293,2.0,319,644,931,158,161
Stage One Capital,0.0,0.0027272727272727275,0.0,6.450860072587633e-20,2.6262,0.2466256152898419,6.0,429,644,931,159,270
Nils Johnson,0.0,0.0018181818181818182,0.0,6.450860072587633e-20,1.7322,0.2450088425176381,4.0,575,644,931,160,415
Steve Chen,0.0,0.0018181818181818182,0.0,6.450860072587633e-20,1.7322,0.2450088425176381,4.0,575,644,931,160,415
Selby Venture Partners,0.005454545454545455,0.005454545454545455,0.006385939709546363,0.04379202676369309,4.6926,0.2443350197977113,7.0,192,76,65,162,30
Draper Richards,0.004545454545454545,0.0036363636363636364,0.0,0.043455429902319855,3.0652,0.2440103618118918,23.0,319,644,66,163,156
Tribeca Venture Partners,0.00909090909090909,0.012727272727272728,0.01729478575116159,0.04602985783519101,9.2529,0.2427209464208724,14.0,39,27,60,164,125
Mark Wachen,0.006363636363636364,0.0027272727272727275,0.002177279971268883,0.008348769918205625,1.6758,0.2389895331739463,2.0,429,125,274,165,264
Cox Enterprises,0.004545454545454545,0.0027272727272727275,0.0,0.0134681468473553,1.9653,0.2387155960554704,2.0,429,644,221,166,263
Dave McClure,0.0027272727272727275,0.00909090909090909,0.0006060470023119571,0.03604346071736324,7.848,0.2382408823634138,17.0,83,157,89,167,84
First Ventures,0.0027272727272727275,0.0036363636363636364,0.0,0.0034202601772364873,2.8868,0.236895912144125,1.0,319,644,377,168,151
Peter Lehrman,0.006363636363636364,0.0,0.0,0.005800544624287245,0.0,0.2362986987361111,4.0,934,644,318,169,765
Anthemis Group,0.0036363636363636364,0.005454545454545455,0.0002918004085205719,0.012001443053508495,3.9909,0.2348505123581186,10.0,192,173,231,170,22
Eduardo Saverin,0.0,0.0018181818181818182,0.0,6.450860072587633e-20,1.562,0.2348061256224629,2.0,575,644,931,171,404
Mike Volpe,0.0,0.0018181818181818182,0.0,6.450860072587633e-20,1.618,0.2338147760966604,2.0,575,644,931,172,403
Evercore Partners,0.0009090909090909091,0.0018181818181818182,0.0,0.003531197218188186,1.145,0.2336998241691291,2.0,575,644,372,173,402
David Ulevitch,0.0,0.004545454545454545,0.0,6.450860072587633e-20,2.6305,0.2333837443094074,2.0,250,644,931,174,76
Pacific Partners,0.0,0.004545454545454545,0.0,6.450860072587633e-20,2.6305,0.2333837443094074,2.0,250,644,931,174,76
Ariel Poler,0.0,0.006363636363636364,0.0,6.450860072587633e-20,4.0173,0.2270833455083344,15.0,144,644,931,176,32
Lowercase Capital,0.0018181818181818182,0.01,0.0036138358286009293,0.006099538370422046,5.8901,0.2239045560647849,24.0,70,104,310,177,107
WR Hambrecht,0.004545454545454545,0.0,0.0,0.0037947659342659726,0.0,0.2218463252820469,3.0,934,644,365,178,756
DFJ Gotham Ventures,0.01,0.006363636363636364,0.008630558236627686,0.01715452716440236,4.1022,0.2174696591878222,19.0,144,61,182,179,35
Alex Hoye,0.0,0.00909090909090909,0.0,6.450860072587633e-20,4.724,0.2152536033941519,1.0,83,644,931,180,97
David Shen Ventures,0.0,0.00909090909090909,0.0,6.450860072587633e-20,4.724,0.2152536033941519,1.0,83,644,931,180,97
Ram Shriram,0.0,0.0027272727272727275,0.0,6.450860072587633e-20,2.1422999999999996,0.2129484141306754,10.0,429,644,931,182,247
FLOODGATE,0.01,0.019090909090909092,0.010953738412156855,0.038273377114007814,16.5591,0.2109152004210059,78.0,18,51,77,183,165
Stingray Digital,0.0,0.0018181818181818182,0.0,6.450860072587633e-20,0.982,0.2104026560305696,1.0,575,644,931,184,391
Benchmark,0.02,0.034545454545454546,0.029960045790217955,0.23029512184062556,32.3045,0.2091430857744574,117.0,4,14,4,185,181
Felicis Ventures,0.014545454545454545,0.03272727272727273,0.021456682603458208,0.1457080106615664,26.009,0.208557317681388,77.0,5,22,12,186,181
Amicus Capital,0.004545454545454545,0.0036363636363636364,0.0,0.043455429902319855,3.0652,0.2085104847594313,15.0,319,644,66,187,132
Amazon,0.0036363636363636364,0.0036363636363636364,0.0017171331732172119,0.023247367717764898,3.6036,0.2063211144846028,10.0,319,130,137,188,131
eonBusiness,0.0,0.008181818181818182,0.0,6.450860072587633e-20,7.005599999999999,0.204835852601324,4.0,99,644,931,189,90
AOL,0.0018181818181818182,0.0,0.0,0.021527189091088774,0.0,0.2019556913015752,4.0,934,644,145,190,744
IA Ventures,0.007272727272727273,0.0018181818181818182,0.0,0.043904450491606455,1.509,0.2000731683589403,29.0,575,644,63,191,384
Jeff Lunsford,0.0,0.0009090909090909091,0.0,6.450860072587633e-20,0.8569,0.1987949282659033,2.0,710,644,931,192,518
Shasta Ventures,0.04,0.016363636363636365,0.044368626218640815,0.37120728326352403,14.114799999999999,0.1986557219484691,73.0,30,6,1,193,163
Dan Rose,0.0,0.005454545454545455,0.0,6.450860072587633e-20,3.4836,0.1986479049748702,5.0,192,644,931,194,2
Timothy Draper,0.004545454545454545,0.017272727272727273,0.003883190051850688,0.0035342444222260395,10.3502,0.1986109314024258,21.0,26,99,371,195,169
Angeleno Group,0.0009090909090909091,0.0018181818181818182,0.0,7.738580760277577e-19,1.2218,0.1982799122939725,4.0,575,644,733,196,379
Chamath Palihapitiya,0.0018181818181818182,0.0036363636363636364,0.0,0.003289678792300477,2.4376,0.1970670489761931,12.0,319,644,386,197,122
Atiq Raza,0.0,0.0027272727272727275,0.0,6.450860072587633e-20,2.1422999999999996,0.1965215076011049,1.0,429,644,931,198,231
Quest Venture Partners,0.0,0.0036363636363636364,0.0,6.450860072587633e-20,2.694,0.1959856454406667,13.0,319,644,931,199,120
David Wu,0.0,0.0036363636363636364,0.0,6.450860072587633e-20,3.1104000000000003,0.1951583838289013,5.0,319,644,931,200,119
Brad Garlinghouse,0.0009090909090909091,0.005454545454545455,0.0,0.0010525168465963391,3.2531,0.1934743495714207,10.0,192,644,465,201,9
Worldview Technology Partners,0.0018181818181818182,0.0018181818181818182,0.0,0.00019539545517640764,0.879,0.1920619841269587,10.0,575,644,522,202,373
Genacast Ventures,0.0,0.004545454545454545,0.0,6.450860072587633e-20,2.021,0.1909821577235967,6.0,250,644,931,203,47
Neu Venture Capital,0.007272727272727273,0.0018181818181818182,0.0,0.043904450491606455,1.509,0.1903406858676519,11.0,575,644,63,204,371
Matt Mullenweg,0.007272727272727273,0.005454545454545455,0.005241184260734888,0.001556728405833004,3.1878,0.1892409614320382,14.0,192,87,440,205,13
Harrison Metal Capital,0.0018181818181818182,0.0027272727272727275,0.0,0.00801683368869872,1.6443,0.1885301410820397,35.0,429,644,279,206,223
Village Ventures,0.004545454545454545,0.00909090909090909,0.004702475814235371,0.03388976271629804,7.2368999999999994,0.1868015256190235,31.0,83,91,99,207,124
Union Square Ventures,0.017272727272727273,0.01090909090909091,0.009764090592803754,0.0532058327203975,9.0947,0.1843184978249822,52.0,56,56,48,208,152
Richmond Global,0.0018181818181818182,0.0036363636363636364,0.0,0.013173591668332083,2.7256,0.1833536078896326,4.0,319,644,224,209,110
Omidyar Network,0.01,0.004545454545454545,0.0004601467980516711,0.04797606316895038,2.9937,0.1832784628031809,24.0,250,164,55,210,40
Creandum,0.0009090909090909091,0.005454545454545455,0.0,0.014327329290422885,4.9224,0.1828048006306492,13.0,192,644,211,211,19
Baseline Ventures,0.01818181818181818,0.014545454545454545,0.026924199232340466,0.06482957397376105,8.5708,0.1825037009721137,52.0,34,18,34,212,178
Long River Ventures,0.0,0.0018181818181818182,0.0,6.450860072587633e-20,1.5762,0.1818248429854579,7.0,575,644,931,213,362
Founders Fund,0.019090909090909092,0.016363636363636365,0.014932324751408498,0.059777117867892735,13.867,0.17994864473942,63.0,30,32,39,214,184
Ribbit Capital,0.007272727272727273,0.0027272727272727275,0.003299589234809544,0.017333533858561977,2.343,0.1789583082701507,5.0,429,112,180,215,214
"Mike Maples, Sr.",0.0,0.0009090909090909091,0.0,6.450860072587633e-20,0.7088,0.1785505139735443,1.0,710,644,931,216,494
Matt Ocko,0.0,0.0027272727272727275,0.0,6.450860072587633e-20,1.4973,0.1783752867393494,10.0,429,644,931,217,212
Shlomo Kramer,0.0009090909090909091,0.0018181818181818182,0.0,0.0004886479745826156,0.9604,0.1782136622865102,5.0,575,644,490,218,357
Lerer Ventures,0.004545454545454545,0.007272727272727273,0.001155978541446881,0.006504225738859349,5.2485,0.1774480988181361,80.0,119,140,304,219,100
e.ventures,0.0027272727272727275,0.005454545454545455,0.00023568494534353886,0.018490278304248303,4.1334,0.1771101158830054,32.0,192,176,167,220,28
MentorTech Ventures,0.0018181818181818182,0.0018181818181818182,0.0,6.023415415850862e-11,1.244,0.1765336296954474,12.0,575,644,574,221,354
Signia Venture Partners,0.0,0.0036363636363636364,0.0,6.450860072587633e-20,2.6204,0.1755581244072749,17.0,319,644,931,222,97
Turner Broadcasting,0.0,0.0027272727272727275,0.0,6.450860072587633e-20,1.9605,0.1745029589174761,2.0,429,644,931,223,206
Founder's Co-op,0.0036363636363636364,0.0027272727272727275,0.0,0.056346174343915735,2.502,0.1734603775898373,12.0,429,644,43,224,205
Silicon Valley Bank,0.006363636363636364,0.0027272727272727275,0.00010100783371865952,0.0362767757339284,2.5062,0.173374057637167,14.0,429,183,87,225,204
IndoUS Venture Partners,0.0009090909090909091,0.0018181818181818182,0.0,0.0033980905210787985,1.3232,0.173291329829345,9.0,575,644,379,226,349
Dave Morin,0.0,0.0036363636363636364,0.0,6.450860072587633e-20,3.1086,0.1728514044729485,19.0,319,644,931,227,92
Blacksmith Capital,0.0009090909090909091,0.0018181818181818182,0.0,0.004408935555765738,1.7842,0.1714052662336404,3.0,575,644,347,228,347
BLH Venture Partners,0.0036363636363636364,0.0036363636363636364,0.0,0.013769381027196787,3.2416,0.1706090628708917,3.0,319,644,218,229,90
ComVentures,0.0,0.0027272727272727275,0.0,6.450860072587633e-20,2.2119,0.1702461574985348,8.0,429,644,931,230,199
Helion Venture Partners,0.0018181818181818182,0.0,0.0,0.0019390493713947023,0.0,0.1687864565884613,17.0,934,644,427,231,703
Marc Friend,0.0,0.005454545454545455,0.0,6.450860072587633e-20,3.267,0.1676832560539707,1.0,192,644,931,233,41
Brian Goffman,0.0,0.005454545454545455,0.0,6.450860072587633e-20,3.267,0.1676832560539707,1.0,192,644,931,233,41
Alan Axelrod,0.0,0.005454545454545455,0.0,6.450860072587633e-20,3.267,0.1676832560539707,1.0,192,644,931,233,41
David Niu,0.0,0.005454545454545455,0.0,6.450860072587633e-20,3.267,0.1676832560539707,1.0,192,644,931,233,41
Spring Mountain Capital,0.0009090909090909091,0.0018181818181818182,0.0,0.006843095893591383,1.7026,0.1675313063479246,3.0,575,644,299,236,339
European Founders Fund,0.004545454545454545,0.0036363636363636364,0.00011223092635406613,0.0034609483467617627,2.7032,0.1673462749213271,12.0,319,182,375,237,82
Wilson Sonsini Goodrich & Rosati,0.0018181818181818182,0.005454545454545455,0.000493816075957891,0.005451166774939447,3.228,0.1644381417058088,9.0,192,161,324,238,46
Mantucket Partners,0.0009090909090909091,0.0027272727272727275,0.0,0.0001110586326678403,2.4072,0.1638365640652988,1.0,429,644,541,239,190
Ali Partovi,0.0,0.0009090909090909091,0.0,6.450860072587633e-20,0.8333,0.1629820210791542,9.0,710,644,931,240,470
Outfitter Ventures,0.0,0.0018181818181818182,0.0,6.450860072587633e-20,1.2856,0.1626232710719851,1.0,575,644,931,241,334
Allen & Company,0.004545454545454545,0.0,0.0,0.0051280356298988375,0.0,0.1605611627092213,23.0,934,644,334,242,692
Bessemer Venture Partners,0.042727272727272725,0.019090909090909092,0.052434288792619695,0.1748596180751014,14.3175,0.1605163633014774,99.0,18,5,6,243,225
"Consigliere Brand Capital, LLC",0.0,0.0027272727272727275,0.0,6.450860072587633e-20,1.6758,0.1593263554492975,3.0,429,644,931,244,185
Catamount Ventures,0.0009090909090909091,0.0018181818181818182,0.0,2.7866587175926883e-16,1.1842,0.1566645916413303,10.0,575,644,638,245,330
Founder Collective,0.0,0.01,0.0,6.450860072587633e-20,5.0105,0.1566610120725041,74.0,70,644,931,246,176
Jason Kiefer,0.0,0.0027272727272727275,0.0,6.450860072587633e-20,2.016,0.1564292425698791,1.0,429,644,931,247,182
John Cunningham,0.005454545454545455,0.004545454545454545,0.0,0.007870833299482037,2.7225,0.1546427998375783,2.0,250,644,284,248,2
The Accelerator Group,0.008181818181818182,0.008181818181818182,0.0008192857623846827,0.03974984505972077,4.2516,0.1542671369280586,8.0,99,149,73,249,150
SK Ventures,0.00909090909090909,0.007272727272727273,0.0,0.011725695424407896,6.2272,0.15284975101855,5.0,119,644,236,250,131
Monashees Capital,0.0027272727272727275,0.0027272727272727275,0.0,0.007276066935461513,2.343,0.1520952799649428,14.0,429,644,294,251,178
Indian Angel Network,0.0,0.0018181818181818182,0.0,6.450860072587633e-20,1.322,0.1511764059745055,3.0,575,644,931,252,323
Rose Tech Ventures,0.004545454545454545,0.006363636363636364,0.0005274853538641108,0.04686387652606678,4.4926,0.1504504700405368,18.0,144,160,57,253,109
Andy Rachleff,0.0,0.01090909090909091,0.0,6.450860072587633e-20,3.3456,0.1503053939056498,3.0,56,644,931,254,198
Frazier Technology Ventures,0.0009090909090909091,0.0018181818181818182,0.0,0.00027101245654249386,0.4022,0.1500255016544937,9.0,575,644,514,255,320
SRI International,0.0018181818181818182,0.0036363636363636364,0.0,0.00491246354569973,2.8632,0.1499795932361753,3.0,319,644,337,256,63
David Tisch,0.0,0.0027272727272727275,0.0,6.450860072587633e-20,2.016,0.1492307114634617,34.0,429,644,931,257,172
Brian McClendon,0.0,0.0009090909090909091,0.0,6.450860072587633e-20,0.741,0.1485212926888563,3.0,710,644,931,258,452
Hudson Ventures,0.0018181818181818182,0.006363636363636364,5.6115463177033065e-05,0.0019411793206025737,4.4122,0.143812093184582,3.0,144,186,426,259,115
Index Ventures,0.046363636363636364,0.022727272727272728,0.055385962155731626,0.15658679326561092,18.1819,0.1424863793554018,134.0,10,4,11,260,250
SoftTech VC,0.014545454545454545,0.01090909090909091,0.003784052733571263,0.16076927907228786,9.8265,0.1419966113003388,68.0,56,100,10,261,205
David Cohen,0.012727272727272728,0.01818181818181818,0.011305395314732928,0.024383204682606414,18.4054,0.1419764226551965,34.0,21,49,133,262,241
Jeff Bezos,0.016363636363636365,0.0,0.0,0.03194336144901024,0.0,0.1418714004540537,11.0,934,644,107,263,671
Spring Mill Venture Partners,0.0018181818181818182,0.0027272727272727275,0.0,0.0001924246365042471,2.3895,0.1389402397922182,3.0,429,644,524,264,165
FF Angel LLC,0.0,0.01818181818181818,0.0,6.450860072587633e-20,9.5705,0.1376403975167796,16.0,21,644,931,265,244
Dawntreader Ventures,0.0027272727272727275,0.0027272727272727275,0.0,0.00200356229075819,2.2746,0.1356882998514822,4.0,429,644,419,266,163
Focus Ventures,0.0009090909090909091,0.0,0.0,8.177497279616442e-19,0.0,0.1345051070460821,3.0,934,644,729,267,667
fbFund,0.0,0.0009090909090909091,0.0,6.450860072587633e-20,0.5796,0.1344656383907734,2.0,710,644,931,268,442
Sherpalo Ventures,0.005454545454545455,0.0,0.0,0.0657572790521806,0.0,0.134148491781409,21.0,934,644,33,269,665
Accelerator Ventures,0.0,0.0036363636363636364,0.0,6.450860072587633e-20,2.6616,0.1334968453733266,15.0,319,644,931,270,49
Spark Capital,0.014545454545454545,0.012727272727272728,0.007474579695180804,0.03629453394209457,8.5257,0.1329166195009498,63.0,39,66,86,271,232
Various,0.0,0.0018181818181818182,0.0,6.450860072587633e-20,0.5906,0.1328520756113732,1.0,575,644,931,272,303
New York City Investment Fund,0.0027272727272727275,0.0,0.0,0.0066410940237466905,0.0,0.1326328221732381,8.0,934,644,301,273,661
Windward Ventures,0.0036363636363636364,0.0027272727272727275,0.0,0.01909213829601133,2.0274,0.1315623593838509,4.0,429,644,164,274,155
Individual Investors,0.0018181818181818182,0.0018181818181818182,0.0,0.007696960145634885,1.3058,0.1312386166959556,2.0,575,644,287,275,300
Integral Capital Partners,0.0036363636363636364,0.0027272727272727275,0.00041525442751004466,0.026467394791226822,2.1459,0.130029505927664,11.0,429,167,124,276,153
Andreessen Horowitz,0.023636363636363636,0.03,0.034168705528495436,0.1198526319684385,24.698,0.129830742815337,106.0,6,12,17,277,271
Contour Venture Partners,0.0018181818181818182,0.005454545454545455,0.0002918004085205719,0.02850122502384359,4.4742,0.1295177643935462,24.0,192,173,118,278,86
Clearstone Venture Partners,0.0036363636363636364,0.007272727272727273,0.010291575946667865,0.024030507752314117,5.7362,0.1291336788406383,21.0,119,53,134,279,160
Madrona Venture Group,0.02,0.017272727272727273,0.01685708513838073,0.12961417523888624,14.6446,0.1280873965858208,54.0,26,29,14,280,254
Borealis Ventures,0.0036363636363636364,0.004545454545454545,0.014343112388049651,0.0003558663404463429,2.5119,0.1280336093244294,10.0,250,36,506,281,31
Elad Gil,0.004545454545454545,0.0,0.0,0.023122400815464374,0.0,0.1279542908412472,9.0,934,644,138,282,652
Montlake Capital,0.0018181818181818182,0.0027272727272727275,0.0,0.011685293315265088,2.223,0.1273275433653393,3.0,429,644,238,283,146
Eric Schmidt,0.0027272727272727275,0.0018181818181818182,0.0,0.02089433959046252,1.3832,0.1267407999504743,4.0,575,644,150,284,291
Jerusalem Venture Partners,0.0009090909090909091,0.0027272727272727275,0.0,0.00050162606147431,1.8753,0.1265739698385702,16.0,429,644,488,285,144
Cue Ball,0.006363636363636364,0.006363636363636364,0.0,0.009573592434677265,4.766299999999999,0.1256216521121604,5.0,144,644,258,286,142
Lightspeed Venture Partners,0.022727272727272728,0.02090909090909091,0.029864649502816996,0.1310381250416625,18.453,0.1252501688043744,112.0,14,15,13,287,273
Clean Pacific Ventures,0.0027272727272727275,0.005454545454545455,0.0011223092635406612,3.98717361728753e-05,3.4496,0.124901045255958,6.0,192,143,546,288,96
Kleiner Perkins Caufield & Byers,0.017272727272727273,0.01090909090909091,0.019410338712935737,0.07492433410833681,8.0882,0.1245281273273819,149.0,56,23,29,289,233
QED Investors,0.005454545454545455,0.00909090909090909,0.005622769410338713,0.018033484607253823,5.276400000000001,0.1227069976700177,22.0,83,82,175,290,207
Hadi Partovi,0.0,0.0009090909090909091,0.0,6.450860072587633e-20,0.8333,0.1222365158093657,12.0,710,644,931,291,419
Avalon Ventures,0.0018181818181818182,0.007272727272727273,0.0036587281991425557,0.011157336807868557,3.5073999999999996,0.1216556489927542,35.0,119,102,243,292,173
Foundry Group,0.028181818181818183,0.019090909090909092,0.03638713683942746,0.0950722101952792,14.1256,0.1216014567184918,54.0,18,10,22,293,275
FirstMark Capital,0.0036363636363636364,0.005454545454545455,0.0023905187313416087,0.04023350922055017,4.1805,0.1197929656412197,41.0,192,122,72,294,102
Raymond D. Croghan,0.0,0.005454545454545455,0.0,6.450860072587633e-20,1.6854,0.119169105206425,1.0,192,644,931,295,103
BlueStream Ventures,0.0,0.0018181818181818182,0.0,6.450860072587633e-20,1.5214,0.1189300971090913,3.0,575,644,931,296,279
Blue Chip Venture Company,0.0036363636363636364,0.005454545454545455,0.00021323876007272566,0.0019736998522654485,3.7689,0.1185904155848218,9.0,192,179,421,297,105
WPP,0.0,0.005454545454545455,0.0,6.450860072587633e-20,3.4836,0.1178873220568839,10.0,192,644,931,298,106
Data Collective,0.02,0.005454545454545455,0.0033781508832573903,0.028048682697232877,3.5128000000000004,0.1174618012347458,36.0,192,111,119,299,107
Accel Partners,0.04181818181818182,0.038181818181818185,0.07030145226818703,0.17334352805423153,30.6636,0.1174027969478802,184.0,3,3,8,300,297
Prism Venture Management,0.005454545454545455,0.011818181818181818,0.0073174563982851114,0.008108934336693664,9.0703,0.116116968400351,21.0,45,67,277,301,256
NYC Seed,0.0,0.004545454545454545,0.0,6.450860072587633e-20,2.021,0.1157240960182586,10.0,250,644,931,302,52
Josh Kopelman,0.01,0.0,0.0,0.034902851115016766,0.0,0.1151793621962645,8.0,934,644,95,303,631
Gemini Israel ventures,0.0036363636363636364,0.008181818181818182,0.011952593656708043,0.009123376031130065,5.2051,0.1150933584968428,28.0,99,46,267,304,205
In-Q-Tel,0.00909090909090909,0.006363636363636364,0.013557495903571188,0.01931983705321009,4.1891,0.1150690206943104,19.0,144,39,161,305,161
Portview Communications Partners,0.0027272727272727275,0.0036363636363636364,0.0,0.00014948909774372023,2.0132,0.1147090744094593,3.0,319,644,533,306,13
Bay Partners,0.01818181818181818,0.01,0.013624834459383627,0.06854778447308281,6.6376,0.1146453258596467,34.0,70,38,31,307,237
Inventus Capital Partners,0.004545454545454545,0.0036363636363636364,0.0,1.4137878601663239e-15,2.7976,0.1146368132570887,16.0,319,644,607,308,11
XSeed Capital,0.0,0.0018181818181818182,0.0,6.450860072587633e-20,1.4084,0.1144635384978408,16.0,575,644,931,309,266
Khosla Ventures,0.016363636363636365,0.011818181818181818,0.009584521110637248,0.11163602887425653,8.4208,0.1142295044444757,109.0,45,57,18,310,265
Institutional Venture Partners,0.0027272727272727275,0.007272727272727273,0.0033949855222105,0.010231063588976025,4.5324,0.1137271248904165,15.0,119,110,252,311,192
New Atlantic Ventures,0.005454545454545455,0.004545454545454545,0.0037821822181320288,0.037529072262496216,3.4529,0.1136513687368407,28.0,250,101,79,312,62
Summerhill Venture Partners,0.0027272727272727275,0.005454545454545455,0.000347915871697605,0.005184247404592963,3.9273000000000002,0.1121666151923231,8.0,192,171,332,313,121
Scott Banister,0.0,0.0009090909090909091,0.0,6.450860072587633e-20,0.8619,0.1117638731499583,29.0,710,644,931,314,396
Walt Winshall,0.00909090909090909,0.007272727272727273,0.0,0.011725695424407896,6.2272,0.1114551308248383,7.0,119,644,236,315,196
Flybridge Capital Partners,0.01,0.00909090909090909,0.008563219680815245,0.03751411290867315,8.0094,0.1107023393323066,50.0,83,62,80,316,233
Charles River Ventures,0.006363636363636364,0.02090909090909091,0.009281497609481269,0.036828246763028344,17.991600000000002,0.1105475145375198,88.0,14,59,83,317,303
Greylock Partners,0.05909090909090909,0.02,0.03848398464680928,0.25198462537474614,15.8581,0.110227742497256,117.0,16,8,3,318,302
Tekton Ventures,0.005454545454545455,0.008181818181818182,0.0,0.0055102149685820655,4.2516,0.1098826757860031,8.0,99,644,323,319,220
Alex Karakozoff,0.0,0.0027272727272727275,0.0,6.450860072587633e-20,1.9667999999999999,0.1091348305656217,1.0,429,644,931,320,109
G-51 Capital,0.0,0.0018181818181818182,0.0,6.450860072587633e-20,1.6048,0.1088786644592164,3.0,575,644,931,321,254
Transmedia Capital,0.0,0.005454545454545455,0.0,6.450860072587633e-20,3.4836,0.1084551467721356,14.0,192,644,931,322,130
Pejman Nozad,0.0,0.005454545454545455,0.0,6.450860072587633e-20,4.462,0.1075440408946796,11.0,192,644,931,323,131
Lighthouse Capital Partners,0.0,0.0018181818181818182,0.0,6.450860072587633e-20,1.7222,0.1073872520284724,6.0,575,644,931,324,251
Norwest Venture Partners,0.02090909090909091,0.01818181818181818,0.03628425849026958,0.08612550349736277,14.2685,0.1065845052978951,67.0,21,11,25,325,304
Kalaari Capital,0.0009090909090909091,0.0018181818181818182,0.0,1.4134694075564272e-15,1.2522,0.1051956242158634,6.0,575,644,608,326,249
Chess Ventures,0.0,0.0027272727272727275,0.0,6.450860072587633e-20,1.6056,0.1050289746761297,2.0,429,644,931,327,102
Flagship Ventures,0.0036363636363636364,0.008181818181818182,0.005869677448317658,0.005962999828708638,6.2148,0.1048825719463913,33.0,99,79,311,328,229
Hummer Winblad Venture Partners,0.011818181818181818,0.023636363636363636,0.01235662499158268,0.0038604735393861192,17.9852,0.1042676932707322,43.0,8,42,361,329,321
Techstars,0.00909090909090909,0.006363636363636364,0.0015394342064899403,0.025773668200506247,4.6725,0.1039306280179313,10.0,144,136,125,330,186
Cardinal Venture Capital,0.0036363636363636364,0.007272727272727273,0.002929227177841126,0.004026477867373121,5.3755999999999995,0.1036021264389485,9.0,119,117,357,331,212
Napkn Ventures,0.0027272727272727275,0.0027272727272727275,0.0,0.007276066935461513,2.343,0.1030974090254813,1.0,429,644,294,332,97
Hillsven Capital,0.006363636363636364,0.006363636363636364,0.0,0.009573592434677265,4.766299999999999,0.1030553114024712,8.0,144,644,258,333,189
Columbia Capital,0.01,0.008181818181818182,0.010650714911000876,0.03200079587099007,5.5384,0.1029730998403117,27.0,99,52,105,334,235
Sequoia Capital,0.02181818181818182,0.025454545454545455,0.02857960539606294,0.05530336645840033,18.1318,0.1028562674843587,194.0,7,16,45,335,328
Needham Capital Partners,0.0018181818181818182,0.0027272727272727275,0.0,2.5749972893868884e-05,1.8147,0.1027164145746312,2.0,429,644,548,336,93
Spark Ventures,0.0,0.0009090909090909091,0.0,6.450860072587633e-20,0.6074,0.1021634408188316,7.0,710,644,931,337,373
Sevin Rosen Funds,0.0018181818181818182,0.0027272727272727275,0.0,0.023032324272468735,2.4816000000000003,0.1020320971879179,25.0,429,644,140,338,91
Battery Ventures,0.02909090909090909,0.008181818181818182,0.025251958429664878,0.09164482250858176,5.7023,0.1014121588400818,98.0,99,19,23,339,240
Opus Capital,0.006363636363636364,0.006363636363636364,0.0017283562658526185,0.028613665343122964,2.9642,0.1009510167178571,28.0,144,129,116,340,196
Salesforce,0.007272727272727273,0.0036363636363636364,0.0008754012255617158,0.00850267136954861,2.6561,0.1003376209700765,18.0,319,148,271,341,22
GrandBanks Capital,0.0036363636363636364,0.0027272727272727275,0.0,0.004144375949085105,1.2993000000000001,0.1003190806438516,15.0,429,644,356,342,87
Redpoint Ventures,0.011818181818181818,0.01090909090909091,0.005544207761890867,0.0821180703974311,8.4378,0.0998134958555203,103.0,56,85,27,343,287
Hearst Ventures,0.0018181818181818182,0.0,0.0,0.021527189091088774,0.0,0.0996537312276159,19.0,934,644,145,344,590
Javelin Venture Partners,0.0,0.0009090909090909091,0.0,6.450860072587633e-20,0.5796,0.0995870709123887,20.0,710,644,931,345,365
RTP Ventures,0.0018181818181818182,0.0027272727272727275,0.0,0.007756578308257691,2.0587,0.0994332110879467,5.0,429,644,286,346,83
Noro-Moseley Partners,0.004545454545454545,0.004545454545454545,0.0002918004085205719,0.027295528529086628,3.61,0.0993269819206299,10.0,250,173,122,347,97
Trinity Ventures,0.02909090909090909,0.017272727272727273,0.03406208614845907,0.12262497573955662,14.3505,0.0989909770827472,81.0,26,13,15,348,322
Google Ventures,0.016363636363636365,0.007272727272727273,0.009898767704428633,0.031377114392946916,4.3696,0.0989750036807067,93.0,119,55,110,349,230
True Ventures,0.005454545454545455,0.013636363636363636,0.0045004601467980515,0.003967629403851404,13.0082,0.0985871254740601,92.0,35,94,358,350,315
ff Venture Capital,0.007272727272727273,0.008181818181818182,0.0,0.009573592434677265,5.5668,0.0980571602290027,40.0,99,644,258,351,252
Morgenthaler Ventures,0.01,0.01,0.006183924042109044,0.012081874331753856,7.5432,0.0970318139673338,46.0,70,78,229,352,282
General Catalyst Partners,0.015454545454545455,0.02090909090909091,0.01839464882943144,0.06270257051383912,16.8362,0.0966642082406022,103.0,14,26,35,353,339
Josh James,0.0,0.0018181818181818182,0.0,6.450860072587633e-20,1.7668,0.0965429797063391,3.0,575,644,931,354,221
Sutter Hill Ventures,0.0027272727272727275,0.005454545454545455,0.0014253327646966399,0.015158463613297746,4.0504,0.0961722529461906,36.0,192,139,200,355,163
Giza Venture Capital,0.0036363636363636364,0.006363636363636364,0.006756301766514781,0.00719382973662084,3.2857000000000003,0.095921479178901,20.0,144,71,297,356,212
EPIC Ventures,0.006363636363636364,0.008181818181818182,0.005128953334380822,0.011934191894024282,6.3048,0.0958856414045233,17.0,99,89,233,357,258
Fluke Venture Partners,0.004545454545454545,0.0027272727272727275,0.001099863078269848,0.01178690599254486,2.223,0.0954956575240045,4.0,429,145,235,358,71
Lightbank,0.0009090909090909091,0.0027272727272727275,0.0,6.788756123189774e-19,2.1018,0.094678353990466,24.0,429,644,747,359,70
Valhalla Partners,0.01,0.016363636363636365,0.027878162106350027,0.055370885469642146,11.7848,0.0942284043126973,31.0,30,17,44,360,330
Sigma Partners,0.01090909090909091,0.01090909090909091,0.009275886063163565,0.06121279001028702,8.3026,0.0938292718598982,53.0,56,60,37,361,305
Azure Capital Partners,0.007272727272727273,0.0027272727272727275,6.733855581243968e-05,0.0012410619228032977,2.4072,0.093550915538176,21.0,429,185,460,362,67
Josh Coates,0.0,0.0027272727272727275,0.0,6.450860072587633e-20,2.1422999999999996,0.0929444475124466,1.0,429,644,931,363,66
SK Telecom Ventures,0.0,0.0036363636363636364,0.0,6.450860072587633e-20,2.8263999999999996,0.0927354233478621,8.0,319,644,931,364,45
TomorrowVentures,0.0018181818181818182,0.004545454545454545,0.0,0.0009505291572312749,2.6305,0.0927292220003343,23.0,250,644,472,365,115
Leapfrog Ventures,0.006363636363636364,0.0027272727272727275,0.0021885030639042895,0.004205753698443796,1.7248,0.0919318356402441,16.0,429,124,352,366,63
Fidelity Ventures,0.01,0.0036363636363636364,0.003535274180153083,0.07958439740390735,3.0776,0.0896750645477633,18.0,319,107,28,367,48
Covera Ventures,0.004545454545454545,0.004545454545454545,0.003148077484231555,0.005343181841529315,4.1054,0.0886898771988317,9.0,250,114,326,368,118
Horizon Ventures,0.0018181818181818182,0.0,0.0,0.015625024712865997,0.0,0.0882574164801063,7.0,934,644,194,369,565
Garage Technology Ventures,0.0018181818181818182,0.006363636363636364,0.0011335323561760678,0.00032382337200740296,3.638,0.0881854014714773,12.0,144,142,512,370,226
Adobe Ventures,0.0009090909090909091,0.0009090909090909091,0.0,0.0001948710128238799,0.6313,0.087835695142066,6.0,710,644,523,371,339
Outaouais Regional Solidarity Fund,0.0009090909090909091,0.0027272727272727275,0.0,6.0897409257241775e-19,1.4066999999999998,0.0870162857938288,1.0,429,644,750,372,57
Insight Venture Partners,0.0018181818181818182,0.0027272727272727275,0.0,0.02101177683252825,2.1072,0.0869965792238186,19.0,429,644,149,373,56
August Capital,0.008181818181818182,0.012727272727272728,0.004399452313079392,0.017567981889907453,10.0952,0.0868534849142371,40.0,39,96,178,374,335
RRE Ventures,0.012727272727272728,0.005454545454545455,0.0017844717290296515,0.0720738562190033,4.4756,0.0866976155226316,85.0,192,128,30,375,183
Amidzad Partners,0.0,0.0027272727272727275,0.0,6.450860072587633e-20,1.7049,0.0865565494462938,8.0,429,644,931,376,53
Warburg Pincus,0.0018181818181818182,0.0,0.0,1.1088512395972333e-18,0.0,0.0864456929612034,7.0,934,644,710,377,557
Victory Park Capital,0.004545454545454545,0.0018181818181818182,0.00048259298332248437,0.019388598858990552,1.8454,0.0856969244977509,2.0,575,163,160,378,197
Claremont Creek Ventures,0.005454545454545455,0.004545454545454545,0.0,0.00046313964396056385,2.9514,0.0854593262102152,22.0,250,644,491,379,129
Bend Venture Conference,0.0,0.0009090909090909091,0.0,6.450860072587633e-20,0.4512,0.0854236781920143,1.0,710,644,931,380,330
New Enterprise Associates,0.03090909090909091,0.017272727272727273,0.021598841776840027,0.22184906083334333,16.0715,0.0853848076355623,172.0,26,20,5,381,355
Storm Ventures,0.006363636363636364,0.012727272727272728,0.009584521110637248,0.0056742552401049424,9.3681,0.085100020315762,34.0,39,57,322,382,343
Teldat Group,0.0,0.0027272727272727275,0.0,6.450860072587633e-20,1.8417,0.0850810253859589,1.0,429,644,931,383,46
500 Startups,0.02181818181818182,0.01818181818181818,0.01624916762062954,0.05887869618896347,14.8902,0.0847376905463175,103.0,21,31,41,384,363
Greycroft Partners,0.022727272727272728,0.017272727272727273,0.021525891674709884,0.05498365832390091,13.5792,0.0843897285530736,73.0,26,21,46,385,359
Authosis Ventures,0.0018181818181818182,0.0036363636363636364,0.0,0.0009295916794159919,1.2048,0.0843480437920887,1.0,319,644,473,386,67
Western Technology Investment,0.006363636363636364,0.0,0.0,0.005800544624287245,0.0,0.0840330713998669,27.0,934,644,318,387,547
Calumet Venture Fund,0.0018181818181818182,0.0009090909090909091,0.0,1.8917018145661786e-18,0.7868,0.0840251245541049,1.0,710,644,699,388,322
Bill Watkins,0.0,0.0018181818181818182,0.0,6.450860072587633e-20,1.5736,0.0840251245541049,1.0,575,644,931,388,187
Neoteny,0.0,0.0018181818181818182,0.0,6.450860072587633e-20,1.2974,0.0835258241448569,1.0,575,644,931,390,185
CID Group,0.0018181818181818182,0.0027272727272727275,0.0,0.0001924246365042471,2.3895,0.0833641438753309,5.0,429,644,524,391,38
Harbinger Ventures,0.0036363636363636364,0.008181818181818182,0.0,0.003519922057954011,6.2964,0.0832739766459901,6.0,99,644,373,392,293
Sunstone Capital,0.0,0.0018181818181818182,0.0,6.450860072587633e-20,0.9792,0.0827546517531415,16.0,575,644,931,393,182
Foundation Capital,0.01090909090909091,0.011818181818181818,0.014836928464007542,0.046048061073580344,8.9,0.0820220408764052,57.0,45,33,59,394,349
KPG Ventures,0.0,0.0009090909090909091,0.0,6.450860072587633e-20,0.5796,0.0816396689222713,9.0,710,644,931,395,315
Caja Navarra,0.0,0.0027272727272727275,0.0,6.450860072587633e-20,2.3718,0.0809222522984453,1.0,429,644,931,396,33
SmartForest Ventures,0.0027272727272727275,0.004545454545454545,0.0,0.007504601885178548,2.1374,0.0806657616945794,5.0,250,644,289,397,147
Austin Ventures,0.006363636363636364,0.015454545454545455,0.01695809297209939,0.04620405606931507,12.6526,0.0806457476763933,68.0,33,28,58,398,365
Incubic Venture Fund,0.0018181818181818182,0.0,0.0,6.013758391775401e-18,0.0,0.0802604494991991,2.0,934,644,666,399,535
Highland Capital Partners,0.00909090909090909,0.008181818181818182,0.006217593320015264,0.02801940144984095,4.781,0.0800847770409149,95.0,99,77,120,400,301
CrunchFund,0.0036363636363636364,0.004545454545454545,0.0,0.00744179962271924,2.6305,0.0797536991960272,59.0,250,644,292,401,151
Keynote Ventures,0.0,0.0009090909090909091,0.0,6.450860072587633e-20,0.7307,0.078857107838335,8.0,710,644,931,402,308
The Trisiras Group,0.0,0.0027272727272727275,0.0,6.450860072587633e-20,2.016,0.0782146212849395,2.0,429,644,931,403,26
Stanford University,0.0,0.0027272727272727275,0.0,6.450860072587633e-20,2.4252000000000002,0.0776827534733281,12.0,429,644,931,404,25
Ignition Partners,0.023636363636363636,0.01,0.006543063006442055,0.16518615987429883,9.9094,0.0774640239674743,68.0,70,73,9,405,335
WRF Capital,0.0027272727272727275,0.0027272727272727275,0.0,0.02776208231575689,1.9722,0.0773741582232745,15.0,429,644,121,406,23
Andy Liu,0.0,0.007272727272727273,0.0,6.450860072587633e-20,4.505,0.0773213999187891,4.0,119,644,931,407,288
DCM,0.0027272727272727275,0.0036363636363636364,0.0,0.007504601885178548,1.5655999999999999,0.0769494376521202,49.0,319,644,289,408,89
Highway 12 Ventures,0.015454545454545455,0.01090909090909091,0.012117199015360673,0.03440091058318195,6.2856,0.0768970851062105,15.0,56,44,98,409,353
3TS Capital Partners,0.0018181818181818182,0.0027272727272727275,0.0,0.0027582771960386002,2.1459,0.0768846748078083,3.0,429,644,402,410,19
High Country Venture,0.014545454545454545,0.01,0.004133839120708103,0.019762685126001375,8.4589,0.0765745345836367,12.0,70,97,157,411,341
Sand Hill Angels,0.0018181818181818182,0.0036363636363636364,0.0,3.4163931155352034e-05,2.4356,0.0763461417419191,15.0,319,644,547,412,93
Joe Proto,0.0,0.0018181818181818182,0.0,6.450860072587633e-20,0.8354,0.0762394463942747,1.0,575,644,931,413,162
Altos Ventures,0.0018181818181818182,0.0036363636363636364,0.0,0.00044986185826798974,1.7905,0.0760923186056073,19.0,319,644,493,414,95
Novak Biddle Venture Partners,0.005454545454545455,0.006363636363636364,8.97847410832529e-05,0.04430915670270621,5.7276,0.0758566506082902,29.0,144,184,62,415,271
North Bridge Venture Partners,0.02,0.02181818181818182,0.03653677807456623,0.0849013667010239,19.6314,0.0756424027032105,67.0,12,9,26,416,404
Jubilee Investments,0.0,0.004545454545454545,0.0,6.450860072587633e-20,3.1929999999999996,0.0754242582217185,3.0,250,644,931,417,167
Smac Partners,0.0,0.0036363636363636364,0.0,6.450860072587633e-20,2.8848,0.0753939838297605,4.0,319,644,931,418,99
Venrock,0.017272727272727273,0.01090909090909091,0.018574218311597945,0.06170458592272721,8.0085,0.0753322965943565,80.0,56,25,36,419,363
Mayfield Fund,0.013636363636363636,0.00909090909090909,0.007250117842472672,0.09056907506737526,7.0649999999999995,0.0751853161832612,79.0,83,68,24,420,337
Centerpoint Ventures,0.0009090909090909091,0.0018181818181818182,0.0,5.318018155264099e-16,1.3006,0.0744247948923162,7.0,575,644,624,421,154
Masthead Venture Partners,0.0027272727272727275,0.0018181818181818182,0.0,0.0003642339201407379,0.7312,0.0733248870703632,12.0,575,644,500,422,153
TDF Fund (Telecommunications Development Fund),0.004545454545454545,0.004545454545454545,0.0031761352158200715,0.01499203908765786,3.1929999999999996,0.0732625787299921,9.0,250,113,201,423,173
Geoff Entress,0.0,0.0018181818181818182,0.0,6.450860072587633e-20,1.238,0.0728836581522698,9.0,575,644,931,424,151
PacRim Venture Partners,0.0,0.0018181818181818182,0.0,6.450860072587633e-20,1.0316,0.0721010102739526,3.0,575,644,931,425,150
TeleSoft Partners,0.008181818181818182,0.005454545454545455,0.002199726156539696,0.013629235659810673,3.8538,0.0716330236707,6.0,192,123,220,426,234
High Peaks Venture Partners,0.0036363636363636364,0.011818181818181818,0.007912280307961662,0.023590572575975577,6.8513,0.0715499391762603,21.0,45,65,136,427,382
Atlas Venture,0.006363636363636364,0.008181818181818182,0.012884110345446792,0.02996195462898505,5.4153,0.0713263478573031,87.0,99,41,114,428,329
Siemens Venture Capital,0.0009090909090909091,0.0018181818181818182,0.0,0.0014464025163990763,1.3134,0.0707816432334955,14.0,575,644,450,429,146
California Technology Ventures,0.0018181818181818182,0.0036363636363636364,0.0,1.6654286733536896e-13,2.542,0.0701300356006763,5.0,319,644,591,430,111
CMEA Capital,0.0036363636363636364,0.0027272727272727275,0.0004377006127808579,0.01873531390714789,1.8184,0.0699471669796447,22.0,429,166,165,431,2
Metamorphic Ventures,0.0009090909090909091,0.0009090909090909091,0.0,0.0015475879386040465,0.699,0.0689322531063523,23.0,710,644,446,432,278
Emergence Capital Partners,0.006363636363636364,0.00909090909090909,0.0038944131444860947,0.03956686653083146,6.9886,0.0679813458829169,30.0,83,98,74,433,350
Doughty Hanson Technology Ventures,0.0009090909090909091,0.0009090909090909091,0.0,1.3759590173686538e-15,0.7398,0.0679383248355966,10.0,710,644,609,434,276
Jarl Mohn,0.008181818181818182,0.006363636363636364,0.0016385715247693655,0.012817552132301815,4.766299999999999,0.0678537215410966,9.0,144,132,225,435,291
Triangle Peak Partners,0.02181818181818182,0.0036363636363636364,0.001537563691050706,0.0236035567263346,2.1044,0.0676622539850364,6.0,319,137,135,436,117
Russell Siegelman,0.0,0.0009090909090909091,0.0,6.450860072587633e-20,0.5796,0.0672328191953867,4.0,710,644,931,437,273
Matrix Partners,0.02090909090909091,0.01,0.004646360351058337,0.06822345114263452,11.0902,0.0671461720546126,89.0,70,92,32,438,368
Inflection Point Ventures,0.0027272727272727275,0.0036363636363636364,0.0,0.00014168379844365064,1.65,0.0670993715467688,3.0,319,644,537,439,120
Forerunner Ventures,0.0027272727272727275,0.0027272727272727275,0.0,0.01026110596872164,1.6758,0.0670546206419209,14.0,429,644,249,440,11
Warner Music Group,0.0,0.0018181818181818182,0.0,6.450860072587633e-20,1.2198,0.0668947404986236,1.0,575,644,931,441,134
Massachusetts Technology Development Corporation,0.0009090909090909091,0.0,0.0,8.821938200867945e-19,0.0,0.0664704044283483,7.0,934,644,724,442,492
Carmel Ventures,0.006363636363636364,0.01090909090909091,0.01199748602724967,0.02489472225079027,7.2879000000000005,0.0658721008238939,36.0,56,45,130,443,387
Nexus Venture Partners,0.005454545454545455,0.0036363636363636364,0.0001907925748019124,0.019093942682165892,3.1086,0.0648350579549809,32.0,319,181,163,444,125
Simon Equity Partners,0.0009090909090909091,0.0018181818181818182,0.0,2.7866587175926883e-16,1.1842,0.0642848254593463,2.0,575,644,638,445,130
Draper Fisher Jurvetson (DFJ),0.014545454545454545,0.016363636363636365,0.018697672330587417,0.03236380451938067,12.1174,0.0642260389148949,156.0,30,24,102,446,416
WI Harper Group,0.0018181818181818182,0.0,0.0,0.000249001215525106,0.0,0.0641633599865253,18.0,934,644,517,447,487
Oregon Angel Fund,0.0,0.0009090909090909091,0.0,6.450860072587633e-20,0.4512,0.0639399379665441,8.0,710,644,931,448,262
BRM Capital,0.006363636363636364,0.0018181818181818182,0.0,0.0006288722371763103,1.236,0.0637935510387236,10.0,575,644,483,449,126
Adams Capital Management,0.0,0.0018181818181818182,0.0,6.450860072587633e-20,1.1069,0.0634068627602013,12.0,575,644,931,450,125
Bezos Expeditions,0.016363636363636365,0.0027272727272727275,0.0004601467980516711,0.03194336144901024,1.8432,0.0633993769668898,17.0,429,164,107,451,22
Startup Capital Ventures,0.0,0.0009090909090909091,0.0,6.450860072587633e-20,0.2059,0.0631163278016809,5.0,710,644,931,452,258
Bahrain Middle East Bank,0.0036363636363636364,0.0036363636363636364,0.0,2.1155329549598306e-10,3.0228,0.0629076164293239,1.0,319,644,571,453,134
BlueRun Ventures,0.0036363636363636364,0.0027272727272727275,0.0002693542232497587,0.0052472739105709956,1.7021,0.0627503199550877,37.0,429,175,331,454,25
Silverton Partners,0.0027272727272727275,0.0036363636363636364,0.00021323876007272566,0.01568024274376711,2.5547,0.0624411062045056,12.0,319,179,189,455,136
Bill Tai,0.0,0.0027272727272727275,0.0,6.450860072587633e-20,1.4973,0.0622585203017536,7.0,429,644,931,456,27
The Hit Forge,0.0,0.0018181818181818182,0.0,6.450860072587633e-20,1.4626,0.0622042227921827,4.0,575,644,931,457,118
AccÃ¨s Capital,0.0,0.0036363636363636364,0.0,6.450860072587633e-20,1.5684,0.061708323598668,1.0,319,644,931,459,140
Patrick O'Leary,0.0,0.0036363636363636364,0.0,6.450860072587633e-20,1.5684,0.061708323598668,1.0,319,644,931,459,140
Jean LaViGeur,0.0,0.0036363636363636364,0.0,6.450860072587633e-20,1.5684,0.061708323598668,1.0,319,644,931,459,140
Louis Tetu,0.004545454545454545,0.0027272727272727275,0.0,4.7623160737854895e-07,1.1763,0.061708323598668,1.0,429,644,558,459,30
Webb Investment Network,0.012727272727272728,0.005454545454545455,0.006644070840160715,0.03656480961876802,4.5426,0.0616406299566033,35.0,192,72,84,462,270
Raymond Tonsing,0.0,0.0036363636363636364,0.0,6.450860072587633e-20,3.306,0.061564386188368,17.0,319,644,931,463,144
Translink Capital,0.0036363636363636364,0.0,0.0,0.004753437569633062,0.0,0.0615420929460034,7.0,934,644,341,464,470
El Dorado Ventures,0.004545454545454545,0.005454545454545455,0.0034118201611636105,0.014512352971331572,4.7115,0.0615194073834752,17.0,192,109,206,465,273
Ascend Venture Group,0.004545454545454545,0.0018181818181818182,0.0,0.0010124546648525477,1.2856,0.0608589416435561,10.0,575,644,467,466,109
US Venture Partners,0.008181818181818182,0.004545454545454545,0.0016273484321339589,0.058929834094684365,3.3468,0.0605854169538425,77.0,250,133,40,467,217
Tom Meredith,0.0,0.0009090909090909091,0.0,6.450860072587633e-20,0.7088,0.0595168379911814,3.0,710,644,931,468,242
VenGrowth Capital Partners,0.0009090909090909091,0.0,0.0,2.3066471860434015e-08,0.0,0.0591946140331606,4.0,934,644,561,469,465
OVP Venture Partners,0.0036363636363636364,0.005454545454545455,0.00021323876007272566,0.00010776745313921396,3.1948,0.0586660973668797,29.0,192,179,544,470,278
BOLDstart Ventures,0.0,0.004545454545454545,0.0,6.450860072587633e-20,2.021,0.0577588066075575,6.0,250,644,931,471,221
3i Group,0.0009090909090909091,0.0009090909090909091,0.0,1.3759590173686538e-15,0.7398,0.0575457460814607,26.0,710,644,609,472,238
"Mesco, ltd",0.0,0.0027272727272727275,0.0,6.450860072587633e-20,2.1126,0.05745801651287,2.0,429,644,931,473,44
Genesis Partners,0.0036363636363636364,0.005454545454545455,0.0007182779286660232,0.000561683640935593,3.9067,0.0573852476365364,23.0,192,154,486,474,282
GGV Capital,0.016363636363636365,0.0,0.0,0.03194336144901024,0.0,0.0570334531572109,10.0,934,644,107,475,459
Outcome Capital,0.0009090909090909091,0.0018181818181818182,0.0,3.554721538146585e-15,1.668,0.0569904520623176,5.0,575,644,599,476,99
Alloy Ventures,0.0018181818181818182,0.0018181818181818182,0.0,0.018274523994157656,1.4458,0.0563507124316552,27.0,575,644,172,477,98
Bullpen Capital,0.0018181818181818182,0.0,0.0,0.00038829345083446915,0.0,0.0560408376949145,16.0,934,644,497,478,456
Windcrest Partners,0.0009090909090909091,0.0018181818181818182,0.0,6.916483152627009e-19,1.2308,0.0560064129967025,6.0,575,644,745,479,96
Polaris Partners,0.014545454545454545,0.01,0.014410450943862091,0.02177528087004055,7.1118,0.0559263797901,91.0,70,35,143,480,410
IAC,0.0018181818181818182,0.0,0.0,0.021527189091088774,0.0,0.0558346105667445,6.0,934,644,145,481,453
Stata Venture Partners,0.0009090909090909091,0.0,0.0,0.02112235248848198,0.0,0.055679903941706,12.0,934,644,148,482,452
Palomar Ventures,0.0027272727272727275,0.0,0.0,0.004345472736243003,0.0,0.055613432436467,17.0,934,644,349,483,451
Cisco,0.01090909090909091,0.0036363636363636364,0.005712554151421966,0.04796281604767178,1.39,0.0554137666367703,26.0,319,81,56,484,165
Cava Capital,0.0018181818181818182,0.0018181818181818182,0.0,0.0031699944727333305,1.0334,0.0553720898792805,4.0,575,644,389,485,90
Pequot Capital,0.0009090909090909091,0.0036363636363636364,0.0,0.017996634713861044,2.8028,0.0553074811720305,10.0,319,644,176,486,167
Crosspoint Venture Partners,0.0,0.0018181818181818182,0.0,6.450860072587633e-20,1.2856,0.054207757023995,3.0,575,644,931,487,88
GrowthWorks Capital,0.0009090909090909091,0.0027272727272727275,0.0,3.043371134928612e-17,1.2234,0.0534921511697641,18.0,429,644,657,488,59
Allegis Capital,0.0009090909090909091,0.007272727272727273,0.0,0.0001250779889058073,3.8437,0.0528024315079179,19.0,119,644,539,489,370
Freestyle Capital,0.0036363636363636364,0.0036363636363636364,0.0,0.014479293443036537,2.6116,0.0527520409965412,23.0,319,644,208,490,171
CommonAngels,0.0018181818181818182,0.006363636363636364,0.0,0.0004190447892990496,3.5338000000000003,0.0523315556600035,20.0,144,644,495,491,347
Jafco Ventures,0.006363636363636364,0.0,0.0,0.04318728454059998,0.0,0.0522283319421536,23.0,934,644,68,492,442
Walden Venture Capital,0.0009090909090909091,0.0009090909090909091,0.0,0.0031042683470331707,0.7778,0.0522108644580419,13.0,710,644,390,493,217
Bain Capital Ventures,0.00909090909090909,0.0027272727272727275,0.01126798500594824,0.0346806075273566,1.9012000000000002,0.0518442996191392,51.0,429,50,97,494,65
Qualcomm Ventures,0.012727272727272728,0.008181818181818182,0.005622769410338713,0.014680375598826569,4.5423,0.0515964348940272,34.0,99,82,204,495,396
Compass,0.0009090909090909091,0.0009090909090909091,0.0,1.1268241748597682e-15,0.7206,0.0515905464156449,1.0,710,644,613,496,214
Boston Seed Capital,0.0,0.004545454545454545,0.0,6.450860072587633e-20,2.8605,0.0511072683704688,6.0,250,644,931,497,247
Rock Maple Ventures,0.0018181818181818182,0.0036363636363636364,0.0,0.0004190447892990496,2.3548,0.0510703600731373,2.0,319,644,495,498,179
Open Ocean,0.0018181818181818182,0.0036363636363636364,0.0,1.6654286733536896e-13,2.542,0.0500928825719116,7.0,319,644,591,499,180
Advanced Technology Ventures,0.0036363636363636364,0.0027272727272727275,0.0,0.035879928951792386,1.3794,0.0491978848734665,33.0,429,644,90,500,71
Newbury Ventures,0.0027272727272727275,0.0036363636363636364,0.0,0.0034202601772364873,2.8868,0.0490413249693179,11.0,319,644,377,501,182
Troika Dialog,0.0027272727272727275,0.0018181818181818182,0.0,3.2069460712092223e-17,0.6572,0.0483933929015864,1.0,575,644,655,502,73
Globespan Capital Partners,0.019090909090909092,0.0036363636363636364,0.014028865794258267,0.013946515229092646,2.464,0.0480763975256601,40.0,319,37,216,503,184
Divergent Ventures,0.0018181818181818182,0.004545454545454545,0.0,0.0005360475250026022,3.0695,0.0480074849512041,10.0,250,644,487,504,254
ONSET Ventures,0.0036363636363636364,0.0009090909090909091,0.0,0.0004583841763414175,0.5158,0.0477255068164095,22.0,710,644,492,505,205
Tugboat Ventures,0.0,0.0018181818181818182,0.0,6.450860072587633e-20,1.243,0.0476648507616234,14.0,575,644,931,506,69
Rustic Canyon Partners,0.0018181818181818182,0.0027272727272727275,0.0,0.007605019379679204,1.2513,0.0474929842760371,25.0,429,644,288,507,78
Convergence Partners,0.0018181818181818182,0.0027272727272727275,0.0,0.00011090902057787516,2.1336000000000004,0.0472857462913341,1.0,429,644,542,508,79
San Francisco Equity Partners,0.0018181818181818182,0.0027272727272727275,0.0,0.00011090902057787516,2.1336000000000004,0.0472857462913341,1.0,429,644,542,508,79
Anthem Venture Partners,0.0,0.004545454545454545,0.0,6.450860072587633e-20,2.6305,0.0471859303971214,18.0,250,644,931,510,260
MK Capital,0.006363636363636364,0.0,0.0,0.12071737134546918,0.0,0.0470038785651172,15.0,934,644,16,511,423
Lucas Carne,0.0,0.0018181818181818182,0.0,6.450860072587633e-20,1.748,0.0469990335584762,1.0,575,644,931,513,62
Jose Manuel Villanueva,0.0,0.0018181818181818182,0.0,6.450860072587633e-20,1.748,0.0469990335584762,1.0,575,644,931,513,62
Joaquin Engel,0.0,0.0018181818181818182,0.0,6.450860072587633e-20,1.748,0.0469990335584762,1.0,575,644,931,513,62
Larry Augustin,0.0009090909090909091,0.0027272727272727275,0.0,0.00035804267115225816,1.6965,0.0465857437324648,2.0,429,644,502,515,86
Earlybird Venture Capital,0.0009090909090909091,0.0,0.0,0.001853030435324327,0.0,0.046583952233535,22.0,934,644,430,516,418
Origin Ventures,0.0036363636363636364,0.004545454545454545,0.0,0.015787459119474018,3.7213,0.0465374909713242,9.0,250,644,188,517,267
Angel Investors LP,0.0,0.0036363636363636364,0.0,6.450860072587633e-20,2.6792,0.0460937510619395,9.0,319,644,931,518,199
Menlo Ventures,0.02,0.0036363636363636364,0.0015824560615923325,0.04944894258418495,2.8632,0.0459088062475431,90.0,319,134,52,519,200
Goldman Sachs,0.007272727272727273,0.0018181818181818182,0.005723777244057373,0.0349647535347246,1.4746,0.0458160880172176,36.0,575,80,92,520,55
InterSouth Partners,0.007272727272727273,0.008181818181818182,0.011683239433458285,0.01728365806202522,6.8835999999999995,0.045436891337635,32.0,99,47,181,521,422
iNovia Capital,0.0036363636363636364,0.0009090909090909091,0.0,0.003288277456659746,0.491,0.0453955970053186,43.0,710,644,388,522,188
Intel Capital,0.057272727272727274,0.022727272727272728,0.08132814078247402,0.1747165763286974,17.552599999999998,0.0453140726937191,167.0,10,2,7,523,513
eBay,0.0018181818181818182,0.0,0.0,0.00038064190859263714,0.0,0.0450807946316219,2.0,934,644,499,524,410
TD Capital,0.0009090909090909091,0.0027272727272727275,0.0,0.0007315895543501244,2.2135000000000002,0.0444192464603316,8.0,429,644,482,525,96
Runa Capital,0.0036363636363636364,0.0036363636363636364,0.0,0.0054203500224960285,2.1852,0.0443312443115237,17.0,319,644,325,526,207
Vento Security Holdings,0.0,0.0027272727272727275,0.0,6.450860072587633e-20,1.5834000000000001,0.0440874935698113,1.0,429,644,931,527,98
Syncarpha Capital,0.0,0.0027272727272727275,0.0,6.450860072587633e-20,1.5834000000000001,0.0440874935698113,1.0,429,644,931,527,98
Appian Ventures,0.0027272727272727275,0.006363636363636364,0.0,2.334307173606388e-13,3.3021000000000003,0.0433717265237417,9.0,144,644,587,529,385
Adams Street Partners,0.004545454545454545,0.0018181818181818182,0.0,0.03493024921697985,1.132,0.0429987752015666,19.0,575,644,93,530,45
IDG Ventures,0.00909090909090909,0.008181818181818182,0.007160333101389419,0.05361379598249566,5.3833,0.0429341439059274,33.0,99,69,47,531,432
Neotec Capital Riesgo,0.0018181818181818182,0.0018181818181818182,0.0,7.118482986245589e-16,1.2278,0.0425405126929794,2.0,575,644,618,532,43
Li Ka-shing,0.0027272727272727275,0.0,0.0,0.0053046769350835014,0.0,0.0424583841188401,4.0,934,644,327,533,401
John Dean,0.0018181818181818182,0.0036363636363636364,0.0,0.0009295916794159919,1.2048,0.0421740218960443,2.0,319,644,473,534,215
Auriga Partners,0.0009090909090909091,0.0018181818181818182,0.0,4.886594438613107e-16,1.1008,0.0421440420665267,18.0,575,644,628,535,40
Mohr Davidow Ventures,0.008181818181818182,0.0027272727272727275,0.0017059100805818053,0.04245578405053819,2.3198,0.0415867520980155,58.0,429,131,69,536,107
Alexis Ohanian,0.0,0.0027272727272727275,0.0,6.450860072587633e-20,0.9858,0.0414312979462897,34.0,429,644,931,537,108
Trident Capital,0.007272727272727273,0.0027272727272727275,0.00023568494534353886,0.01586736989221326,2.2954,0.0409535445850306,39.0,429,176,187,538,109
DFJ Frontier,0.0009090909090909091,0.0018181818181818182,0.0,1.4745253424896574e-15,1.493,0.0406711982516549,22.0,575,644,605,539,36
CorporacciÃÂ³nCan - Grupo Corporativo Empresarial Caja Navara,0.0,0.0027272727272727275,0.0,6.450860072587633e-20,2.3718,0.0404611261492226,2.0,429,644,931,540,111
Kepha Partners,0.0009090909090909091,0.0009090909090909091,0.0,0.009369898949832343,1.3725,0.0402211060948094,6.0,710,644,263,541,169
vSpring Capital,0.005454545454545455,0.004545454545454545,0.003625058921236336,0.004377513841446898,3.489,0.0399516946131032,22.0,250,103,348,542,292
Mission Ventures,0.008181818181818182,0.01,0.011324100469125272,0.01974670166659859,7.4799,0.0398916085705343,24.0,70,48,158,543,473
Balderton Capital,0.0036363636363636364,0.0,0.0,0.013243347830829628,0.0,0.039888539112802,39.0,934,644,223,544,390
BayTech Venture Capital,0.0,0.0018181818181818182,0.0,6.450860072587633e-20,0.8526,0.0397407537823368,12.0,575,644,931,545,30
Wavepoint Ventures,0.0,0.0018181818181818182,0.0,6.450860072587633e-20,1.617,0.0392972990241867,3.0,575,644,931,546,29
Blumberg Capital,0.0027272727272727275,0.0036363636363636364,0.00040403133487463806,0.01462584901744188,2.4256,0.0391684314306972,29.0,319,169,205,547,228
Voyager Capital,0.0,0.0009090909090909091,0.0,6.450860072587633e-20,0.4512,0.03819615253404,18.0,710,644,931,548,162
Maveron,0.0027272727272727275,0.0036363636363636364,0.0,0.01337626282317547,2.2884,0.0381185412356269,31.0,319,644,222,549,230
SoftBank Capital,0.01090909090909091,0.0036363636363636364,0.002704765325132994,0.01759228708016648,2.4256,0.0379268297417279,56.0,319,120,177,550,231
OMERS Ventures,0.0009090909090909091,0.004545454545454545,0.0,0.003038906984943139,3.699,0.0378820067978568,8.0,250,644,394,551,301
InterWest Partners,0.008181818181818182,0.004545454545454545,0.013490157347758748,0.03539889474271166,3.3027,0.0372114220629894,60.0,250,40,91,552,302
Steamboat Ventures,0.007272727272727273,0.0009090909090909091,0.0006846086507598034,0.003925680554973567,0.779,0.0369067838873335,27.0,710,156,360,553,157
Ontario Centres of Excellence,0.0,0.0018181818181818182,0.0,6.450860072587633e-20,1.131,0.0364125178048838,2.0,575,644,931,554,21
Subrah Iyar,0.0,0.0027272727272727275,0.0,6.450860072587633e-20,1.4973,0.0354988340219267,1.0,429,644,931,555,126
Michael Everett,0.0,0.0027272727272727275,0.0,6.450860072587633e-20,1.4973,0.0354988340219267,1.0,429,644,931,555,126
Capital Midwest Fund,0.0027272727272727275,0.005454545454545455,0.0,7.080794921915637e-12,3.594,0.0354841644459935,1.0,192,644,578,557,365
Canaan Partners,0.01,0.00909090909090909,0.006947094341316694,0.030304181365847775,5.9628,0.0354179790834508,79.0,83,70,112,558,475
Wellington Partners,0.0009090909090909091,0.0,0.0,1.0093402721174969e-18,0.0,0.0352901733559034,36.0,934,644,714,559,375
Zone Ventures,0.0009090909090909091,0.0036363636363636364,0.0,0.00023355919098185285,2.3684,0.0352618978329061,3.0,319,644,519,560,241
Finnish Industry Investment,0.0018181818181818182,0.0036363636363636364,0.0,1.6654286733536896e-13,2.542,0.0350650178003381,10.0,319,644,591,561,242
Lehman Brothers,0.0027272727272727275,0.0,0.0,0.03114584525064096,0.0,0.0346407335063195,16.0,934,644,111,562,372
GRA Venture Fund,0.0009090909090909091,0.0036363636363636364,0.0,1.1057929883103463e-15,2.8752,0.0344358695457448,3.0,319,644,615,563,244
Octopus,0.005454545454545455,0.005454545454545455,0.0,3.047718917351348e-10,3.5556,0.0335678037608341,29.0,192,644,565,564,372
Rho Capital Partners,0.0018181818181818182,0.0027272727272727275,0.0,0.00012099640278306399,2.1369000000000002,0.0335200103411528,33.0,429,644,540,565,136
Upfront Ventures,0.0036363636363636364,0.005454545454545455,0.0005611546317703306,0.014479293443036537,4.3338,0.0332425049918003,31.0,192,159,208,566,374
Thomvest Ventures,0.0036363636363636364,0.0018181818181818182,0.0,0.0002716402721272771,1.1432,0.0331450353264395,14.0,575,644,513,567,8
Granite Ventures,0.0027272727272727275,0.005454545454545455,0.0,0.0027676472190034137,3.5300000000000002,0.0329451418530417,32.0,192,644,401,568,376
VentureTech Alliance,0.0,0.0027272727272727275,0.0,6.450860072587633e-20,2.1422999999999996,0.0327535846001841,6.0,429,644,931,569,140
Pitango Venture Capital,0.0009090909090909091,0.0018181818181818182,0.0,0.0013632880025209852,0.982,0.0325577423544161,35.0,575,644,454,570,5
Alliance of Angels,0.0,0.0009090909090909091,0.0,6.450860072587633e-20,0.4512,0.0324100741894288,23.0,710,644,931,571,139
Asset Management Company,0.0018181818181818182,0.0,0.0,0.002344252833784493,0.0,0.0322945330034421,9.0,934,644,412,572,362
Amplifier Venture Partners,0.0,0.0036363636363636364,0.0,6.450860072587633e-20,2.5904,0.0321028816126698,3.0,319,644,931,573,254
Pelion Venture Partners,0.011818181818181818,0.0018181818181818182,0.0034903818096114567,0.04226028093565989,1.2278,0.0319061185172582,15.0,575,108,70,574,1
Nth Power,0.0009090909090909091,0.0,0.0,0.005025963687299418,0.0,0.031876428607909,9.0,934,644,336,575,359
Longworth Venture Partners,0.01090909090909091,0.0,0.0,0.012065845140655385,0.0,0.031462522083216,25.0,934,644,230,576,358
Industrial and Financial Investments Company,0.0,0.004545454545454545,0.0,6.450860072587633e-20,3.7785,0.0314538082146619,2.0,250,644,931,577,327
Promus Ventures,0.0,0.004545454545454545,0.0,6.450860072587633e-20,2.6305,0.0311178325745876,15.0,250,644,931,578,328
Southern Capitol Ventures,0.0009090909090909091,0.0018181818181818182,0.0,0.002565989620618284,1.5636,0.030519892412,5.0,575,644,406,579,4
IDG Capital Partners,0.0009090909090909091,0.0009090909090909091,0.0,6.885131972674232e-19,0.5374,0.030372373637237,10.0,710,644,746,580,130
Kinetic Ventures,0.0,0.0009090909090909091,0.0,6.450860072587633e-20,0.7176,0.0303099100361076,5.0,710,644,931,581,129
Mercury Fund,0.0,0.0009090909090909091,0.0,6.450860072587633e-20,0.7088,0.0302879790686777,19.0,710,644,931,582,128
Innovatech,0.0,0.0036363636363636364,0.0,6.450860072587633e-20,1.8756,0.0302863800995718,4.0,319,644,931,583,264
Dace Ventures,0.0036363636363636364,0.0,0.0,0.009494897217857897,0.0,0.0300393915748865,8.0,934,644,262,584,350
Lead Edge Capital,0.0027272727272727275,0.0,0.0,0.019970902682216646,0.0,0.0296791714159588,5.0,934,644,154,585,349
Scottish Equity Partners,0.0018181818181818182,0.0,0.0,1.6845020912570286e-16,0.0,0.0295359777098264,30.0,934,644,642,586,348
Wakefield Group,0.0018181818181818182,0.0,0.0,0.012198969575636326,0.0,0.0287116827037368,5.0,934,644,228,587,347
Core Capital Partners,0.0018181818181818182,0.0018181818181818182,0.0,0.0073236453786057676,1.6558,0.028654358348366,16.0,575,644,293,588,13
BDC Venture Capital,0.01,0.0027272727272727275,0.0,4.990328732924838e-07,1.3947,0.0286531433444663,53.0,429,644,557,589,160
Genevest Consulting Group,0.0,0.0036363636363636364,0.0,6.450860072587633e-20,1.5452,0.0285611580877964,2.0,319,644,931,590,271
Comcast Ventures,0.011818181818181818,0.005454545454545455,0.005241184260734888,0.018536026644953706,2.9238,0.0285275816755372,24.0,192,87,166,591,399
Kodiak Venture Partners,0.0018181818181818182,0.004545454545454545,0.000751947206572243,2.5749972893868884e-05,3.3026999999999997,0.0284528734281197,18.0,250,151,548,592,342
ATA Ventures,0.006363636363636364,0.0036363636363636364,0.0005667661780880339,0.0038097191836636867,3.4793000000000003,0.0284175880856074,26.0,319,158,362,593,274
Glynn Capital Management,0.0018181818181818182,0.0,0.0,0.010231063588976025,0.0,0.0281035550718995,3.0,934,644,252,594,340
Crosslink Capital,0.01090909090909091,0.0036363636363636364,0.0025364189356018945,0.025560926535359765,2.9126,0.0280325913878897,38.0,319,121,129,595,276
Stuart Larkins,0.0,0.0018181818181818182,0.0,6.450860072587633e-20,1.5736,0.0280083748513683,3.0,575,644,931,596,21
Galileo Partners,0.0009090909090909091,0.004545454545454545,0.0,5.04852201590275e-16,3.1599,0.027440563403672,7.0,250,644,626,597,347
Benaroya Capital,0.0018181818181818182,0.0009090909090909091,0.0,1.6810683314760472e-18,0.6961,0.0273475168856738,6.0,710,644,700,598,112
Vertex Venture Capital,0.004545454545454545,0.004545454545454545,0.00212116450809185,0.0019513430042395637,2.811,0.0272060778150628,23.0,250,126,423,599,349
Maryland Department of Business and Economic Development,0.0027272727272727275,0.007272727272727273,0.0010774168929990348,0.0013457574761108245,4.0053,0.0271224892444611,5.0,119,146,456,600,481
Greener Capital,0.0,0.0027272727272727275,0.0,6.450860072587633e-20,1.8327,0.0264625924113828,1.0,429,644,931,601,172
Boulder Ventures,0.0027272727272727275,0.0027272727272727275,0.0,0.0013457574761108245,1.9427999999999999,0.0259859817472276,10.0,429,644,456,602,173
Big Bang Ventures,0.0,0.0018181818181818182,0.0,6.450860072587633e-20,1.6274,0.0259422438270308,6.0,575,644,931,603,28
Plug & Play Ventures,0.0,0.0036363636363636364,0.0,6.450860072587633e-20,2.6901,0.0254853726267912,28.0,319,644,931,604,285
LaunchPad Venture Group,0.0,0.0027272727272727275,0.0,6.450860072587633e-20,1.179,0.0249742660100294,16.0,429,644,931,605,176
Yuri Milner,0.0,0.004545454545454545,0.0,6.450860072587633e-20,2.6305,0.024566709927306,19.0,250,644,931,606,356
The Argentum Group,0.0,0.0009090909090909091,0.0,6.450860072587633e-20,0.7557,0.0245535305956122,1.0,710,644,931,607,103
Milestone Venture Partners,0.0,0.0009090909090909091,0.0,6.450860072587633e-20,0.5664,0.0245166991626504,15.0,710,644,931,608,102
Garage Technology Ventures Canada,0.0009090909090909091,0.0018181818181818182,0.0,9.61120999419952e-06,1.4246,0.0242654662334001,2.0,575,644,554,609,34
IDInvest Partners,0.0027272727272727275,0.0,0.0,0.0008993676221858665,0.0,0.0242629265796156,25.0,934,644,475,610,324
EDF Ventures,0.0027272727272727275,0.0027272727272727275,0.0,0.00200356229075819,2.2746,0.0241955356584073,6.0,429,644,419,611,182
Weber Capital,0.004545454545454545,0.0027272727272727275,0.0,0.0012871514251282963,2.1336000000000004,0.023642873145667,2.0,429,644,458,612,183
AO Capital Partners,0.0,0.0009090909090909091,0.0,6.450860072587633e-20,0.8402,0.0230094407981437,1.0,710,644,931,613,97
Global Gateway Investment Group,0.0,0.0009090909090909091,0.0,6.450860072587633e-20,0.8402,0.0230094407981437,1.0,710,644,931,613,97
Nauta Capital,0.005454545454545455,0.0027272727272727275,0.0,2.570800864182265e-14,2.4552,0.0228593621197104,14.0,429,644,595,615,186
Scale Venture Partners,0.0027272727272727275,0.0,0.0,0.014498364504322644,0.0,0.0228540422490622,15.0,934,644,207,616,318
HealthTech Capital,0.0,0.0009090909090909091,0.0,6.450860072587633e-20,0.7042,0.022560371162421,4.0,710,644,931,617,93
Revolution LLC,0.004545454545454545,0.005454545454545455,3.366927790621984e-05,0.00366582075228419,3.7463999999999995,0.0223047863784465,16.0,192,187,369,618,426
Hallett Capital,0.0,0.0027272727272727275,0.0,6.450860072587633e-20,1.5834000000000001,0.0220437467849056,2.0,429,644,931,619,190
Flywheel Ventures,0.005454545454545455,0.007272727272727273,0.0035464972727884897,0.005292423000829575,2.6896,0.0218122969598414,9.0,119,106,330,620,501
HLM Venture Partners,0.0009090909090909091,0.0009090909090909091,0.0,9.796147089030128e-19,0.7881,0.0217116752362208,8.0,710,644,716,621,89
Adara Venture Partners,0.0018181818181818182,0.0018181818181818182,0.0,7.118482986245589e-16,1.2278,0.0212702563464897,4.0,575,644,618,622,47
Egan-Managed Capital,0.006363636363636364,0.004545454545454545,0.014455343314403717,0.008567755159417483,1.94,0.0211408440764228,13.0,250,34,270,623,373
UOB Venture,0.0036363636363636364,0.0036363636363636364,0.0,2.1155329549598306e-10,3.0228,0.0209692054764413,3.0,319,644,571,624,305
Eden Ventures,0.0018181818181818182,0.007272727272727273,0.0,4.698619267035743e-16,3.5407,0.0206752266841237,18.0,119,644,629,625,506
Sierra Ventures,0.008181818181818182,0.006363636363636364,0.010089560279230546,0.011907424108538532,3.4966,0.0206693458153655,40.0,144,54,234,626,482
Kae Capital,0.0009090909090909091,0.0018181818181818182,0.0,0.0015885591505786247,1.4918,0.0204879289373432,2.0,575,644,436,627,52
Desjardins Venture Capital,0.0018181818181818182,0.0018181818181818182,0.0,0.002373203796855546,1.3112,0.0204662950242971,7.0,575,644,411,628,53
Fairhaven Capital Partners,0.005454545454545455,0.0,0.0,0.009164087979433907,0.0,0.0203350351956351,14.0,934,644,265,629,305
Fort Washington Capital Partners Group,0.0,0.0009090909090909091,0.0,6.450860072587633e-20,0.3047,0.0201584127683269,3.0,710,644,931,630,80
Artiman Ventures,0.0009090909090909091,0.0018181818181818182,0.0,4.653392421961816e-19,0.6904,0.0201292204807818,14.0,575,644,759,631,56
Ofer Adler,0.0,0.0018181818181818182,0.0,6.450860072587633e-20,1.0198,0.0197588096217159,1.0,575,644,931,634,59
Chemi Peres,0.0,0.0018181818181818182,0.0,6.450860072587633e-20,1.0198,0.0197588096217159,1.0,575,644,931,634,59
Yuval Rechavi,0.0,0.0018181818181818182,0.0,6.450860072587633e-20,1.0198,0.0197588096217159,1.0,575,644,931,634,59
Yaron Adler,0.0,0.0018181818181818182,0.0,6.450860072587633e-20,1.0198,0.0197588096217159,1.0,575,644,931,634,59
Cubit Investments,0.004545454545454545,0.0009090909090909091,0.0,3.0248727966370667e-18,0.5099,0.0197588096217159,1.0,710,644,682,634,76
A Plus Finance,0.0,0.0009090909090909091,0.0,6.450860072587633e-20,0.5504,0.0193369167628467,12.0,710,644,931,637,73
Pentech Ventures,0.0036363636363636364,0.005454545454545455,0.0,1.621027603062541e-16,2.6921999999999997,0.0192801675294972,14.0,192,644,644,638,446
Hunt Ventures,0.0009090909090909091,0.004545454545454545,0.0,5.318018155264099e-16,2.9236,0.0192259373527232,7.0,250,644,624,639,389
Grotech Ventures,0.013636363636363636,0.008181818181818182,0.004433121590985612,0.008612950955612013,6.6235,0.019131847171073,28.0,99,95,269,640,541
The Aurora Funds,0.0036363636363636364,0.0018181818181818182,0.0,0.02574207412491027,1.3198,0.0189751679876141,8.0,575,644,126,641,66
Access Venture Partners,0.006363636363636364,0.005454545454545455,0.004915714574308097,0.009143669593697218,2.2922,0.0188448843315273,14.0,192,90,266,642,450
Evergreen Venture Partners,0.0018181818181818182,0.0,0.0,0.001437945948004303,0.0,0.0186018900949249,22.0,934,644,451,643,291
Sequel Venture Partners,0.0,0.0018181818181818182,0.0,6.450860072587633e-20,1.355,0.0185429242181248,10.0,575,644,931,644,69
ARC Angel Fund,0.0,0.0027272727272727275,0.0,6.450860072587633e-20,1.866,0.0184588114047145,4.0,429,644,931,645,216
Frontera Capital,0.0,0.0009090909090909091,0.0,6.450860072587633e-20,0.8402,0.0181787267881722,3.0,710,644,931,646,64
Notion Capital,0.0009090909090909091,0.0027272727272727275,0.0,3.386007711721974e-16,1.3446,0.0177578739211441,9.0,429,644,632,647,218
Sofinnova Partners,0.0,0.0009090909090909091,0.0,6.450860072587633e-20,0.4846,0.0177567846289002,30.0,710,644,931,648,62
Dan Scheinman,0.0,0.0027272727272727275,0.0,6.450860072587633e-20,1.4973,0.0177494170109633,2.0,429,644,931,649,220
Silicon Pastures,0.0027272727272727275,0.005454545454545455,0.0,7.080794921915637e-12,3.594,0.0177420822229967,2.0,192,644,578,650,458
Enterprise Ireland,0.0009090909090909091,0.0,0.0,8.636153430777421e-19,0.0,0.0177251894095064,30.0,934,644,725,651,283
Gefinor Ventures,0.0,0.0009090909090909091,0.0,6.450860072587633e-20,0.7557,0.0176124988137952,4.0,710,644,931,652,58
Point Nine Capital,0.0,0.0018181818181818182,0.0,6.450860072587633e-20,1.0972,0.0172061773528469,13.0,575,644,931,653,78
Northzone,0.0027272727272727275,0.005454545454545455,0.0029067809925703127,0.028951509122663477,4.0359,0.017190525941281,21.0,192,118,115,654,462
Novacap Investments,0.0,0.0009090909090909091,0.0,6.450860072587633e-20,0.4337,0.0170695975994115,2.0,710,644,931,655,55
Rincon Venture Partners,0.0009090909090909091,0.0018181818181818182,0.0,0.0001733517888206493,1.5786,0.0170646522779931,17.0,575,644,531,656,81
BAN Vlaanderen,0.0,0.0018181818181818182,0.0,6.450860072587633e-20,0.6786,0.0169769405005492,1.0,575,644,931,658,83
The Institute for the Promotion of Innovation by Science and Technology in Flanders,0.0,0.0018181818181818182,0.0,6.450860072587633e-20,0.6786,0.0169769405005492,1.0,575,644,931,658,83
GIMV ARKIV ICT Fund,0.0,0.0018181818181818182,0.0,6.450860072587633e-20,0.6786,0.0169769405005492,1.0,575,644,931,658,83
Bridgescale Partners,0.0,0.0009090909090909091,0.0,6.450860072587633e-20,0.5955,0.0165068589110462,5.0,710,644,931,660,50
Pilot House Ventures,0.0009090909090909091,0.0,0.0,0.0033364066973205903,0.0,0.0164586067677796,8.0,934,644,381,661,273
Velocity Interactive Group,0.0018181818181818182,0.0027272727272727275,0.0,3.5418167453719666e-12,2.5371,0.0163681787109747,8.0,429,644,582,662,233
Acartha Group,0.0018181818181818182,0.0027272727272727275,0.0,0.002113769833048084,1.2717,0.0161350123946819,2.0,429,644,415,663,234
Troika Ventures,0.0,0.0027272727272727275,0.0,6.450860072587633e-20,0.9858,0.0161311309671954,3.0,429,644,931,664,235
XAnge Private Equity,0.0018181818181818182,0.0009090909090909091,0.0,1.0850072426006737e-16,0.4284,0.0161032951489973,22.0,710,644,649,665,45
Ventech,0.0027272727272727275,0.0018181818181818182,0.0,4.89582634742431e-16,1.1008,0.0160279528752682,22.0,575,644,627,666,91
la Caixa,0.0036363636363636364,0.0009090909090909091,0.0,2.5707891935873607e-14,0.874,0.015666344519492,3.0,710,644,596,667,43
Propulsion Ventures,0.004545454545454545,0.0027272727272727275,0.0,4.7623160737854895e-07,1.1763,0.015427080899667,4.0,429,644,558,668,239
ArrowPath Venture Partners,0.0018181818181818182,0.0027272727272727275,0.0,3.5418167453719666e-12,2.5371,0.0151849422453005,10.0,429,644,582,669,240
Enterprise Partners,0.0009090909090909091,0.0027272727272727275,0.0,0.0013688734032922584,1.8645,0.0150810106048741,12.0,429,644,453,670,241
TriplePoint Capital,0.004545454545454545,0.0,0.0,0.0362767757339284,0.0,0.0149536592160429,16.0,934,644,87,671,263
Imlay Investments,0.0009090909090909091,0.0036363636363636364,0.0,1.1057929883103463e-15,2.8752,0.0149205449239578,9.0,319,644,615,672,353
Athenian Venture Partners,0.0036363636363636364,0.0,0.0,0.00017986378422685711,0.0,0.014885910542861,6.0,934,644,527,673,261
Horizons Ventures,0.00909090909090909,0.0,0.0,0.006167363542301684,0.0,0.0146844148197372,18.0,934,644,308,674,260
MaRS Investment Accelerator Fund,0.0,0.0018181818181818182,0.0,6.450860072587633e-20,1.131,0.0145650071219535,5.0,575,644,931,675,100
Tech Coast Angels,0.0018181818181818182,0.0036363636363636364,0.0,0.0019689478622051835,3.0364,0.0144173165785219,27.0,319,644,422,676,357
La FinanciÃÂ¨re de Brienne,0.0,0.0018181818181818182,0.0,6.450860072587633e-20,1.2772,0.0142758438263072,2.0,575,644,931,677,102
Rogers Ventures,0.0,0.0036363636363636364,0.0,6.450860072587633e-20,2.47,0.0140777427675219,4.0,319,644,931,678,359
DFJ Esprit,0.0027272727272727275,0.0,0.0,0.0090888864206063,0.0,0.0139989591193286,19.0,934,644,268,679,255
ARCH Venture Partners,0.0027272727272727275,0.0036363636363636364,0.0,2.334307173606388e-13,1.752,0.0139109674412849,35.0,319,644,587,680,361
Canopy Ventures,0.0018181818181818182,0.0018181818181818182,0.0,0.0005874428544388955,0.9804,0.0138781885362333,4.0,575,644,484,681,106
Fonds de solidaritÃ© FTQ,0.006363636363636364,0.0027272727272727275,0.0,1.0416233199206378e-05,1.1763,0.0135589193525932,11.0,429,644,552,682,253
New Brunswick Innovation Foundation,0.0,0.0009090909090909091,0.0,6.450860072587633e-20,0.7784,0.0135433922047097,2.0,710,644,931,683,27
GrowthWorks Atlantic Venture Fund,0.0,0.0009090909090909091,0.0,6.450860072587633e-20,0.7784,0.0135433922047097,2.0,710,644,931,683,27
SOSventures,0.0,0.005454545454545455,0.0,6.450860072587633e-20,3.3024,0.0134806388126821,5.0,192,644,931,685,493
DAG Ventures,0.005454545454545455,0.01090909090909091,0.01218827860205158,0.05006097727377346,3.3456,0.0132622406387338,34.0,56,43,50,686,630
Rembrandt Venture Partners,0.008181818181818182,0.0027272727272727275,0.0007182779286660232,0.020595391213576893,1.8282000000000003,0.01314928166011,20.0,429,154,151,687,258
Celtic House Venture Partners,0.0009090909090909091,0.0027272727272727275,0.0,3.043371134928612e-17,1.2234,0.0129375926830784,14.0,429,644,657,688,259
New Leaf Venture Partners,0.0027272727272727275,0.0,0.0,0.032021308355640744,0.0,0.0126952852099422,22.0,934,644,104,689,245
Crescendo Ventures,0.0018181818181818182,0.0,0.0,0.001552356941914798,0.0,0.0126940347770248,8.0,934,644,445,690,244
TiE Angels,0.0009090909090909091,0.0018181818181818182,0.0,0.002313475513377638,1.2782,0.0126445682064057,8.0,575,644,413,691,116
Enspire Capital,0.0036363636363636364,0.0036363636363636364,0.0,2.1155329549598306e-10,3.0228,0.0123259303151104,3.0,319,644,571,692,373
Phenomenelle Angels,0.0027272727272727275,0.005454545454545455,0.0,7.080794921915637e-12,3.594,0.0118280548153311,3.0,192,644,578,693,501
RBC Venture Partners,0.006363636363636364,0.0009090909090909091,0.00040403133487463806,0.03212021514190949,0.6044,0.0115757811366108,8.0,710,169,103,694,16
Osage University Partners,0.0018181818181818182,0.0,0.0,2.211521468019967e-15,0.0,0.0115347465896023,17.0,934,644,602,695,239
Infinity Venture Partners,0.0009090909090909091,0.004545454545454545,0.0,7.036082098372781e-19,2.752,0.0112338656772351,6.0,250,644,743,696,446
Zygote Ventures,0.0,0.0009090909090909091,0.0,6.450860072587633e-20,0.3535,0.0110088329389594,3.0,710,644,931,697,13
Formative Ventures,0.0036363636363636364,0.0,0.0,0.03878033833821322,0.0,0.0109170081887664,8.0,934,644,76,698,236
Partech Ventures,0.0018181818181818182,0.0018181818181818182,0.0,0.00443809989145784,1.2,0.0108692183798346,30.0,575,644,345,699,124
New Mexico Angels,0.0,0.0009090909090909091,0.0,6.450860072587633e-20,0.3047,0.010424757140088,1.0,710,644,931,700,10
EDC Equity,0.0036363636363636364,0.0,0.0,0.00035705696017954294,0.0,0.010346921729287,10.0,934,644,503,701,233
Pritzker Group Venture Capital,0.0027272727272727275,0.004545454545454545,0.0,2.334307173606388e-13,2.4760999999999997,0.0102406286385718,20.0,250,644,587,702,452
Growth Works,0.0009090909090909091,0.0,0.0,2.3066471860434015e-08,0.0,0.0102059496806257,9.0,934,644,561,703,231
SJF Ventures,0.0,0.0027272727272727275,0.0,6.450860072587633e-20,1.4241000000000001,0.0101326645896198,8.0,429,644,931,704,275
Vesbridge Partners,0.004545454545454545,0.0,0.0,0.0021093465170119487,0.0,0.0101169446235518,11.0,934,644,416,705,229
OCA Ventures,0.0027272727272727275,0.0036363636363636364,0.0,2.334307173606388e-13,1.752,0.010097861958178,18.0,319,644,587,706,387
JK&B Capital,0.004545454545454545,0.0018181818181818182,0.0015824560615923325,0.0034217134145828054,1.0704,0.0099063127184843,16.0,575,134,376,707,132
Eli Barkat,0.0,0.0018181818181818182,0.0,6.450860072587633e-20,1.0198,0.0098794048108579,2.0,575,644,931,708,133
T-Venture,0.004545454545454545,0.0018181818181818182,0.005555430854526274,0.010587573587784593,1.3058,0.0098617076608473,30.0,575,84,248,709,134
The Entrepreneurs' Fund III,0.0009090909090909091,0.0009090909090909091,0.0,0.0027368776208499808,0.6967,0.0097414752752173,5.0,710,644,403,710,0
Ascent Venture Partners,0.008181818181818182,0.005454545454545455,0.008450988754461179,0.001733240200239294,2.3909,0.0094046910219803,13.0,192,63,431,711,519
Murphree Venture Partners,0.0,0.0018181818181818182,0.0,6.450860072587633e-20,1.1412,0.0093848930598339,2.0,575,644,931,712,137
Amadeus Capital Partners,0.0027272727272727275,0.0027272727272727275,0.0,0.002108258696907757,0.6335999999999999,0.0093215819223829,24.0,429,644,417,713,284
Peninsula Capital,0.0,0.0027272727272727275,0.0,6.450860072587633e-20,1.7147999999999999,0.0090857839398375,2.0,429,644,931,714,285
Connecticut Innovations,0.0,0.004545454545454545,0.0,6.450860072587633e-20,2.4615,0.0087950027358635,23.0,250,644,931,715,465
Safeguard Scientifics,0.005454545454545455,0.005454545454545455,0.0,2.2377124252437383e-10,4.2668,0.0086424200388649,18.0,192,644,569,716,524
Miramar Venture Partners,0.0009090909090909091,0.0018181818181818182,0.0,1.4745253424896574e-15,1.493,0.0083972658739856,13.0,575,644,605,717,142
Velocity Equity Partners,0.0018181818181818182,0.0018181818181818182,0.0,0.00036423392014073774,0.7312,0.008312203060347,4.0,575,644,501,718,143
Panorama Capital,0.0018181818181818182,0.0027272727272727275,0.0,3.5418167453719666e-12,2.5371,0.0080379294493084,12.0,429,644,582,719,290
Early Stage Partners,0.0,0.0009090909090909091,0.0,6.450860072587633e-20,0.3219,0.0079074042837994,9.0,710,644,931,720,10
WS Investments,0.0,0.004545454545454545,0.0,6.450860072587633e-20,2.0625,0.0078607602768592,5.0,250,644,931,721,471
Northcap,0.0,0.0009090909090909091,0.0,6.450860072587633e-20,0.8848,0.0078159697797603,5.0,710,644,931,722,12
Vista Ventures,0.0009090909090909091,0.0018181818181818182,0.0,0.0022050505246725264,1.132,0.0074562298515683,7.0,575,644,414,723,148
Nippon Venture Capital,0.0,0.0009090909090909091,0.0,6.450860072587633e-20,0.6481,0.0073194560825308,3.0,710,644,931,724,14
Northwater Capital,0.0027272727272727275,0.0009090909090909091,0.0,3.1461866467945434e-08,0.5655,0.0072825035609767,10.0,710,644,560,725,15
Court Square Ventures,0.0018181818181818182,0.0,0.0,0.003943934254355553,0.0,0.0071679217728596,9.0,934,644,359,726,208
Jerry Yang,0.005454545454545455,0.0018181818181818182,0.0,0.0008171965254383415,0.9982,0.0070997668043853,5.0,575,644,479,727,152
Paladin Capital Group,0.0009090909090909091,0.0018181818181818182,0.0,8.013301044365429e-06,1.333,0.0066567904744097,14.0,575,644,556,728,153
Relay Ventures,0.00909090909090909,0.005454545454545455,0.0018405871922066845,0.032458600656577435,4.1784,0.0065135495039487,28.0,192,127,101,729,537
Clayton Associates,0.0009090909090909091,0.0,0.0,9.631263105574788e-19,0.0,0.0062153201709937,7.0,934,644,721,730,204
Wisconsin Investment Partners,0.0027272727272727275,0.005454545454545455,0.0,7.080794921915637e-12,3.594,0.0059140274076655,6.0,192,644,578,731,539
CSK Venture Capital,0.0,0.0009090909090909091,0.0,6.450860072587633e-20,0.8402,0.0057523601995359,4.0,710,644,931,732,22
New York Angels,0.0009090909090909091,0.0,0.0,0.0009939641390137716,0.0,0.0055324907531988,15.0,934,644,470,733,201
Peter Gabriel,0.0009090909090909091,0.0036363636363636364,0.0,3.2576026143610855e-16,1.7248,0.0055320630059833,2.0,319,644,633,734,415
Kennet Partners,0.0018181818181818182,0.0027272727272727275,0.0,0.0029532485140809943,1.1589,0.0051929378341448,11.0,429,644,398,735,306
RedShift Ventures,0.0018181818181818182,0.0,0.0,0.007945806673961116,0.0,0.005157817635636,6.0,934,644,280,736,198
CrÃ©dit Agricole Private Equity,0.0027272727272727275,0.0036363636363636364,0.0,3.426296890595049e-16,3.2228,0.005151227313872,30.0,319,644,631,737,418
SilkRoad Equity,0.0,0.0009090909090909091,0.0,6.450860072587633e-20,0.2144,0.005075714676537,2.0,710,644,931,738,28
Siemer Ventures,0.0036363636363636364,0.0,0.0,3.9669176964773255e-18,0.0,0.0049364827443744,23.0,934,644,679,739,195
Bertelsmann Digital Media Investments,0.007272727272727273,0.0009090909090909091,0.0,0.014770654508497318,0.6099,0.0049332294441587,19.0,710,644,203,740,30
Point Judith Capital,0.005454545454545455,0.0018181818181818182,0.0,0.0004951770445152375,0.6972,0.0048192814639973,19.0,575,644,489,741,166
Saeed Amidi,0.0,0.0009090909090909091,0.0,6.450860072587633e-20,0.372,0.0047995938754426,4.0,710,644,931,742,32
Innovacom,0.0027272727272727275,0.0027272727272727275,0.0,0.01746625059573216,1.3157,0.0046620654416235,23.0,429,644,179,743,314
Outlook Ventures,0.0018181818181818182,0.0018181818181818182,0.0,0.00010504500033283091,0.8478,0.0046100035413376,7.0,575,644,545,744,169
Mousse Partners,0.0,0.0018181818181818182,0.0,6.450860072587633e-20,1.514,0.0043351837100916,6.0,575,644,931,745,170
JMI Equity,0.0018181818181818182,0.005454545454545455,0.0,0.001919695377153279,4.0716,0.0042372640088716,16.0,192,644,428,746,554
Golden Seeds,0.004545454545454545,0.0,0.0,0.0009939641484548313,0.0,0.0039839322556028,20.0,934,644,469,747,187
.406 Ventures,0.006363636363636364,0.0018181818181818182,0.0027945500662162467,0.03946709434451008,1.1172,0.0038685154584829,17.0,575,119,75,748,173
CapDecisif,0.0009090909090909091,0.0018181818181818182,0.0,1.7102754902555968e-16,1.099,0.0038529253093194,13.0,575,644,640,749,174
DoCoMo Capital,0.0027272727272727275,0.0018181818181818182,0.0,3.2069460712092223e-17,0.6572,0.0038155769539617,8.0,575,644,655,750,175
ACE Management,0.0009090909090909091,0.0009090909090909091,0.0,8.060220643496794e-19,0.6386,0.0035689609565768,8.0,710,644,730,751,41
First Analysis,0.0,0.0009090909090909091,0.0,6.450860072587633e-20,0.7557,0.0035076472279446,7.0,710,644,931,752,42
Leo Capital Holdings,0.0009090909090909091,0.0018181818181818182,0.0,0.0013527845447115078,1.5364,0.0034935052565224,6.0,575,644,455,753,178
Tudor Growth Equity,0.0036363636363636364,0.0009090909090909091,0.0,0.00014820476541885442,0.7557,0.0030691913244515,8.0,710,644,535,754,44
ITU Ventures,0.0,0.0009090909090909091,0.0,6.450860072587633e-20,0.3047,0.0030673566094617,8.0,710,644,931,755,45
D.E. Shaw & Co.,0.0018181818181818182,0.0009090909090909091,0.0,0.0010050531284866416,0.6099,0.0026961244800631,13.0,710,644,468,756,46
Cross Atlantic Capital Partners,0.0,0.0027272727272727275,0.0,6.450860072587633e-20,1.311,0.0024361304655847,9.0,429,644,931,757,328
Cedar Fund,0.0,0.0009090909090909091,0.0,6.450860072587633e-20,0.2985,0.0023984165124785,20.0,710,644,931,758,48
Delta Partners,0.0,0.0018181818181818182,0.0,6.450860072587633e-20,1.3764,0.002108292140802,16.0,575,644,931,759,184
Gimv,0.0027272727272727275,0.0009090909090909091,0.0,1.2464480849455276e-18,0.3393,0.0019529905978576,18.0,710,644,709,760,50
Domain Associates,0.0009090909090909091,0.0009090909090909091,0.0,1.1268241748597682e-15,0.7206,0.001878929449352,37.0,710,644,613,761,51
Mobius Venture Capital,0.0,0.0009090909090909091,0.0,6.450860072587633e-20,0.8761,0.0018347414735016,13.0,710,644,931,762,52
Seventure Partners,0.0009090909090909091,0.0018181818181818182,0.0,1.7102754902555968e-16,1.099,0.0017047394342174,20.0,575,644,640,763,188
Chrysalis Ventures,0.0027272727272727275,0.0018181818181818182,0.0,0.0018945189348931087,1.3198,0.0014810510738268,13.0,575,644,429,764,189
Investor Growth Capital,0.0036363636363636364,0.0,0.0,0.0024194055562572173,0.0,0.0014445106156936,14.0,934,644,409,765,169
Scottish Investment Bank,0.0,0.006363636363636364,0.0,6.450860072587633e-20,3.9657,0.0011450942917805,14.0,144,644,931,766,622
High-Tech Gruenderfonds,0.0009090909090909091,0.0036363636363636364,0.0,8.428306719238647e-19,2.9435000000000002,0.0010894983808457,44.0,319,644,727,767,448
Commonwealth Capital Ventures,0.01,0.0036363636363636364,0.006464501357994209,0.028515040282251658,1.4758,0.0009016348247976,20.0,319,75,117,768,449
Lilly Ventures,0.0,0.0018181818181818182,0.0,6.450860072587633e-20,1.0056,0.0008094078442186,9.0,575,644,931,769,194
The Social+Capital Partnership,0.012727272727272728,0.0,0.0,0.01113778309591295,0.0,0.0003972102280654,33.0,934,644,244,770,164
Stage 1 Ventures,0.0018181818181818182,0.0,0.0,0.010891819529340069,0.0,0.0,0.0,934,644,246,936,2
Sands Capital Ventures,0.0018181818181818182,0.0,0.0,0.010891819529340069,0.0,0.0,0.0,934,644,246,936,2
Ching-Ho Fung,0.0018181818181818182,0.0,0.0,0.004320910718642242,0.0,0.0,0.0,934,644,351,936,2
Fuse Capital,0.0027272727272727275,0.0,0.0,0.006662052513389838,0.0,0.0,0.0,934,644,300,936,2
Tamares,0.0018181818181818182,0.0,0.0,0.009884853461876788,0.0,0.0,0.0,934,644,255,936,2
Rhone-Alpes Creation,0.0,0.0018181818181818182,0.0,6.450860072587633e-20,1.0766,0.0,0.0,575,644,931,936,361
Script Capital,0.0018181818181818182,0.0,0.0,1.3146078724724882e-18,0.0,0.0,0.0,934,644,707,936,2
BAMS Angel Fund,0.0036363636363636364,0.0,0.0,5.04920048248243e-18,0.0,0.0,0.0,934,644,669,936,2
Merchant Banking Devision,0.0018181818181818182,0.0,0.0,0.002032004158489652,0.0,0.0,0.0,934,644,418,936,2
Austral Capital,0.0018181818181818182,0.0,0.0,0.006523803452926312,0.0,0.0,0.0,934,644,303,936,2
Aaron Levie,0.007272727272727273,0.0,0.0,0.02466807899829375,0.0,0.0,0.0,934,644,132,936,2
Digital Media Partners,0.0,0.0009090909090909091,0.0,6.450860072587633e-20,0.5486,0.0,0.0,710,644,931,936,226
Swisscom Ventures,0.0027272727272727275,0.0,0.0,0.0005727587699468395,0.0,0.0,0.0,934,644,485,936,2
Steve Campbell,0.0018181818181818182,0.0,0.0,0.018350596876419937,0.0,0.0,0.0,934,644,169,936,2
Jeffrey Drazan,0.0018181818181818182,0.0,0.0,0.018350596876419937,0.0,0.0,0.0,934,644,169,936,2
Gaurav Garg,0.0018181818181818182,0.0,0.0,0.018350596876419937,0.0,0.0,0.0,934,644,169,936,2
Craig Elliott,0.0018181818181818182,0.0,0.0,0.018350596876419937,0.0,0.0,0.0,934,644,169,936,2
SeventySix Captial,0.0027272727272727275,0.0,0.0,0.005870116332768856,0.0,0.0,0.0,934,644,314,936,2
Tom Berson,0.006363636363636364,0.0,0.0,0.015304588575340054,0.0,0.0,0.0,934,644,197,936,2
Jacques & Sandra Kerrest,0.006363636363636364,0.0,0.0,0.015304588575340054,0.0,0.0,0.0,934,644,197,936,2
Ed Roberts,0.006363636363636364,0.0,0.0,0.015304588575340054,0.0,0.0,0.0,934,644,197,936,2
University of Utah Endowment,0.0027272727272727275,0.0,0.0,0.0012695523977822873,0.0,0.0,0.0,934,644,459,936,2
PKS Capital,0.0027272727272727275,0.0,0.0,0.014174750521145519,0.0,0.0,0.0,934,644,214,936,2
Vedanta Capital,0.0027272727272727275,0.0,0.0,0.0031011445338445767,0.0,0.0,0.0,934,644,391,936,2
Presidio Ventures,0.016363636363636365,0.0,0.0,0.016639697602209076,0.0,0.0,0.0,934,644,184,936,2
Expa,0.016363636363636365,0.0,0.0,0.016639697602209076,0.0,0.0,0.0,934,644,184,936,2
Scottish Venture Fund,0.0018181818181818182,0.0,0.0,1.6845020912570286e-16,0.0,0.0,0.0,934,644,642,936,2
Merck Global Health Innovation Fund,0.0027272727272727275,0.0,0.0,7.644783993133261e-11,0.0,0.0,0.0,934,644,573,936,2
MMC Ventures,0.0018181818181818182,0.0,0.0,5.825680492510245e-16,0.0,0.0,0.0,934,644,620,936,2
The Ontario Capital Growth,0.0018181818181818182,0.0,0.0,6.080291409784634e-17,0.0,0.0,0.0,934,644,653,936,2
Matrix Asset Management,0.0018181818181818182,0.0,0.0,6.080291409784634e-17,0.0,0.0,0.0,934,644,653,936,2
H.I.G. Ventures,0.0009090909090909091,0.0018181818181818182,0.0,1.6850954373312993e-15,1.519,0.0,0.0,575,644,603,936,361
Council Ventures,0.0018181818181818182,0.0,0.0,3.3701263660618723e-15,0.0,0.0,0.0,934,644,601,936,2
GMG Capital Partners,0.0009090909090909091,0.0018181818181818182,0.0,1.6850954373312993e-15,1.519,0.0,0.0,575,644,603,936,361
PLUS Ventures,0.0018181818181818182,0.0,0.0,1.377701391009247e-16,0.0,0.0,0.0,934,644,648,936,2
Neurato Investments,0.0009090909090909091,0.0018181818181818182,0.0,6.891732385082529e-17,0.9464,0.0,0.0,575,644,651,936,361
2BAngles,0.0009090909090909091,0.0018181818181818182,0.0,6.891732385082529e-17,0.9464,0.0,0.0,575,644,651,936,361
Denali Software,0.0,0.0018181818181818182,0.0,6.450860072587633e-20,1.3352,0.0,0.0,575,644,931,936,361
AsiaTech Management,0.0009090909090909091,0.0009090909090909091,0.0,8.3969555392858715e-19,0.6676,0.0,0.0,710,644,728,936,226
Michael E. Kolowich,0.0009090909090909091,0.0,0.0,0.00023725334201103046,0.0,0.0,0.0,934,644,518,936,2
Greenpark Capital,0.0027272727272727275,0.0,0.0,0.00034986269438391034,0.0,0.0,0.0,934,644,507,936,2
Square 1 Bank,0.0009090909090909091,0.0,0.0,0.0002534074150805111,0.0,0.0,0.0,934,644,516,936,2
Georgian Partners,0.005454545454545455,0.0,0.0,0.03185840926363801,0.0,0.0,0.0,934,644,109,936,2
Marker,0.0018181818181818182,0.0,0.0,0.020496968399063394,0.0,0.0,0.0,934,644,153,936,2
Airtek Capital Group,0.0009090909090909091,0.0,0.0,4.964581911863443e-19,0.0,0.0,0.0,934,644,755,936,2
Themis Computer,0.0,0.0018181818181818182,0.0,6.450860072587633e-20,0.744,0.0,0.0,575,644,931,936,361
HPI Group,0.0009090909090909091,0.0,0.0,6.638967152304288e-19,0.0,0.0,0.0,934,644,748,936,2
OpenView Venture Partners,0.008181818181818182,0.0,0.0,0.036371389425706266,0.0,0.0,0.0,934,644,85,936,2
TrueBridge Capital Partners,0.0009090909090909091,0.0,0.0,0.003323710361990533,0.0,0.0,0.0,934,644,383,936,2
Sozo Ventures,0.0009090909090909091,0.0,0.0,0.003323710361990533,0.0,0.0,0.0,934,644,383,936,2
Matt Holleran,0.0009090909090909091,0.0,0.0,0.003323710361990533,0.0,0.0,0.0,934,644,383,936,2
Greenhouse Capital Partners,0.0009090909090909091,0.0,0.0,0.0027068028890666392,0.0,0.0,0.0,934,644,404,936,2
British Columbia Discovery Funding,0.0018181818181818182,0.0,0.0,1.4913356350210993e-18,0.0,0.0,0.0,934,644,704,936,2
Audiovox Canada,0.0018181818181818182,0.0,0.0,1.4913356350210993e-18,0.0,0.0,0.0,934,644,704,936,2
Discovery Capital,0.0,0.0027272727272727275,0.0,6.450860072587633e-20,1.8432,0.0,0.0,429,644,931,936,507
dsskjfmt,0.0009090909090909091,0.0,0.0,7.77341540466955e-19,0.0,0.0,0.0,934,644,732,936,2
Edison Ventures,0.0,0.0018181818181818182,0.0,6.450860072587633e-20,1.0802,0.0,0.0,575,644,931,936,361
Circle P Capital,0.008181818181818182,0.0,0.0,0.009313020374660102,0.0,0.0,0.0,934,644,264,936,2
Citi Ventures,0.0009090909090909091,0.0,0.0,9.713705097302457e-19,0.0,0.0,0.0,934,644,718,936,2
Rho Canada,0.0018181818181818182,0.0,0.0,1.0374596864596524e-05,0.0,0.0,0.0,934,644,553,936,2
Circle Financial Group,0.0027272727272727275,0.0,0.0,0.014174750521145519,0.0,0.0,0.0,934,644,214,936,2
Morningstar,0.0018181818181818182,0.0,0.0,0.0008167180292746753,0.0,0.0,0.0,934,644,480,936,2
Spencer Trask,0.0018181818181818182,0.0009090909090909091,0.0,0.002690278859023311,0.5028,0.0,0.0,710,644,405,936,226
SAP,0.0027272727272727275,0.0,0.0,0.0028411333781034665,0.0,0.0,0.0,934,644,400,936,2
360 Capital Partners,0.0,0.0009090909090909091,0.0,6.450860072587633e-20,0.7404,0.0,0.0,710,644,931,936,226
Formation 8,0.004545454545454545,0.0,0.0,0.033784333341690856,0.0,0.0,0.0,934,644,100,936,2
CAPE Natixis,0.0018181818181818182,0.0,0.0,1.2505400039708499e-15,0.0,0.0,0.0,934,644,611,936,2
Triage Ventures,0.0009090909090909091,0.0,0.0,5.257192924756019e-19,0.0,0.0,0.0,934,644,753,936,2
TELUS,0.0,0.0027272727272727275,0.0,6.450860072587633e-20,1.8432,0.0,0.0,429,644,931,936,507
TELUS Ventures,0.0018181818181818182,0.0,0.0,1.4913356350210993e-18,0.0,0.0,0.0,934,644,704,936,2
Fletcher Spaght Ventures,0.0027272727272727275,0.0,0.0,0.00044655984264920786,0.0,0.0,0.0,934,644,494,936,2
Liberty Global Ventures,0.0009090909090909091,0.0,0.0,0.0072523300840861135,0.0,0.0,0.0,934,644,296,936,2
Updata Partners,0.0009090909090909091,0.0027272727272727275,0.0,0.00016420349095807416,2.301,0.0,0.0,429,644,532,936,507
ORIX Venture Finance,0.0018181818181818182,0.0,0.0,0.00017824790435893082,0.0,0.0,0.0,934,644,528,936,2
Women Angels,0.0036363636363636364,0.0,0.0,9.44105987438465e-12,0.0,0.0,0.0,934,644,575,936,2
DaneVest Capital,0.0036363636363636364,0.0,0.0,9.44105987438465e-12,0.0,0.0,0.0,934,644,575,936,2
Crawley Ventures,0.0009090909090909091,0.0,0.0,0.0017249344671415427,0.0,0.0,0.0,934,644,432,936,2
Northstar Ventures,0.0018181818181818182,0.0,0.0,4.746814624530955e-18,0.0,0.0,0.0,934,644,670,936,2
Beringea Private Equity,0.0009090909090909091,0.0018181818181818182,0.0,7.392556625983974e-19,1.1622,0.0,0.0,575,644,738,936,361
Rogers Venture Partners,0.0018181818181818182,0.0,0.0,0.0003570569601795397,0.0,0.0,0.0,934,644,504,936,2
Jerome Lecat,0.0018181818181818182,0.0,0.0,1.2505400039708499e-15,0.0,0.0,0.0,934,644,611,936,2
Bain Capital,0.0018181818181818182,0.0,0.0,0.006328560369931306,0.0,0.0,0.0,934,644,306,936,2
Dragoneer Investment Group,0.0018181818181818182,0.0,0.0,0.024878232218509003,0.0,0.0,0.0,934,644,131,936,2
TD Fund,0.0018181818181818182,0.0,0.0,0.0008167180292746753,0.0,0.0,0.0,934,644,480,936,2
Black River Asset Management,0.0018181818181818182,0.0,0.0,0.0002636662126848395,0.0,0.0,0.0,934,644,515,936,2
Millry Corporation,0.0009090909090909091,0.0,0.0,9.878589080757797e-19,0.0,0.0,0.0,934,644,715,936,2
Management & Angels,0.0,0.0009090909090909091,0.0,6.450860072587633e-20,0.7952,0.0,0.0,710,644,931,936,226
Larry Blackwell,0.0009090909090909091,0.0,0.0,4.749768271446275e-19,0.0,0.0,0.0,934,644,758,936,2
Generation Investment Management,0.0009090909090909091,0.0,0.0,0.00454050037711272,0.0,0.0,0.0,934,644,344,936,2
Scout Ventures,0.0009090909090909091,0.0,0.0,0.0025408428832563385,0.0,0.0,0.0,934,644,407,936,2
Jack Herrick,0.0009090909090909091,0.0,0.0,0.0025408428832563385,0.0,0.0,0.0,934,644,407,936,2
American Family Insurance,0.0018181818181818182,0.0,0.0,0.0014687133014822027,0.0,0.0,0.0,934,644,447,936,2
"Nashville Capital Network, Investment Arm",0.0,0.0009090909090909091,0.0,6.450860072587633e-20,0.617,0.0,0.0,710,644,931,936,226
Heritage Group,0.0,0.0009090909090909091,0.0,6.450860072587633e-20,0.617,0.0,0.0,710,644,931,936,226
Lemhi Ventures,0.0027272727272727275,0.0,0.0,2.2138061597106225e-18,0.0,0.0,0.0,934,644,694,936,2
SBT Venture Capital,0.0018181818181818182,0.0,0.0,0.0016679297738725232,0.0,0.0,0.0,934,644,435,936,2
St. Paul Venture Capital,0.0036363636363636364,0.0,0.0,0.003695704725185283,0.0,0.0,0.0,934,644,368,936,2
North Star Equity Investment Partners,0.0,0.0027272727272727275,0.0,6.450860072587633e-20,1.7432999999999998,0.0,0.0,429,644,931,936,507
The North West Fund,0.0018181818181818182,0.0,0.0,4.746814624530955e-18,0.0,0.0,0.0,934,644,670,936,2
Acer,0.0027272727272727275,0.0,0.0,2.4499850486882035e-18,0.0,0.0,0.0,934,644,683,936,2
Industrial Bank of Taiwan,0.0,0.0009090909090909091,0.0,6.450860072587633e-20,0.6848,0.0,0.0,710,644,931,936,226
IRIS Software Group,0.0,0.0009090909090909091,0.0,6.450860072587633e-20,0.5291,0.0,0.0,710,644,931,936,226
Mosaix Ventures,0.0018181818181818182,0.0,0.0,1.3798647729667852e-18,0.0,0.0,0.0,934,644,706,936,2
Invest Nebraska,0.0009090909090909091,0.0,0.0,1.8770712639215498e-19,0.0,0.0,0.0,934,644,760,936,2
Adena Ventures,0.0,0.0009090909090909091,0.0,6.450860072587633e-20,0.1061,0.0,0.0,710,644,931,936,226
Summit Partners,0.005454545454545455,0.0,0.0,0.0371442869441635,0.0,0.0,0.0,934,644,82,936,2
TIMAR,0.0009090909090909091,0.0,0.0,7.657299923362971e-19,0.0,0.0,0.0,934,644,735,936,2
Golden Horn Ventures,0.0,0.0009090909090909091,0.0,6.450860072587633e-20,0.6039,0.0,0.0,710,644,931,936,226
Hermes Growth Partners,0.0027272727272727275,0.0,0.0,0.02265772896131042,0.0,0.0,0.0,934,644,141,936,2
Sumitomo Ventures,0.0009090909090909091,0.0,0.0,0.018228636346376986,0.0,0.0,0.0,934,644,173,936,2
Dell,0.0009090909090909091,0.0,0.0,0.018228636346376986,0.0,0.0,0.0,934,644,173,936,2
Acacia Capital Partners,0.0009090909090909091,0.0,0.0,7.697940341820275e-19,0.0,0.0,0.0,934,644,734,936,2
North Hill Ventures,0.0018181818181818182,0.0,0.0,0.006139642559632909,0.0,0.0,0.0,934,644,309,936,2
Random House,0.0027272727272727275,0.0,0.0,0.008061158715524168,0.0,0.0,0.0,934,644,278,936,2
The Stephens Group,0.0009090909090909091,0.0,0.0,8.01725791541336e-19,0.0,0.0,0.0,934,644,731,936,2
Pat Sullivan,0.0,0.0009090909090909091,0.0,6.450860072587633e-20,0.6349,0.0,0.0,710,644,931,936,226
Maryland Venture fund,0.0036363636363636364,0.0,0.0,0.00014820476541885442,0.0,0.0,0.0,934,644,535,936,2
Tweed Renaissance Investors Capital,0.0009090909090909091,0.0,0.0,7.392556625983974e-19,0.0,0.0,0.0,934,644,738,936,2
Sigma Capital Group,0.0009090909090909091,0.0,0.0,7.392556625983974e-19,0.0,0.0,0.0,934,644,738,936,2
Frontier Capital,0.0018181818181818182,0.0,0.0,7.109378567692442e-15,0.0,0.0,0.0,934,644,598,936,2
IDEA Fund Partners,0.0009090909090909091,0.0018181818181818182,0.0,3.554721538146585e-15,1.668,0.0,0.0,575,644,599,936,361
Spintop Ventures,0.0027272727272727275,0.0,0.0,2.498142687487531e-13,0.0,0.0,0.0,934,644,585,936,2
Nancy Pierce,0.01,0.0,0.0,0.012745362487190187,0.0,0.0,0.0,934,644,226,936,2
Jove Equity Partners,0.01,0.0,0.0,0.012745362487190187,0.0,0.0,0.0,934,644,226,936,2
VIA Technologies,0.0,0.0009090909090909091,0.0,6.450860072587633e-20,0.6848,0.0,0.0,710,644,931,936,226
UMC Capital,0.0,0.0009090909090909091,0.0,6.450860072587633e-20,0.6848,0.0,0.0,710,644,931,936,226
Barwell Plc,0.0009090909090909091,0.0,0.0,7.392556625983974e-19,0.0,0.0,0.0,934,644,738,936,2
PVI,0.0009090909090909091,0.0,0.0,9.129644226330373e-19,0.0,0.0,0.0,934,644,723,936,2
Meritech Capital Partners,0.0027272727272727275,0.0,0.0,0.007813012669182811,0.0,0.0,0.0,934,644,285,936,2
Lehman Brothers Venture Partners,0.0018181818181818182,0.0,0.0,0.002419405556257068,0.0,0.0,0.0,934,644,410,936,2
Wen-Chi Chen,0.004545454545454545,0.0,0.0,0.0037947659342659726,0.0,0.0,0.0,934,644,365,936,2
Presidio STX,0.004545454545454545,0.0,0.0,0.0037947659342659726,0.0,0.0,0.0,934,644,365,936,2
Merus Capital,0.004545454545454545,0.0,0.0,0.0037947659342659726,0.0,0.0,0.0,934,644,365,936,2
Cher Wang,0.004545454545454545,0.0,0.0,0.0037947659342659726,0.0,0.0,0.0,934,644,365,936,2
Start Up Farms International,0.0009090909090909091,0.0,0.0,0.001074930631152441,0.0,0.0,0.0,934,644,462,936,2
Novus Energy Partners,0.0009090909090909091,0.0,0.0,0.001074930631152441,0.0,0.0,0.0,934,644,462,936,2
EnerTech Capital,0.0009090909090909091,0.0,0.0,0.001074930631152441,0.0,0.0,0.0,934,644,462,936,2
ClearSky Power & Technology Fund,0.0009090909090909091,0.0,0.0,0.001074930631152441,0.0,0.0,0.0,934,644,462,936,2
Webroot,0.0018181818181818182,0.0,0.0,0.0010253269545958251,0.0,0.0,0.0,934,644,466,936,2
RIT Capital Partners,0.0018181818181818182,0.0,0.0,0.010231063588976025,0.0,0.0,0.0,934,644,252,936,2
Steve Blank,0.0018181818181818182,0.0,0.0,0.00415291410544972,0.0,0.0,0.0,934,644,355,936,2
Kettle Partners,0.0009090909090909091,0.0,0.0,0.0047821460693930635,0.0,0.0,0.0,934,644,339,936,2
Time Warner Investments,0.005454545454545455,0.0,0.0,0.014452220194316207,0.0,0.0,0.0,934,644,210,936,2
Karl Siebrecht,0.0,0.0018181818181818182,0.0,6.450860072587633e-20,1.238,0.0,0.0,575,644,931,936,361
Pivotal Investments,0.0036363636363636364,0.0,0.0,1.4284713520768656e-17,0.0,0.0,0.0,934,644,659,936,2
Northwest Energy Angels,0.0027272727272727275,0.0009090909090909091,0.0,2.220773088589019e-18,0.619,0.0,0.0,710,644,693,936,226
Patrick Condon,0.0018181818181818182,0.0,0.0,0.0016685763920327235,0.0,0.0,0.0,934,644,434,936,2
Ticketmaster,0.0009090909090909091,0.0,0.0,0.0047821460693930635,0.0,0.0,0.0,934,644,339,936,2
William Blair New World Ventures,0.0009090909090909091,0.0,0.0,0.0047821460693930635,0.0,0.0,0.0,934,644,339,936,2
Eurecan,0.0027272727272727275,0.0,0.0,2.3253847144916658e-14,0.0,0.0,0.0,934,644,597,936,2
BBVA,0.0018181818181818182,0.0,0.0,1.6378733724299999e-18,0.0,0.0,0.0,934,644,701,936,2
Antonio Asensio,0.0018181818181818182,0.0,0.0,1.6378733724299999e-18,0.0,0.0,0.0,934,644,701,936,2
Debaeque,0.0,0.0018181818181818182,0.0,6.450860072587633e-20,1.355,0.0,0.0,575,644,931,936,361
Iberdrola,0.0018181818181818182,0.0,0.0,5.1666111042559535e-18,0.0,0.0,0.0,934,644,667,936,2
GE Ventures,0.0018181818181818182,0.0,0.0,5.1666111042559535e-18,0.0,0.0,0.0,934,644,667,936,2
Harmony Partners,0.016363636363636365,0.0,0.0,0.04501907883002533,0.0,0.0,0.0,934,644,61,936,2
Lanza TechVentures,0.0018181818181818182,0.0,0.0,3.216116673121587e-16,0.0,0.0,0.0,934,644,634,936,2
Lanza Tech Ventures,0.0018181818181818182,0.0,0.0,3.216116673121587e-16,0.0,0.0,0.0,934,644,634,936,2
Kenny Van Zant,0.0018181818181818182,0.0,0.0,0.00038829345083446915,0.0,0.0,0.0,934,644,497,936,2
Wolf Bay Holdings,0.0027272727272727275,0.0,0.0,0.0030804812347079583,0.0,0.0,0.0,934,644,392,936,2
King Street Partners,0.0027272727272727275,0.0,0.0,0.0030804812347079583,0.0,0.0,0.0,934,644,392,936,2
Compuware Ventures,0.0,0.0009090909090909091,0.0,6.450860072587633e-20,0.6089,0.0,0.0,710,644,931,936,226
Team Europe Ventures,0.0,0.0018181818181818182,0.0,6.450860072587633e-20,1.0972,0.0,0.0,575,644,931,936,361
PDV Inter-Media Ventures,0.0027272727272727275,0.0,0.0,1.975537192069528e-18,0.0,0.0,0.0,934,644,695,936,2
NWZ Publishing House,0.0027272727272727275,0.0,0.0,1.975537192069528e-18,0.0,0.0,0.0,934,644,695,936,2
DS Digitale Seiten GmbH,0.0,0.0018181818181818182,0.0,6.450860072587633e-20,1.0972,0.0,0.0,575,644,931,936,361
Danny Rimer,0.01,0.0,0.0,0.034902851115016766,0.0,0.0,0.0,934,644,95,936,2
Mercato Partners,0.017272727272727273,0.0,0.0,0.05017199779538722,0.0,0.0,0.0,934,644,49,936,2
Detroit Venture Partners,0.0,0.0009090909090909091,0.0,6.450860072587633e-20,0.6089,0.0,0.0,710,644,931,936,226
Envy Capital,0.0,0.0009090909090909091,0.0,6.450860072587633e-20,0.6089,0.0,0.0,710,644,931,936,226
Valiant Capital Partners,0.0018181818181818182,0.0,0.0,0.010231063588976025,0.0,0.0,0.0,934,644,252,936,2
L&P Investments,0.0009090909090909091,0.007272727272727273,0.0,4.985482698498628e-19,2.9904,0.0,0.0,119,644,754,936,817
Roderick Banner,0.0018181818181818182,0.0,0.0,5.5159040146012975e-16,0.0,0.0,0.0,934,644,622,936,2
Lis Ventures,0.0,0.0009090909090909091,0.0,6.450860072587633e-20,0.6089,0.0,0.0,710,644,931,936,226
Michael Brochu,0.0018181818181818182,0.0,0.0,5.5159040146012975e-16,0.0,0.0,0.0,934,644,622,936,2
John Taysom,0.0018181818181818182,0.0,0.0,5.5159040146012975e-16,0.0,0.0,0.0,934,644,622,936,2
HSBC Retail Services,0.0018181818181818182,0.0,0.0,0.004339293939212402,0.0,0.0,0.0,934,644,350,936,2
Growth Capital Fund,0.0009090909090909091,0.0,0.0,0.0059488026949600535,0.0,0.0,0.0,934,644,312,936,2
Stuart Mill Venture Partners,0.0018181818181818182,0.0,0.0,2.850336887328437e-16,0.0,0.0,0.0,934,644,636,936,2
Reservoir Venture Partners,0.0009090909090909091,0.0027272727272727275,0.0,1.4254909866678477e-16,1.6017000000000001,0.0,0.0,429,644,646,936,507
Innovation Valley Partners,0.0018181818181818182,0.0,0.0,2.850336887328437e-16,0.0,0.0,0.0,934,644,636,936,2
Battelle Ventures,0.0009090909090909091,0.0027272727272727275,0.0,1.4254909866678477e-16,1.6017000000000001,0.0,0.0,429,644,646,936,507
Quest Software,0.0018181818181818182,0.0,0.0,0.00013073069864351803,0.0,0.0,0.0,934,644,538,936,2
Mountain Partners,0.0,0.0036363636363636364,0.0,6.450860072587633e-20,2.6812,0.0,0.0,319,644,931,936,617
netSTART Venture,0.0018181818181818182,0.0,0.0,6.055681659875951e-18,0.0,0.0,0.0,934,644,664,936,2
Logan Capital AG,0.0018181818181818182,0.0,0.0,6.055681659875951e-18,0.0,0.0,0.0,934,644,664,936,2
K5 Ventures,0.0018181818181818182,0.0,0.0,6.055681659875951e-18,0.0,0.0,0.0,934,644,664,936,2
Valar Ventures,0.0036363636363636364,0.0,0.0,0.007910367972160525,0.0,0.0,0.0,934,644,281,936,2
I-Source Gestion,0.0018181818181818182,0.0018181818181818182,0.0,1.0849822473313564e-16,0.9267000000000001,0.0,0.0,575,644,650,936,361
American Express,0.0018181818181818182,0.0,0.0,0.01563821498789904,0.0,0.0,0.0,934,644,191,936,2
Herald Ventures,0.0009090909090909091,0.0027272727272727275,0.0,1.618244303272398e-16,1.3478999999999999,0.0,0.0,429,644,645,936,507
Susquehanna Growth Equity,0.004545454545454545,0.0,0.0,0.010933502401869988,0.0,0.0,0.0,934,644,245,936,2
MasterCard Worldwide,0.0018181818181818182,0.0,0.0,0.01563821498789904,0.0,0.0,0.0,934,644,191,936,2
Ignition Capital,0.0018181818181818182,0.0,0.0,0.020502802768414447,0.0,0.0,0.0,934,644,152,936,2
McKay Trust,0.0,0.008181818181818182,0.0,6.450860072587633e-20,3.3642000000000003,0.0,0.0,99,644,931,936,837
The McKay Trust,0.0018181818181818182,0.0,0.0,2.3116621796814906e-18,0.0,0.0,0.0,934,644,688,936,2
Rick Holliday-Smith,0.0018181818181818182,0.0,0.0,2.3116621796814906e-18,0.0,0.0,0.0,934,644,688,936,2
"Nicholl, Rupert",0.0018181818181818182,0.0,0.0,2.3116621796814906e-18,0.0,0.0,0.0,934,644,688,936,2
Millwater Investments Limited,0.0018181818181818182,0.0,0.0,2.3116621796814906e-18,0.0,0.0,0.0,934,644,688,936,2
Michael McCoy,0.0018181818181818182,0.0,0.0,2.3116621796814906e-18,0.0,0.0,0.0,934,644,688,936,2
Joinwell Finance,0.0018181818181818182,0.0,0.0,2.3116621796814906e-18,0.0,0.0,0.0,934,644,688,936,2
Excelsior Asset Mgt LLC,0.0018181818181818182,0.0,0.0,2.3116621796814906e-18,0.0,0.0,0.0,934,644,688,936,2
Clevedon Pastoral Holdings,0.0018181818181818182,0.0,0.0,2.3116621796814906e-18,0.0,0.0,0.0,934,644,688,936,2
Third Point Ventures,0.0009090909090909091,0.0,0.0,0.008465500485334706,0.0,0.0,0.0,934,644,272,936,2
Monitor Clipper Funds,0.0018181818181818182,0.0,0.0,4.603076170116526e-18,0.0,0.0,0.0,934,644,672,936,2
Centennial Ventures,0.0009090909090909091,0.0009090909090909091,0.0,7.270635370612071e-19,0.5706,0.0,0.0,710,644,742,936,226
bm-t,0.0009090909090909091,0.0,0.0,7.317238469984592e-18,0.0,0.0,0.0,934,644,661,936,2
Fidelity Growth Partners India,0.0018181818181818182,0.0,0.0,0.0017207310866261304,0.0,0.0,0.0,934,644,433,936,2
Correlation Ventures,0.0036363636363636364,0.0,0.0,0.00297522654586729,0.0,0.0,0.0,934,644,395,936,2
River Cities Capital Funds,0.0036363636363636364,0.0,0.0,3.112409349779848e-13,0.0,0.0,0.0,934,644,584,936,2
Caixa Capital Risc,0.0009090909090909091,0.0,0.0,9.690482001041142e-19,0.0,0.0,0.0,934,644,719,936,2
FranÃ§ois Stieger,0.0009090909090909091,0.0,0.0,0.019135591360633992,0.0,0.0,0.0,934,644,162,936,2
Draper Associates,0.004545454545454545,0.0,0.0,0.0051280356298988375,0.0,0.0,0.0,934,644,334,936,2
Croghan Investments,0.0009090909090909091,0.0,0.0,9.179125045125528e-14,0.0,0.0,0.0,934,644,593,936,2
Crawley Hatfield Capital,0.0009090909090909091,0.0,0.0,9.179125045125528e-14,0.0,0.0,0.0,934,644,593,936,2
Seagate Technology,0.0009090909090909091,0.0,0.0,0.008293833345721788,0.0,0.0,0.0,934,644,276,936,2
Toba Capital,0.0018181818181818182,0.0,0.0,0.00032762596634900007,0.0,0.0,0.0,934,644,509,936,2
Rackspace,0.0009090909090909091,0.0,0.0,0.00032762596634899963,0.0,0.0,0.0,934,644,510,936,2
Devonshire Investors,0.0009090909090909091,0.0,0.0,0.00032762596634899963,0.0,0.0,0.0,934,644,510,936,2
Alco Investment,0.0,0.0018181818181818182,0.0,6.450860072587633e-20,1.3922,0.0,0.0,575,644,931,936,361
iSherpa Capital,0.0027272727272727275,0.0,0.0,1.205428963974028e-17,0.0,0.0,0.0,934,644,660,936,2
AdmitOne Security,0.0,0.0018181818181818182,0.0,6.450860072587633e-20,1.3922,0.0,0.0,575,644,931,936,361
Active Venture Partners,0.0009090909090909091,0.0,0.0,9.690482001041142e-19,0.0,0.0,0.0,934,644,719,936,2
FCA Venture Partners,0.0,0.0009090909090909091,0.0,6.450860072587633e-20,0.7739,0.0,0.0,710,644,931,936,226
Osage Venture Partners,0.0009090909090909091,0.0,0.0,0.0009939641390137716,0.0,0.0,0.0,934,644,470,936,2
Cabiedes & Partners,0.0,0.0018181818181818182,0.0,6.450860072587633e-20,1.558,0.0,0.0,575,644,931,936,361
Patrick Soon-Shiong,0.006363636363636364,0.0,0.0,0.0008626866072181832,0.0,0.0,0.0,934,644,476,936,2
Trellis Partners,0.0,0.0009090909090909091,0.0,6.450860072587633e-20,0.7822,0.0,0.0,710,644,931,936,226
Shan Mehta,0.006363636363636364,0.0,0.0,0.005800544624287245,0.0,0.0,0.0,934,644,318,936,2
Reza Hussein,0.006363636363636364,0.0,0.0,0.005800544624287245,0.0,0.0,0.0,934,644,318,936,2
Mike Davidson,0.006363636363636364,0.0,0.0,0.005800544624287245,0.0,0.0,0.0,934,644,318,936,2
Aayush Phumbhra,0.006363636363636364,0.0,0.0,0.005800544624287245,0.0,0.0,0.0,934,644,318,936,2
Queensland Investment Corporation,0.0027272727272727275,0.0,0.0,1.9030811317342233e-18,0.0,0.0,0.0,934,644,697,936,2
Delta-V Capital,0.0027272727272727275,0.0,0.0,1.9030811317342233e-18,0.0,0.0,0.0,934,644,697,936,2
Morgan Stanley,0.0009090909090909091,0.0,0.0,0.006550115294607541,0.0,0.0,0.0,934,644,302,936,2
Industry Ventures,0.0018181818181818182,0.0,0.0,0.006262659376013465,0.0,0.0,0.0,934,644,307,936,2
Samsung Ventures,0.0018181818181818182,0.0,0.0,0.00032762596634900045,0.0,0.0,0.0,934,644,508,936,2
Tenaya Capital,0.0036363636363636364,0.0,0.0,0.04220302853064472,0.0,0.0,0.0,934,644,71,936,2
@Ventures,0.0018181818181818182,0.0,0.0,8.35087477191732e-06,0.0,0.0,0.0,934,644,555,936,2
VCE Capital Partners,0.0018181818181818182,0.0,0.0,0.00018861612086812197,0.0,0.0,0.0,934,644,526,936,2
OPENAIR Equity Partners,0.0009090909090909091,0.0,0.0,0.00455882424539822,0.0,0.0,0.0,934,644,342,936,2
Mithril Capital Management,0.0009090909090909091,0.0,0.0,0.00455882424539822,0.0,0.0,0.0,934,644,342,936,2
Castile Ventures,0.0027272727272727275,0.0,0.0,0.0044284936869382055,0.0,0.0,0.0,934,644,346,936,2
QuestMark Partners,0.004545454545454545,0.0,0.0,0.01499203908765786,0.0,0.0,0.0,934,644,201,936,2
Citrix Online,0.0018181818181818182,0.0,0.0,0.005169064913446985,0.0,0.0,0.0,934,644,333,936,2
Inventures Group,0.0009090909090909091,0.0,0.0,3.4380094872005756e-16,0.0,0.0,0.0,934,644,630,936,2
Southern Cross Venture Partners,0.0018181818181818182,0.0,0.0,0.002975226545865079,0.0,0.0,0.0,934,644,396,936,2
Volition Capital,0.0009090909090909091,0.0,0.0,0.00023266385342042938,0.0,0.0,0.0,934,644,520,936,2
Autodesk,0.0036363636363636364,0.0,0.0,0.0014500178588198614,0.0,0.0,0.0,934,644,449,936,2
Shenzhen Fortune Venture Capital,0.0009090909090909091,0.0,0.0,7.364688910470397e-19,0.0,0.0,0.0,934,644,741,936,2
Shenzhen Capital Group,0.0,0.0009090909090909091,0.0,6.450860072587633e-20,0.5787,0.0,0.0,710,644,931,936,226
GulfSouth Capital,0.0009090909090909091,0.0009090909090909091,0.0,8.435273648117041e-19,0.6709,0.0,0.0,710,644,726,936,226
SAP Ventures,0.006363636363636364,0.0,0.0,0.01708979116883148,0.0,0.0,0.0,934,644,183,936,2
GE Commercial Finance,0.0018181818181818182,0.0,0.0,0.021527189091088774,0.0,0.0,0.0,934,644,145,936,2
Rimage,0.0009090909090909091,0.0,0.0,7.470353998459382e-19,0.0,0.0,0.0,934,644,736,936,2
Aviv Venture Capital,0.0,0.0009090909090909091,0.0,6.450860072587633e-20,0.5878,0.0,0.0,710,644,931,936,226
China Broadband Capital,0.0009090909090909091,0.0,0.0,0.00017364374873351225,0.0,0.0,0.0,934,644,530,936,2
Concur Technologies,0.0018181818181818182,0.0,0.0,9.28407781646812e-19,0.0,0.0,0.0,934,644,722,936,2
Infinity Venture Fund,0.0,0.0009090909090909091,0.0,6.450860072587633e-20,0.6481,0.0,0.0,710,644,931,936,226
Networld,0.0027272727272727275,0.0,0.0,2.32214190376966e-18,0.0,0.0,0.0,934,644,684,936,2
Globis Capital Partners,0.0,0.0009090909090909091,0.0,6.450860072587633e-20,0.6481,0.0,0.0,710,644,931,936,226
Hunter Walk,0.007272727272727273,0.0,0.0,0.001556728405833004,0.0,0.0,0.0,934,644,440,936,2
Cipora Herman,0.007272727272727273,0.0,0.0,0.001556728405833004,0.0,0.0,0.0,934,644,440,936,2
Andy Dunn,0.007272727272727273,0.0,0.0,0.001556728405833004,0.0,0.0,0.0,934,644,440,936,2
Sippl MacDonald Ventures,0.0027272727272727275,0.0,0.0,0.0002049764007174048,0.0,0.0,0.0,934,644,521,936,2
John Ruffolo,0.0018181818181818182,0.0,0.0,0.003289678792300477,0.0,0.0,0.0,934,644,386,936,2
Devdutt Yellurkar,0.0018181818181818182,0.0,0.0,0.003289678792300477,0.0,0.0,0.0,934,644,386,936,2
Pequot Ventures,0.0018181818181818182,0.0,0.0,0.005303233588881075,0.0,0.0,0.0,934,644,328,936,2
FTVentures,0.0018181818181818182,0.0,0.0,0.005303233588881075,0.0,0.0,0.0,934,644,328,936,2
Bill Baker,0.006363636363636364,0.0,0.0,0.008348769918205625,0.0,0.0,0.0,934,644,274,936,2
Mingxin China Growth Fund,0.0,0.0018181818181818182,0.0,6.450860072587633e-20,1.0748,0.0,0.0,575,644,931,936,361
East Sky Investment,0.0018181818181818182,0.0,0.0,4.162908390351103e-18,0.0,0.0,0.0,934,644,678,936,2
Alan Alexrod,0.006363636363636364,0.0,0.0,0.008348769918205625,0.0,0.0,0.0,934,644,274,936,2
Satya Patel,0.007272727272727273,0.0,0.0,0.001556728405833004,0.0,0.0,0.0,934,644,440,936,2
Peter Pham,0.007272727272727273,0.0,0.0,0.001556728405833004,0.0,0.0,0.0,934,644,440,936,2
Michael Schroepfer,0.007272727272727273,0.0,0.0,0.001556728405833004,0.0,0.0,0.0,934,644,440,936,2
StarVest Partners,0.005454545454545455,0.0,0.0,0.019860159699054393,0.0,0.0,0.0,934,644,155,936,2
Dali Hook Partners,0.0018181818181818182,0.0,0.0,0.019402944756474468,0.0,0.0,0.0,934,644,159,936,2
Vital Financial,0.0036363636363636364,0.0,0.0,0.001942942294746792,0.0,0.0,0.0,934,644,424,936,2
TDF Ventures,0.0036363636363636364,0.0,0.0,0.001942942294746792,0.0,0.0,0.0,934,644,424,936,2
Serena Capital,0.0018181818181818182,0.0,0.0,9.726695338438717e-16,0.0,0.0,0.0,934,644,617,936,2
Southern Farm Bureau,0.0,0.0018181818181818182,0.0,6.450860072587633e-20,1.3418,0.0,0.0,575,644,931,936,361
Southern Farm Bureau Life Insurance,0.0018181818181818182,0.0,0.0,6.065017483911579e-18,0.0,0.0,0.0,934,644,662,936,2
Juniper Networks,0.0036363636363636364,0.0,0.0,0.037976811740964,0.0,0.0,0.0,934,644,78,936,2
Jeff Tegethoff,0.0,0.0009090909090909091,0.0,6.450860072587633e-20,0.5344,0.0,0.0,710,644,931,936,226
Interstate Enterprises,0.0,0.0009090909090909091,0.0,6.450860072587633e-20,0.5344,0.0,0.0,710,644,931,936,226
Broadhorn Capital,0.0,0.0009090909090909091,0.0,6.450860072587633e-20,0.5344,0.0,0.0,710,644,931,936,226
BON Fund,0.0,0.0009090909090909091,0.0,6.450860072587633e-20,0.5344,0.0,0.0,710,644,931,936,226
Telephone Acquisition Company,0.004545454545454545,0.0,0.0,3.1671142612376235e-18,0.0,0.0,0.0,934,644,681,936,2
10 Others,0.0,0.0009090909090909091,0.0,6.450860072587633e-20,0.5344,0.0,0.0,710,644,931,936,226
Ãcho Capital FIER Outaouais,0.0018181818181818182,0.0,0.0,3.323488471997127e-18,0.0,0.0,0.0,934,644,680,936,2
Goldcrest Investments,0.0018181818181818182,0.0,0.0,0.007892163369022018,0.0,0.0,0.0,934,644,282,936,2
Alleghany Capital,0.0009090909090909091,0.0,0.0,0.003592502824428278,0.0,0.0,0.0,934,644,370,936,2
Capital Group,0.0018181818181818182,0.0,0.0,0.02560051182736058,0.0,0.0,0.0,934,644,127,936,2
Westbury Partners,0.004545454545454545,0.0,0.0,2.807391471917558e-10,0.0,0.0,0.0,934,644,568,936,2
Amerindo Investment Advisors,0.0018181818181818182,0.0,0.0,0.02560051182736058,0.0,0.0,0.0,934,644,127,936,2
eCAPITAL Entrepreneurial Partners AG,0.0009090909090909091,0.0,0.0,5.595088975358157e-19,0.0,0.0,0.0,934,644,751,936,2
Peninsula Ventures,0.0027272727272727275,0.0,0.0,2.5286884729594414e-05,0.0,0.0,0.0,934,644,550,936,2
Media Technology Ventures,0.0027272727272727275,0.0,0.0,2.5286884729594414e-05,0.0,0.0,0.0,934,644,550,936,2
SEB Private Equity,0.0018181818181818182,0.0,0.0,0.01563821498789904,0.0,0.0,0.0,934,644,191,936,2
"GMO VenturePartners, Inc.",0.0009090909090909091,0.0,0.0,7.015181311737599e-19,0.0,0.0,0.0,934,644,744,936,2
Paul Pluschkell,0.0,0.0009090909090909091,0.0,6.450860072587633e-20,0.4497,0.0,0.0,710,644,931,936,226
Fung Capital USA,0.0036363636363636364,0.0,0.0,0.01657883300786896,0.0,0.0,0.0,934,644,186,936,2
PICO,0.0,0.0009090909090909091,0.0,6.450860072587633e-20,0.4497,0.0,0.0,710,644,931,936,226
Compuware,0.0,0.0009090909090909091,0.0,6.450860072587633e-20,0.6089,0.0,0.0,710,644,931,936,226
IncWell,0.005454545454545455,0.0,0.0,4.3066715947803724e-18,0.0,0.0,0.0,934,644,677,936,2
CPoWeR Ventures,0.0,0.0009090909090909091,0.0,6.450860072587633e-20,0.6089,0.0,0.0,710,644,931,936,226
Level Equity,0.0027272727272727275,0.0,0.0,0.003352807597337603,0.0,0.0,0.0,934,644,380,936,2
BayBG,0.0009090909090909091,0.0,0.0,5.595088975358157e-19,0.0,0.0,0.0,934,644,751,936,2
Michael Ovitz,0.0018181818181818182,0.0,0.0,0.015625024712865997,0.0,0.0,0.0,934,644,194,936,2
Dassault Systemes,0.0009090909090909091,0.0,0.0,6.272042231375506e-19,0.0,0.0,0.0,934,644,749,936,2
Quest for Growth,0.0009090909090909091,0.0,0.0,0.0008317738242859673,0.0,0.0,0.0,934,644,478,936,2
OTC Asset Management,0.0018181818181818182,0.0,0.0,0.0008317738242860922,0.0,0.0,0.0,934,644,477,936,2
IQT,0.0018181818181818182,0.0,0.0,0.0029631470079185076,0.0,0.0,0.0,934,644,397,936,2
Laurence Capital,0.0009090909090909091,0.0,0.0,0.0028760073468604803,0.0,0.0,0.0,934,644,399,936,2
Naef Gestion Internationale,0.0018181818181818182,0.0,0.0,1.3146078724724882e-18,0.0,0.0,0.0,934,644,707,936,2
AmorÃ§age RhÃ´ne Alpes,0.0,0.0018181818181818182,0.0,6.450860072587633e-20,1.0766,0.0,0.0,575,644,931,936,361
Vegas Tech Fund,0.0018181818181818182,0.0,0.0,4.332671430215463e-18,0.0,0.0,0.0,934,644,674,936,2
Tony Hsieh,0.0018181818181818182,0.0,0.0,4.332671430215463e-18,0.0,0.0,0.0,934,644,674,936,2
SOS Ventures,0.0018181818181818182,0.0,0.0,4.332671430215463e-18,0.0,0.0,0.0,934,644,674,936,2
BaseVC,0.0018181818181818182,0.0,0.0,4.332671430215463e-18,0.0,0.0,0.0,934,644,674,936,2
Phenomen Ventures,0.0009090909090909091,0.0,0.0,1.0401108746637396e-18,0.0,0.0,0.0,934,644,712,936,2
Keren Hagshama,0.0009090909090909091,0.0,0.0,1.0401108746637396e-18,0.0,0.0,0.0,934,644,712,936,2
John Garfield,0.0009090909090909091,0.0,0.0,1.0401108746637396e-18,0.0,0.0,0.0,934,644,712,936,2
Angel CoFund,0.0,0.0027272727272727275,0.0,6.450860072587633e-20,2.5206,0.0,0.0,429,644,931,936,507
SWaN & Legend Venture Partners,0.0027272727272727275,0.0,0.0,0.0014111124573620017,0.0,0.0,0.0,934,644,452,936,2
Kibo Ventures,0.0036363636363636364,0.0,0.0,0.014229754198610726,0.0,0.0,0.0,934,644,212,936,2
Fides Finanz-Invest,0.0036363636363636364,0.0,0.0,0.014229754198610726,0.0,0.0,0.0,934,644,212,936,2
Rose Park Advisors,0.0009090909090909091,0.0,0.0,4.818276405417155e-19,0.0,0.0,0.0,934,644,756,936,2
Blue Heron Capital,0.0009090909090909091,0.0,0.0,4.818276405417155e-19,0.0,0.0,0.0,934,644,756,936,2
Various Angels,0.0,0.0018181818181818182,0.0,6.450860072587633e-20,0.7188,0.0,0.0,575,644,931,936,361
