eval_date,sector,alpha_k6,alpha_k12,alpha_k18,alpha_k24,alpha_k36
2014-10-31,ARKW,0.05675086956067055,0.07056394156151735,0.0053639898229830285,0.14660806547637817,0.5195482436575444
2014-11-30,ARKW,0.08347267933835345,0.11980438742768063,0.05542644882285852,0.1428705693845742,0.5463125410410997
2014-12-31,ARKW,0.10613206996349178,0.11177328464423142,0.07563436195422202,0.12032288399249724,0.5571855025110297
2015-01-31,ARKW,0.08627299350586493,-0.026538824826396024,0.09035404764304444,0.17449980282422228,0.5963418313259005
2015-02-28,ARKW,0.04459253803889851,-0.036965508942057634,0.0752175572067304,0.13277452118986532,0.6264734227399931
2015-03-31,ARKW,0.032641216011166097,-0.03948959180105471,0.11859774642402665,0.1459137027562477,0.6092496053272775
2015-04-30,ARKW,0.013813072000846804,-0.05138687973768752,0.08985719591570762,0.17447944653553582,0.5916533013019976
2015-05-31,ARKW,0.036331708089327175,-0.02804623051549493,0.05939789004622076,0.3048501603176105,0.6256784528872343
2015-06-30,ARKW,0.005641214680739637,-0.030497708009269764,0.01419081402900546,0.27766849792107795,0.6392113175040335
2015-07-31,ARKW,-0.11281181833226095,0.004081054137179518,0.08822680931835736,0.3007727106977056,0.5888065186024583
2015-08-31,ARKW,-0.08155804698095614,0.03062501916783189,0.08818198315096681,0.4312262076988328,0.6515505243280314
2015-09-30,ARKW,-0.07213080781222081,0.08595653041286055,0.11327248674508161,0.4016479797546718,0.6174920034119002
2015-10-31,ARKW,-0.06519995173853432,0.07604412391486082,0.16066637453468902,0.448984302096027,0.6236074691650766
2015-11-30,ARKW,-0.0643779386048221,0.023066181956893583,0.2685184522282833,0.4265081536134191,0.5751301889586804
2015-12-31,ARKW,-0.0361389226900094,0.008549599348265824,0.2720272832403383,0.4454122178667983,0.4629826033816785
2016-01-31,ARKW,0.11689287246944047,0.2010386276506183,0.41358452902996656,0.6228806561522965,0.8151578588813397
2016-02-29,ARKW,0.11218306614878804,0.16974003013192296,0.5127842546797889,0.6634389316820507,0.8156822670120919
2016-03-31,ARKW,0.15808733822508136,0.18540329455730242,0.4737787875668926,0.6487391971283322,0.7887571999032732
2016-04-30,ARKW,0.14124407565339514,0.22586632627322334,0.5141842538345613,0.6430401810396851,0.7801325616635275
2016-05-31,ARKW,0.08744412056171569,0.3328963908331054,0.4908860922182412,0.6537246834027293,0.6943698254545502
2016-06-30,ARKW,0.044688522038275225,0.3081662059303477,0.4815511405568077,0.6697090255133032,0.7032609825364053
2016-07-31,ARKW,0.08414575518117784,0.2966916565605261,0.505987783682856,0.5847254644652787,0.6561704620874094
2016-08-31,ARKW,0.05755696398313492,0.4006011885310009,0.5512558655332627,0.6209255051601995,0.6117714274163847
2016-09-30,ARKW,0.02731595633222106,0.31569144934181126,0.4906518589032508,0.5315354729990397,0.5164419329363567
2016-10-31,ARKW,0.0846222506198282,0.3729401781811662,0.5017961053862899,0.5475633452502158,0.5706928601513757
2016-11-30,ARKW,0.24545227027138972,0.4034419716565255,0.5662805628410136,0.5520640070017868,0.6388819306829037
2016-12-31,ARKW,0.2634776838920725,0.4368626185185325,0.625020503475028,0.4544330040334127,0.6628464735278939
2017-01-31,ARKW,0.21254590137934826,0.4218420285016782,0.5005797092841009,0.6141192312307214,0.6796999799631221
2017-02-28,ARKW,0.343044224547866,0.49369890155012774,0.5633685411770646,0.6459422368801689,0.7736022448300862
2017-03-31,ARKW,0.2883754930095902,0.46333590257102975,0.5042195166668186,0.6033539053459708,0.7124002704685126
2017-04-30,ARKW,0.288317927561338,0.41717385476646174,0.4629410946303876,0.5542662353903042,0.790809463976379
2017-05-31,ARKW,0.1579897013851358,0.32082829256962386,0.3066117367303971,0.36147343462144477,0.7379967945528674
2017-06-30,ARKW,0.17338493462645999,0.36154281958295553,0.1909553201413402,0.39509477660605763,0.8598534675515935
2017-07-31,ARKW,0.20929612712232992,0.28803380790475264,0.4015733298513732,0.35947880552688327,0.9442451476217798
2017-08-31,ARKW,0.15065467700226176,0.2203243166291986,0.30289801233230296,0.21117023888538378,0.8897855448777013
2017-09-30,ARKW,0.17496040956143954,0.21584402365722843,0.3149784123363806,0.2007504835945454,0.92487629762849
2017-10-31,ARKW,0.12885592720512373,0.17462316706904957,0.26594830782896617,0.19775268197020945,0.9325539088768401
2017-11-30,ARKW,0.16283859118448807,0.1486220353452613,0.20348373323630897,0.23543995902637815,1.0341603180609282
2017-12-31,ARKW,0.18815788495649555,0.017570385514880216,0.22170984197959764,0.22598385500936147,1.0665792684149684
2018-01-31,ARKW,0.07873768078242271,0.19227720272904325,0.15018267840455335,0.25785795146144397,1.1111926516085513
2018-02-28,ARKW,0.06966963962693684,0.1522433353300412,0.060515561883122015,0.27990334327995847,1.039998012086576
2018-03-31,ARKW,0.04088361409578889,0.14001800277494103,0.025790074033105848,0.24906436789748287,0.9183267329667509
2018-04-30,ARKW,0.045767239863925835,0.13709238062384244,0.06889675476508572,0.37363560920991723,0.8820333668029984
2018-05-31,ARKW,-0.014216555839226763,0.040645142051820904,0.07260136784189009,0.4171685019832435,0.7497795875960036
2018-06-30,ARKW,-0.17058749944161533,0.0335519570231021,0.03782597005286592,0.498310647968638,0.8147392895487052
2018-07-31,ARKW,0.11353952194662054,0.07144499762213063,0.17912027067902125,0.6562113397170272,0.793569664153076
2018-08-31,ARKW,0.08257369570310436,-0.009154077743814826,0.21023370365302163,0.6694612282485027,0.7402473297838627
2018-09-30,ARKW,0.09913438867915214,-0.015093540062683042,0.20818075380169399,0.7090322739712616,0.7418392364120798
2018-10-31,ARKW,0.0913251407599166,0.023129514901159887,0.3278683693459914,0.7579307418077905,0.8061029256978622
2018-11-30,ARKW,0.05486169789104767,0.08681792368111685,0.4313850578224703,0.885538282715667,0.7098255811400406
2018-12-31,ARKW,0.20413945646471743,0.20841346949448125,0.6688981474102533,1.0490088829000883,0.6391240557355801
2019-01-31,ARKW,-0.0420945243244899,0.06558074873240072,0.5426718177704066,0.9189154488795082,0.2754034364788639
2019-02-28,ARKW,-0.09172777344691918,0.12766000794991728,0.5868875325453984,0.8877546767565347,0.22710726391645075
2019-03-31,ARKW,-0.11422792874183518,0.10904636512254184,0.6098978852921094,0.7783087301918099,0.18853858136479928
2019-04-30,ARKW,-0.06819562585875671,0.2365432285860748,0.6666056010478739,0.744940986179156,0.023379840217720105
2019-05-31,ARKW,0.03195622579006918,0.3765233599314226,0.8306765848246194,0.7091344455441828,-0.038452658239242266
2019-06-30,ARKW,0.0042740130297638235,0.4647586909455359,0.8448694264353709,0.7811873325256031,-0.12702902108609826
2019-07-31,ARKW,0.10767527305689062,0.5847663420948965,0.9610099732039981,0.7221246665309453,-0.10075027561941852
2019-08-31,ARKW,0.21938778139683646,0.6786153059923176,0.9794824502034539,0.7494014075276775,-0.08220129869066828
2019-09-30,ARKW,0.22327429386437703,0.7241258140339446,0.8925366589336451,0.7569327764747629,-0.06050134669782037
2019-10-31,ARKW,0.3047388544448315,0.7348012269066306,0.8131366120379128,0.7829734107967024,-0.11951832635783588
2019-11-30,ARKW,0.3445671341413534,0.7987203590345502,0.6771782197541136,0.6230076574589237,-0.29351716251260274
2019-12-31,ARKW,0.4604846779157721,0.8405954134056071,0.7769133194958393,0.4307105862410988,-0.3800559334269289
2020-01-31,ARKW,0.4770910690380059,0.8533347001471074,0.6144493934740547,0.20982268774646318,-0.24863615636917702
2020-02-29,ARKW,0.4592275245954811,0.7600946688066175,0.530013626130841,0.09944725596653348,-0.286560568909901
2020-03-31,ARKW,0.5008515201695676,0.6692623650692681,0.5336584826103858,0.07949221624225744,-0.22461916386596636
2020-04-30,ARKW,0.4300623724617991,0.5083977575930813,0.47823455635187084,-0.2131633883683547,-0.46744156587614816
2020-05-31,ARKW,0.45415322489319676,0.3326110856127602,0.2784405233175703,-0.4149760181706649,-0.4554882725283802
2020-06-30,ARKW,0.380110735489835,0.3164286415800672,-0.029774091674673264,-0.5917877120316342,-0.5274095903502607
2020-07-31,ARKW,0.37624363110910153,0.13735832443604878,-0.26726838129154273,-0.685516617714315,-0.524527837458781
2020-08-31,ARKW,0.30086714421113636,0.07078610153535991,-0.35978026862894763,-0.7608166046829858,-0.7014658937485859
2020-09-30,ARKW,0.16841084489970048,0.032806962440818266,-0.42135930392731014,-0.784627160731765,-0.7299989664192573
2020-10-31,ARKW,0.07833538513128213,0.04817218389007172,-0.6432257608301538,-0.8543195532644665,-0.7970656636682819
2020-11-30,ARKW,-0.12154213928043656,-0.17571270157562646,-0.8691292430638616,-1.092237521547153,-0.7211607404489341
2020-12-31,ARKW,-0.06368209390976776,-0.40988482716450825,-0.9718984475214691,-1.220651346832536,-0.6661274118729489
2021-01-31,ARKW,-0.23888530667305274,-0.6435120124006443,-1.0617602488234168,-1.1019708565162845,-0.874692554712767
2021-02-28,ARKW,-0.23008104267577645,-0.660647412840084,-1.0616837488941222,-1.0466552377165184,-0.7623945658071208
2021-03-31,ARKW,-0.13560388245888222,-0.5897701488270106,-0.9530380056314655,-0.8938815289352344,-0.6249331858106731
2021-04-30,ARKW,-0.030163201241210413,-0.721561145961436,-0.9326549383957486,-0.9758393234692294,-0.6487443653342259
2021-05-31,ARKW,-0.054170562295189906,-0.7475871037834251,-0.9706953822667164,-0.7880993581411404,-0.6130543892433171
2021-06-30,ARKW,-0.3462027332547405,-0.9082163536117014,-1.1569692529227682,-0.8438382319303279,-0.6994067489998457
2021-07-31,ARKW,-0.4046267057275915,-0.8228749421503638,-0.8630855498432317,-0.6618861618948297,-0.6477739591651387
2021-08-31,ARKW,-0.43056637016430754,-0.8316027062183458,-0.816574195040742,-0.7722519952839458,-0.6472389233643941
2021-09-30,ARKW,-0.4541662663681284,-0.8174341231725832,-0.7582776464763522,-0.7628059288600756,-0.5590048909355779
2021-10-31,ARKW,-0.6913979447202255,-0.9024917371545382,-0.945676122228019,-0.8452378475583536,-0.5883704962218327
2021-11-30,ARKW,-0.6934165414882352,-0.9165248199715265,-0.7339287958459505,-0.5454480388733076,-0.2986055246609043
2021-12-31,ARKW,-0.5620136203569609,-0.8107665196680277,-0.49763549867558743,-0.25624258470844063,-0.0824382140382357
2022-01-31,ARKW,-0.4182482364227723,-0.4584588441156402,-0.2572594561672382,-0.23118054231212282,0.13114784056781803
2022-02-28,ARKW,-0.4010363360540382,-0.3860078248764345,-0.3416856251196383,-0.10174715296703696,0.06459292999537014
2022-03-31,ARKW,-0.36326785680445484,-0.3041113801082238,-0.3086396624919472,-0.03516303698366252,0.062121967153166535
2022-04-30,ARKW,-0.2110937924343127,-0.25427817750779347,-0.1538399028381281,0.07281678062721009,0.33533494951634457
2022-05-31,ARKW,-0.2231082784832913,-0.04051225435771533,0.14796850261492756,0.13453271454010796,0.5518185043017166
2022-06-30,ARKW,-0.2487528993110668,0.06437812168137347,0.30577103564852026,0.20880960461185571,0.7865713895331257
2022-07-31,ARKW,-0.040210607692867884,0.1609887802555341,0.1870676941106495,0.17510098298522514,0.8153692587872658
2022-08-31,ARKW,0.015028511177603732,0.05935071093439992,0.29928918308700125,0.1843637828539516,0.8011882821454447
2022-09-30,ARKW,0.05915647669623103,0.05462819431250765,0.3281048198207923,0.2584292322370053,0.8999490707110064
2022-10-31,ARKW,-0.04318438507348077,0.057253889596184604,0.2839105730615228,0.31412124093270555,0.9146997386513663
2022-11-30,ARKW,0.18259602412557596,0.37107678109821884,0.35764099302339925,0.6179192953106222,0.8926299438641544
2022-12-31,ARKW,0.3131310209924403,0.5545239349595871,0.4575625039229225,0.728328305629792,0.9498916239124106
2023-01-31,ARKW,0.20119938794840198,0.22727830180351738,0.21531159067809302,0.5896066846834582,0.6494410008773882
2023-02-28,ARKW,0.04432219975679619,0.2842606719093975,0.16933527167634788,0.4506007548718046,0.5301183012398036
2023-03-31,ARKW,-0.004528282383723381,0.2689483431245613,0.19927275554077428,0.36623334726139034,0.5201637352986717
2023-04-30,ARKW,0.10043827466966537,0.32709495813500356,0.3573056260061863,0.589613127024138,0.6785554461406748
2023-05-31,ARKW,0.18848075697264288,0.17504496889782328,0.4353232711850462,0.592330758659432,0.6134657754270271
2023-06-30,ARKW,0.2413929139671468,0.14443148293048225,0.4151972846373517,0.7221932678517522,0.5686844467446209
2023-07-31,ARKW,0.026078913855115404,0.014112202729691048,0.38840729673505625,0.6543804785317318,0.4568150593865662
2023-08-31,ARKW,0.23993847215260133,0.1250130719195517,0.40627855511500843,0.7418375712110448,0.5730843005777124
2023-09-30,ARKW,0.27347662550828467,0.20380103792449766,0.3707616296451137,0.8453208763984987,0.5947454637116236
2023-10-31,ARKW,0.22665668346533818,0.25686735133652094,0.48917485235447267,0.8574458490551817,0.6204314949487675
2023-11-30,ARKW,-0.013435788074819599,0.24684251421240333,0.4038500016867891,0.5215531627659357,0.4249850184543842
2023-12-31,ARKW,-0.09696143103666455,0.17380437067020493,0.4808003538846054,0.3953676889528236,0.32729153277747414
2024-01-31,ARKW,-0.011966711125424356,0.36232838287994085,0.6283015646766164,0.42216269907387083,0.4307361455314508
2024-02-29,ARKW,-0.11492540023304965,0.1663400829624071,0.5018990990584434,0.2458576293304061,0.3331458284251111
2024-03-31,ARKW,-0.069675587583787,0.09728500413682906,0.5718442508902141,0.2512153921741104,0.32126883820333896
2024-04-30,ARKW,0.03021066787118276,0.2625181688891345,0.6307891655898435,0.3514604880056712,0.3937748114834293
2024-05-31,ARKW,0.26027830228722293,0.4172857897616087,0.5349889508407553,0.4384208065292038,0.4384208065292038
2024-06-30,ARKW,0.2707658017068695,0.57776178492127,0.49232911998948814,0.4242529638141387,0.4242529638141387
2024-07-31,ARKW,0.3742950940053652,0.6402682758020407,0.4341294101992952,0.44270285665687514,0.44270285665687514
2024-08-31,ARKW,0.28126548319545674,0.6168244992914931,0.36078302956345576,0.44807122865816074,0.44807122865816074
2024-09-30,ARKW,0.16696059172061606,0.6415198384740011,0.3208909797578974,0.39094442578712596,0.39094442578712596
2024-10-31,ARKW,0.23230750101795172,0.6005784977186608,0.32124982013448844,0.36356414361224654,0.36356414361224654
2024-11-30,ARKW,0.15700748747438575,0.27471064855353233,0.17814250424198086,0.17814250424198086,0.17814250424198086
2024-12-31,ARKW,0.30699598321440047,0.22156331828261866,0.1534871621072692,0.1534871621072692,
2025-01-31,ARKW,0.2659731817966755,0.05983431619392998,0.06840776265150994,0.06840776265150994,
2025-02-28,ARKW,0.33555901609603633,0.07951754636799901,0.166805745462704,0.166805745462704,
2025-03-31,ARKW,0.474559246753385,0.15393038803728132,0.2239838340665099,0.2239838340665099,
2025-04-30,ARKW,0.36827099670070906,0.08894231911653672,0.13125664259429481,0.13125664259429481,
2025-05-31,ARKW,0.11770316107914658,0.021135016767595105,0.021135016767595105,0.021135016767595105,
2025-06-30,ARKW,-0.08543266493178181,-0.15350882110713127,-0.15350882110713127,,
2025-07-31,ARKW,-0.20613886560274552,-0.19756541914516557,-0.19756541914516557,,
2025-08-31,ARKW,-0.2560414697280373,-0.16875327063333234,-0.16875327063333234,,
2025-09-30,ARKW,-0.3206288587161037,-0.2505754126868751,,,
2025-10-31,ARKW,-0.27932867758417235,-0.23701435410641425,,,
2025-11-30,ARKW,-0.09656814431155147,-0.09656814431155147,,,
2025-12-31,ARKW,-0.06807615617534946,,,,
2026-01-31,ARKW,0.008573446457579958,,,,
2026-02-28,ARKW,0.08728819909470498,,,,
2026-03-31,ARKW,,,,,
2026-04-30,ARKW,,,,,
2026-05-31,ARKW,,,,,
2002-06-30,FDN,0.08850082030257769,0.1892381192555878,0.2455485028716429,0.259204653916422,0.26833709131765776
2002-07-31,FDN,0.0888417590535578,0.18049383177111883,0.2317690914763264,0.24233304649477388,0.25027474319135795
2002-08-31,FDN,0.0919233211556251,0.17223067700294653,0.2198445583871598,0.23280889746519612,0.23906681146982733
2002-09-30,FDN,0.10134809714936452,0.1705931176441599,0.21082790290193093,0.2249101938549844,0.23213154215675072
2002-10-31,FDN,0.1093352537610209,0.1742555358652674,0.203703463247879,0.22095137438144968,0.22797534587596685
2002-11-30,FDN,0.1072013595432431,0.1685032814602253,0.1881796205345062,0.2075432767404219,0.2174950155957687
2002-12-31,FDN,0.1007372989530101,0.1570476825690652,0.17070383361384428,0.18808215525279443,0.2041295869661778
2003-01-31,FDN,0.091652072717561,0.1429273324227686,0.1534912874412161,0.16869039055302842,0.1869369207548765
2003-02-28,FDN,0.0803073558473214,0.1279212372315347,0.140885576309571,0.1506546769959134,0.17369977559145622
2003-03-31,FDN,0.06924502049479539,0.1094798057525664,0.1235620967056199,0.1270136953028299,0.1530275236388609
2003-04-30,FDN,0.06492028210424651,0.0943682094868581,0.1116161206204288,0.10739537639704122,0.1360960082844618
2003-05-31,FDN,0.061301921916982194,0.0809782609912631,0.1003419171971788,0.09192020141276401,0.1270762268514993
2003-06-30,FDN,0.056310383616055094,0.06996653466083419,0.08734485629978431,0.07909897206206991,0.11557016106703202
2003-07-31,FDN,0.0512752597052076,0.0618392147236551,0.07703831783546741,0.0697809114202391,0.10626557149790831
2003-08-31,FDN,0.047613881384213304,0.0605782204622496,0.07034732114859202,0.0668361344668808,0.1016830551233587
2003-09-30,FDN,0.040234785257771,0.0543170762108245,0.05776867480803452,0.0615384245125908,0.09769994358364242
2003-10-31,FDN,0.0294479273826116,0.046695838516182295,0.042475094292794724,0.053719810010699406,0.09234447437108252
2003-11-30,FDN,0.019676339074280905,0.039039995280196596,0.03061827949578182,0.048991734135543405,0.0883258451066977
2003-12-31,FDN,0.013656151044779099,0.03103447268372922,0.022788588446014807,0.04708190439711261,0.08653807224321369
2004-01-31,FDN,0.0105639550184475,0.02576305813025982,0.018505651715031504,0.044009588332107906,0.0869577462881086
2004-02-29,FDN,0.0129643390780363,0.022733439764378718,0.019222253082667506,0.0457785383599215,0.08886677766362729
2004-03-31,FDN,0.0140822909530535,0.017533889550263512,0.021303639254819803,0.04354771788629451,0.0921347279503741
2004-04-30,FDN,0.017247911133570697,0.013027166910183114,0.024271882628087806,0.04172779879760371,0.0919637197967777
2004-05-31,FDN,0.0193636562059157,0.010941940421500913,0.029315395061262503,0.046097965860236206,0.09263503641061571
2004-06-30,FDN,0.017378321638950117,0.009132437401235703,0.033425753352333505,0.045603626406197806,0.0913948834099927
2004-07-31,FDN,0.015199103111812315,0.007941696696584004,0.033445633313660406,0.0444263567742532,0.08960146206903341
2004-08-31,FDN,0.009769100686342416,0.006257914004631205,0.032814199281885205,0.041104834661109105,0.07968029876075712
2004-09-30,FDN,0.003451598597210015,0.007221348301766305,0.029465426933241008,0.04338286737281791,0.07055138149444161
2004-10-31,FDN,-0.004220744223387585,0.007023971494517103,0.024479887664033008,0.045648635854900206,0.05974464354791062
2004-11-30,FDN,-0.008421715784414785,0.009951738855346805,0.026734309654320505,0.04928584982650111,0.04967309107467032
2004-12-31,FDN,-0.00824588423771441,0.016047431713383388,0.02822530476724769,0.05550359955948449,0.04195972162678929
2005-01-31,FDN,-0.007257406415228309,0.01824653020184809,0.029227253662440892,0.06119468815784879,0.0338581379630033
2005-02-28,FDN,-0.0035111866817112104,0.023045098595542792,0.031335733974766695,0.06613333789924858,0.028580026119272992
2005-03-31,FDN,0.0037697497045562902,0.02601382833603099,0.03993126877560789,0.07460083840011059,0.030736255577382784
2005-04-30,FDN,0.01124471571790469,0.02870063188742059,0.049869380078287784,0.0789365528865946,0.035145156613098485
2005-05-31,FDN,0.01837345463976159,0.035156025438735285,0.05770756561091588,0.08169309598911478,0.038438871714524196
2005-06-30,FDN,0.0242933159510978,0.0364711890049621,0.06374948379719891,0.082262446008757,0.0372662764734855
2005-07-31,FDN,0.025503936617076402,0.0364846600776692,0.0684520945730771,0.0816597653724494,0.036124384773396905
2005-08-31,FDN,0.026556285277254,0.034846920656477896,0.06964452458095981,0.07342238475612589,0.0337242961754346
2005-09-30,FDN,0.0222440786314747,0.0361615190710516,0.0708310886955543,0.0633300331926753,0.02996577229744463
2005-10-31,FDN,0.017455916169515903,0.0386246643603831,0.0676918371686899,0.0527206720533935,0.02646185035653973
2005-11-30,FDN,0.0167825707989737,0.0393341109711543,0.06331964134935321,0.0397213522193235,0.022373066574706432
2005-12-31,FDN,0.0121778730538643,0.0394561678461011,0.0579691300576592,0.025912289913405898,0.01659666758881503
2006-01-31,FDN,0.0109807234605928,0.042948157956000696,0.056155828755373005,0.015611607761155197,0.01806284060398363
2006-02-28,FDN,0.0082906353792239,0.0430882393037058,0.0468660994788719,0.005534927523730198,0.014461786112565433
2006-03-31,FDN,0.013917440439576899,0.0485870100640796,0.04108595456120061,0.0047224272413518,0.018191263225364934
2006-04-30,FDN,0.021168748190867198,0.050235920999174,0.035264755883877605,0.006444524725677901,0.020464328160963628
2006-05-31,FDN,0.022551540172180598,0.0465370705503795,0.022938781420349802,0.0032828462757888994,0.018012953332423434
2006-06-30,FDN,0.0272782947922368,0.04579125700379489,0.013734416859541599,0.0007950874685233996,0.018060826133777436
2006-07-31,FDN,0.0319674344954079,0.04517510529478019,0.004630884300562398,-0.0003602753042722981,0.014584244731902932
2006-08-31,FDN,0.034797603924481904,0.038575464099647995,-0.0027557078554937033,-0.0011226244810432964,0.015477765238161132
2006-09-30,FDN,0.0346695696245027,0.0271685141216237,-0.0091950131982251,-0.006195746773606967,0.021343763644196132
2006-10-31,FDN,0.029067172808306795,0.014096007693010401,-0.014724223465189302,-0.012162814003843368,0.025146306992542732
2006-11-30,FDN,0.0239855303781989,0.0003872412481691987,-0.0192686938963917,-0.016961044396447866,0.029787095384240434
2006-12-31,FDN,0.0185129622115581,-0.013543877932695202,-0.0264832073237134,-0.022859500257286065,0.03376783609147733
2007-01-31,FDN,0.0132076707993723,-0.0273365501948455,-0.03232770979968019,-0.024885317352017065,0.03923916827495173
2007-02-28,FDN,0.0037778601751661004,-0.037553311779975604,-0.035920228405525195,-0.028626453191140367,0.04259923480130093
2007-03-31,FDN,-0.007501055502879,-0.0438645828227278,-0.040865316398109676,-0.030395746838714665,0.045069134820957334
2007-04-30,FDN,-0.0149711651152964,-0.0437913962734961,-0.04122998681215017,-0.02977159283821037,0.05255550583567724
2007-05-31,FDN,-0.0235982891300297,-0.0432542242745906,-0.04094657477464678,-0.028524117217956065,0.059539541831969335
2007-06-30,FDN,-0.0320568401442533,-0.044996169535271496,-0.04137246246884417,-0.027730430870017468,0.06709107411253504
2007-07-31,FDN,-0.0405442209942178,-0.045535380599052495,-0.03809298815138938,-0.03059086056287727,0.07334854510056753
2007-08-31,FDN,-0.0413311719551417,-0.03969808858069129,-0.03240431336630647,-0.023097698861486868,0.08411162467367153
2007-09-30,FDN,-0.03636352731984881,-0.03336426089523067,-0.022894691335835674,-0.00582475047742757,0.10308046461474836
2007-10-31,FDN,-0.0288202311581997,-0.026258821696853764,-0.014800427722913968,0.011050299299532333,0.12358940555511955
2007-11-30,FDN,-0.0196559351445609,-0.017348285644617066,-0.004925828087926371,0.029399854136071227,0.14978042971298944
2007-12-31,FDN,-0.0129393293910182,-0.009315622324590869,0.0043264092742358335,0.04731171402417253,0.17648207902617175
2008-01-31,FDN,-0.004991159604834697,0.0024512328428284327,0.009953360431340536,0.06657571846979723,0.20178465024962494
2008-02-29,FDN,0.001633083374450403,0.008926858588835233,0.018233473093654834,0.08015254658127653,0.22256488949571962
2008-03-31,FDN,0.002999266424618133,0.013468835984013133,0.030538776842421234,0.08893371764368513,0.2313729735001627
2008-04-30,FDN,0.002561409461345933,0.014019803435285734,0.039870530457732034,0.09634690210917334,0.23891682999104333
2008-05-31,FDN,0.0023076494999438335,0.014730107056634533,0.049055789280632145,0.10279376610655994,0.24509185903987762
2008-06-30,FDN,0.003623707066427333,0.017265738665254035,0.06025104341519073,0.11208724364780653,0.25276413761962013
2008-07-31,FDN,0.00744239244766313,0.01494452003617523,0.07156687807463193,0.11888392569962003,0.258181489169708
2008-08-31,FDN,0.007293775214384831,0.016600389719204432,0.07851946320682612,0.12380971325436282,0.2602653773833036
2008-09-30,FDN,0.010469569559395,0.0275395104178031,0.085934451219067,0.136444725509979,0.2622005493278224
2008-10-31,FDN,0.0114583939739398,0.0373091209963861,0.09378549264782739,0.1498482272519733,0.26247463661865356
2008-11-30,FDN,0.0124224575566907,0.0467481397806883,0.10048611660661609,0.1671287153576065,0.2620352046306429
2008-12-31,FDN,0.013642031598826699,0.05662733634876341,0.1084635365813792,0.1857977013507626,0.26220847012660536
2009-01-31,FDN,0.007502127588512099,0.0641244856269688,0.11144153325195691,0.1993334174067965,0.2589877518289462
2009-02-28,FDN,0.009306614504819599,0.0712256879924413,0.116515938039978,0.2136380309068844,0.2566244717453604
2009-03-31,FDN,0.0170699408584081,0.075464881659672,0.125975155950584,0.21790413751614962,0.2530925881065538
2009-04-30,FDN,0.0258507270224463,0.08232709867388759,0.1383898332780335,0.2248970265557576,0.25094141942799336
2009-05-31,FDN,0.034325682223997594,0.08806365904992539,0.1547062578009158,0.2303617519832431,0.2482016052675045
2009-06-30,FDN,0.0429853047499367,0.09482150498255248,0.1721556697519359,0.2354983989543661,0.24375404691615468
2009-07-31,FDN,0.056622358038456694,0.10393940566344478,0.1918312898182844,0.24323696913353282,0.24408395362712998
2009-08-31,FDN,0.061919073487621705,0.10720932353515841,0.20433141640206479,0.24366498766409922,0.2388598943262109
2009-09-30,FDN,0.0583949408012639,0.10890521509217592,0.2008341966577415,0.23466103891001933,0.22199016790820852
2009-10-31,FDN,0.0564763716514413,0.11253910625558722,0.1990462995333113,0.22516551562226753,0.2074854790942045
2009-11-30,FDN,0.0537379768259278,0.12038057557691821,0.19603606975924548,0.2152870648499546,0.19453262534934654
2009-12-31,FDN,0.0518362002326158,0.1291703650019992,0.19251309420442936,0.20558113377784198,0.1826713845318119
2010-01-31,FDN,0.0473170476249881,0.1352089317798277,0.18661461109507607,0.19486326620197741,0.17079181952104538
2010-02-28,FDN,0.045290250047536694,0.1424123429144431,0.18174591417647748,0.1853987837529191,0.1618244268969776
2010-03-31,FDN,0.050510274290912,0.1424392558564776,0.1762660981087554,0.1776277064468818,0.15537053811584886
2010-04-30,FDN,0.0560627346041459,0.14256992788186998,0.1686891439708262,0.1686143207541058,0.1476708096895574
2010-05-31,FDN,0.0666425987509904,0.1422980929333177,0.1615490880240268,0.1601379462175791,0.1409878933988883
2010-06-30,FDN,0.0773341647693834,0.14067689397181357,0.1537449335452262,0.14893254193360217,0.1345723754160474
2010-07-31,FDN,0.08789188415483959,0.13929756347008795,0.1475462185769893,0.1401445479636852,0.1291441396851347
2010-08-31,FDN,0.09712209286690641,0.13645566412894078,0.14010853370538243,0.13165057079105247,0.12272496326788229
2010-09-30,FDN,0.0919289815655656,0.1257558238178434,0.1271174321559698,0.11308495281603259,0.1148784440935222
2010-10-31,FDN,0.0865071932777241,0.11262640936668031,0.11255158614995989,0.09494637283861729,0.1078614086475749
2010-11-30,FDN,0.0756554941823273,0.0949064892730364,0.09349534746658869,0.07415204977242829,0.0969066928415796
2010-12-31,FDN,0.0633427292024302,0.0764107687758428,0.0715983771642188,0.05350101952981269,0.08554731032084299
2011-01-31,FDN,0.0514056793152484,0.0596543344221497,0.0522526638088456,0.03558288774121769,0.07661869610087199
2011-02-28,FDN,0.0393335712620344,0.042986440838476,0.034528477924146095,0.019412083982534495,0.06845869710277769
2011-03-31,FDN,0.0338268422522778,0.0351884505904042,0.021155971250466993,0.012931282259371292,0.06972616487338179
2011-04-30,FDN,0.026119216088956204,0.026044392872235794,0.008439179560893195,0.0051008818076873925,0.06724324197700139
2011-05-31,FDN,0.019250995090709093,0.0178398532842614,-0.0015034444098990063,-0.0013101995344294067,0.06526052508244638
2011-06-30,FDN,0.013068039573412592,0.008255647961788595,-0.009841709672617507,-0.006104518555766207,0.060567778925428695
2011-07-31,FDN,0.008248655106901294,0.0008469844935971938,-0.015822791574030708,-0.010153423784953307,0.0560501076099446
2011-08-31,FDN,0.0036528695764415937,-0.004805093337888306,-0.019921487279499907,-0.013730700861058506,0.0545885674347349
2011-09-30,FDN,0.001361608338126394,-0.012670871001810807,-0.020895559992906508,-0.010877379724321207,0.05565547879291309
2011-10-31,FDN,-7.482321672040628e-05,-0.017680036528063006,-0.021018334281268803,-0.0047650007191054064,0.05783253904483779
2011-11-30,FDN,-0.0014111418064477002,-0.020754439500608103,-0.0205611946251385,0.0020002035685431976,0.0568249731631131
2011-12-31,FDN,-0.004812391611624,-0.022909749246030103,-0.0191725581291788,0.0091365415450002,0.050652948244409496
2012-01-31,FDN,-0.0074016706133041,-0.024071446680932,-0.018402078891854603,0.0169643616787223,0.05003102041772389
2012-02-29,FDN,-0.0084579629143299,-0.023574356855941503,-0.0173835704375001,0.0254722562643017,0.05013331336218219
2012-03-31,FDN,-0.014032479339937199,-0.022257168331032903,-0.0122389880624476,0.0345377142829776,0.0505416162651543
2012-04-30,FDN,-0.017605213311342603,-0.0209435110645484,-0.004690177502385001,0.041198849104765595,0.051167992731623105
2012-05-31,FDN,-0.0193432976941604,-0.019150052818690796,0.003411345374990901,0.047420671798185,0.052458420750788604
2012-06-30,FDN,-0.018097357634406102,-0.014360166517554796,0.0139489331566242,0.0523121309636401,0.055465339856033496
2012-07-31,FDN,-0.016669776067627897,-0.011000408278550502,0.0243660322920264,0.0552031231163474,0.057432691031028
2012-08-31,FDN,-0.0151163939416116,-0.0089256075231702,0.0339302191786316,0.0593936607726232,0.05859127627651211
2012-09-30,FDN,-0.0082246889910957,0.0017934912774895998,0.0485701936229148,0.0683263497947239,0.06457409560509152
2012-10-31,FDN,-0.0033382977532058,0.0129150358089576,0.0588040624161082,0.0755125755729008,0.0687732060429657
2012-11-30,FDN,0.0001932448754696001,0.0227546430691513,0.06676396949234539,0.0775794126637212,0.07180171844494901
2012-12-31,FDN,0.0037371911168513003,0.0320462907910303,0.07040948859804619,0.07356269749043959,0.07356269749043959
2013-01-31,FDN,0.0056693677890774005,0.04103580835965429,0.07187289918397531,0.07410246709865592,0.07410246709865592
2013-02-28,FDN,0.0061907864184414,0.04904661312024319,0.0745100547142348,0.07370767021812372,0.07370767021812372
2013-03-31,FDN,0.0100181802685853,0.05679488261401049,0.07655103878581959,0.0727987845961872,0.0727987845961872
2013-04-30,FDN,0.0162533335621634,0.062142360169313994,0.0788508733261066,0.07211150379617151,0.07211150379617151
2013-05-31,FDN,0.0225613981936817,0.0665707246168758,0.0773861677882516,0.0716084735694794,0.0716084735694794
2013-06-30,FDN,0.028309099674179,0.0666722974811949,0.06982550637358831,0.06982550637358831,0.06982550637358831
2013-07-31,FDN,0.0353664405705769,0.0662035313948979,0.0684330993095785,0.0684330993095785,
2013-08-31,FDN,0.0428558267018018,0.06831926829579339,0.0675168837996823,0.0675168837996823,
2013-09-30,FDN,0.0467767023454252,0.06653285851723431,0.06278060432760192,0.06278060432760192,
2013-10-31,FDN,0.0458890266071506,0.0625975397639432,0.05585817023400809,0.05585817023400809,
2013-11-30,FDN,0.0440093264231941,0.054824769594569896,0.049047075375797694,0.049047075375797694,
2013-12-31,FDN,0.0383631978070159,0.0415164066994093,0.0415164066994093,0.0415164066994093,
2014-01-31,FDN,0.030837090824320998,0.033066658739001595,0.033066658739001595,,
2014-02-28,FDN,0.0254634415939916,0.024661057097880502,0.024661057097880502,,
2014-03-31,FDN,0.0197561561718091,0.016003901982176702,0.016003901982176702,,
2014-04-30,FDN,0.0167085131567926,0.0099691436268575,,,
2014-05-31,FDN,0.0108154431713758,0.0050377489526036,,,
2014-06-30,FDN,0.0031532088923934,0.0031532088923934,,,
2014-07-31,FDN,0.0022295679146806004,,,,
2014-08-31,FDN,-0.0008023844961110999,,,,
2014-09-30,FDN,-0.0037522541896324,,,,
2014-10-31,FDN,,,,,
2014-11-30,FDN,,,,,
2014-12-31,FDN,,,,,
2014-12-31,HACK,0.1765696591687903,-0.015264535998716688,-0.12374515841111211,-0.0852481582949689,-0.0946021675067088
2015-01-31,HACK,0.14128216454202014,-0.0788222323776514,-0.05307810182842132,-0.0037853148312216867,-0.0835851648601662
2015-02-28,HACK,-0.009240434256447272,-0.1963134425304679,-0.12223525611403552,-0.12118490310981644,-0.11748872111851771
2015-03-31,HACK,-0.027895172794520695,-0.15177951566626147,-0.05414477342248203,-0.08217684888577625,-0.06264916028260326
2015-04-30,HACK,-0.10507778211027197,-0.21669280126981505,-0.13418161787399308,-0.16401197870661954,-0.06660353756541493
2015-05-31,HACK,-0.10907092405611518,-0.22817899914167494,-0.16407158495472596,-0.14349257387404168,-0.06524101583581976
2015-06-30,HACK,-0.191834195167507,-0.3003148175799024,-0.2618178174637592,-0.2150241821636183,-0.13964869636737487
2015-07-31,HACK,-0.22010439691967154,-0.19436026637044146,-0.14506747937324183,-0.207278972710917,-0.13290445398077078
2015-08-31,HACK,-0.18707300827402062,-0.11299482185758825,-0.11194446885336917,-0.14177199852648303,-0.008034982827764381
2015-09-30,HACK,-0.12388434287174077,-0.026249600627961334,-0.05428167609125556,-0.10638240070936145,0.020793010822556246
2015-10-31,HACK,-0.11161501915954308,-0.02910383576372111,-0.05893419659634758,-0.08478075663445095,0.012581246021272197
2015-11-30,HACK,-0.11910807508555976,-0.055000660898610776,-0.0344216498179265,-0.10262318093986189,-0.00038068834449078714
2015-12-31,HACK,-0.10848062241239542,-0.06998362229625221,-0.0231899869961113,-0.07933763150799211,0.03767848931715456
2016-01-31,HACK,0.025744130549230082,0.07503691754642972,0.012825424208754543,-0.004762932482514803,0.1523362197562088
2016-02-29,HACK,0.07407818641643238,0.07512853942065145,0.04530100974753759,0.07882472141195018,0.20489828517477737
2016-03-31,HACK,0.09763474224377944,0.06960266678048521,0.017501942162379325,0.08913035538365821,0.16697059621362942
2016-04-30,HACK,0.08251118339582197,0.052680822563195506,0.026834262525092134,0.15008926370440012,0.1838178037660262
2016-05-31,HACK,0.06410741418694899,0.08468642526763326,0.01648489414569787,0.16293798330585518,0.15935495127175303
2016-06-30,HACK,0.03849700011614321,0.08529063541628412,0.02914299090440331,0.16066612121252755,0.14808926141427792
2016-07-31,HACK,0.049292786997199634,-0.012918706340475539,-0.030507063031744885,0.06145581238967068,0.09542835897011259
2016-08-31,HACK,0.0010503530042190734,-0.02877717666889479,0.004746534995517804,0.10495983902982386,0.02209686254207499
2016-09-30,HACK,-0.028032075463294226,-0.08013280008140011,-0.008504386860121227,0.04704261145051758,-0.053955712867721606
2016-10-31,HACK,-0.029830360832626468,-0.05567692087072984,0.06757808030857815,0.041685081784993305,-0.0036922601330608984
2016-11-30,HACK,0.020579011080684273,-0.047622520041251115,0.0988305691189062,0.05461997255411999,0.060532342635596814
2016-12-31,HACK,0.04679363530014091,-0.0093540092117399,0.12216912109638434,0.10766211161340677,0.054608297412071405
2017-01-31,HACK,-0.06221149333767517,-0.07979985002894452,0.01216302539247105,0.0772993022097791,0.02105037934869336
2017-02-28,HACK,-0.02982752967311386,0.0036961819912987304,0.10390948602560479,0.12976974575412592,0.04879783226631873
2017-03-31,HACK,-0.05210072461810589,0.019527688603173,0.0750746869138118,0.0973679294331442,0.0582337094643014
2017-04-30,HACK,-0.025846560038103372,0.09740844114120462,0.07151544261761977,0.13113698120283068,0.10215907337024233
2017-05-31,HACK,-0.06820153112193539,0.07825155803822192,0.034040961473435716,0.07466852600411977,0.14131607063899831
2017-06-30,HACK,-0.05614764451188081,0.07537548579624342,0.06086847631326586,0.0627986259979938,0.13172477792583603
2017-07-31,HACK,-0.017588356691269347,0.07437451873014622,0.13951079554745427,0.10834706531058813,0.20831802111289166
2017-08-31,HACK,0.03352371166441259,0.13373701569871865,0.15959727542723978,0.05087403921096978,0.14479394125463552
2017-09-30,HACK,0.07162841322127889,0.1271754115319177,0.1494686540512501,0.026177087213678507,0.1313780468708028
2017-10-31,HACK,0.12325500117930799,0.09736200265572315,0.15698354124093405,0.05198466073766894,0.12810636004149423
2017-11-30,HACK,0.1464530891601573,0.1022424925953711,0.14287005712605516,0.10815486267684793,0.14252857431680566
2017-12-31,HACK,0.13152313030812424,0.11701612082514667,0.11894627050987461,0.0639623066238113,0.25569709058499757
2018-01-31,HACK,0.09196287542141557,0.15709915223872362,0.12593542200185748,0.10085022937763788,0.3148453105030389
2018-02-28,HACK,0.10021330403430606,0.1260735637628272,0.017350327546557187,0.04510165027502,0.1609072815364594
2018-03-31,HACK,0.05554699831063881,0.07784024082997121,-0.04545132600760038,0.0387060208611284,0.06086462932393644
2018-04-30,HACK,-0.025892998523584843,0.03372854006162607,-0.07127034044163905,0.00475063222903771,0.0017580567593874497
2018-05-31,HACK,-0.04421059656478621,-0.0035830320341021515,-0.03829822648330938,0.06306451260077639,0.004749364837872361
2018-06-30,HACK,-0.014507009482977562,-0.012576859798249629,-0.06756082368431293,0.05634929212959261,0.03611141548931551
2018-07-31,HACK,0.06513627681730805,0.03397254658044191,0.00888735395622231,0.13394350238274544,0.09401151792436091
2018-08-31,HACK,0.02586025972852113,-0.08286297648774887,-0.05511165375928606,0.011056925555916863,0.02167770809968006
2018-09-30,HACK,0.0222932425193324,-0.10099832431823919,-0.016840977449510408,0.004202635338885097,0.022674132691962612
2018-10-31,HACK,0.05962153858521091,-0.045377341918054204,0.030643630752622553,0.03074435738577108,0.06990452063747865
2018-11-30,HACK,0.04062756453068406,0.005912370081476825,0.1072751091655626,0.04028608172143455,0.013521952434377149
2018-12-31,HACK,0.0019301496847279331,-0.05305381420133537,0.07085630161257017,0.1386809697598509,-0.04156754462801482
2019-01-31,HACK,-0.03116373023686614,-0.05624892286108574,0.06880722556543739,0.15774615826431526,-0.12090889210747602
2019-02-28,HACK,-0.10872323621627,-0.08097191348780719,-0.014803334172604266,0.0348337177736322,-0.08579793136248526
2019-03-31,HACK,-0.12329156683757159,-0.03913421996884281,-0.018090607180447305,-0.01697561150603477,-0.08386459776057364
2019-04-30,HACK,-0.10499888050326511,-0.028977907832588357,-0.028877181199439828,-0.03197048330223862,-0.11125978502408851
2019-05-31,HACK,-0.03471519444920723,0.06664754463487854,-0.0003414828092495048,0.008332396871974512,-0.17293912729277294
2019-06-30,HACK,-0.0549839638860633,0.06892615192784224,0.13675082007512296,0.04868827528756514,-0.1051918236538939
2019-07-31,HACK,-0.0250851926242196,0.09997095580230353,0.1889098885011814,0.060038971343919,-0.144694317993162
2019-08-31,HACK,0.027751322728462813,0.09391990204366574,0.1435569539899022,0.10454068458742893,-0.07057405645332782
2019-09-30,HACK,0.08415734686872878,0.10520095965712428,0.10631595533153682,0.1236724570102018,-0.03653302470516062
2019-10-31,HACK,0.07602097267067676,0.07612169930382529,0.0730283972010265,0.11528186255553285,-0.05664648353498125
2019-11-30,HACK,0.10136273908408577,0.03437371163995773,0.043047591321181744,0.007609582352900324,-0.18167260250910122
2019-12-31,HACK,0.12391011581390554,0.19173478396118626,0.10367223917362844,0.011486269573320551,-0.1178604218594036
2020-01-31,HACK,0.12505614842652313,0.213995081125401,0.0851241639681386,-0.06465996924639028,-0.16546293518127364
2020-02-29,HACK,0.06616857931520292,0.11580563126143939,0.07678936185896612,-0.004826017874678068,-0.14268049106797398
2020-03-31,HACK,0.021043612788395505,0.022158608462808038,0.03951511014147302,-0.044730377791730835,-0.17079516952127416
2020-04-30,HACK,0.00010072663314852903,-0.0029925754696502604,0.0392608898848561,-0.08228187719150015,-0.2614588086536297
2020-05-31,HACK,-0.06698902744412805,-0.05831514776290403,-0.09375315673118545,-0.23958667192765148,-0.238503521450954
2020-06-30,HACK,0.06782466814728072,-0.020237876640277097,-0.11242384624058499,-0.17411797558173614,-0.25479370742767016
2020-07-31,HACK,0.08893893269887787,-0.03993198445838453,-0.1897161176729134,-0.24466527379546554,-0.2806351240326982
2020-08-31,HACK,0.049637051946236466,0.010620782543763196,-0.07099459718988099,-0.16449395849699355,-0.20606455826280545
2020-09-30,HACK,0.0011149956744125333,0.018471497353077515,-0.06577399058012634,-0.1417339843622849,-0.16214125662735102
2020-10-31,HACK,-0.0030933021027987895,0.03916016325170757,-0.08238260382464868,-0.13276818283880654,-0.1451110447108327
2020-11-30,HACK,0.008673879681224017,-0.026764129287057403,-0.17259764448352344,-0.21604631414905895,-0.12862466323274468
2020-12-31,HACK,-0.08806254478755782,-0.1802485143878657,-0.24194264372901686,-0.30959520582058986,-0.21926177900022747
2021-01-31,HACK,-0.1288709171572624,-0.2786550503717913,-0.3336042064943434,-0.37945801630667464,-0.24980874785815643
2021-02-28,HACK,-0.03901626940247327,-0.12063164913611746,-0.21413101044323002,-0.25848612232941337,-0.1694973215149107
2021-03-31,HACK,0.01735650167866498,-0.06688898625453887,-0.14284898003669744,-0.1929537779840822,-0.15107523429828407
2021-04-30,HACK,0.04225346535450636,-0.07928930172184989,-0.12967488073600775,-0.25846623318397943,-0.13736853123716497
2021-05-31,HACK,-0.03543800896828142,-0.18127152416474746,-0.22472019383028297,-0.18018837368804996,-0.23539825440277207
2021-06-30,HACK,-0.0921859696003079,-0.15388009894145904,-0.22153266103303204,-0.23455583078739306,-0.20150033604376938
2021-07-31,HACK,-0.14978413321452888,-0.20473328933708101,-0.25058709914941224,-0.24070313957431366,-0.22818219486398306
2021-08-31,HACK,-0.08161537973364419,-0.17511474104075675,-0.2194698529269401,-0.21668534080656865,-0.20207403599080997
2021-09-30,HACK,-0.08424548793320386,-0.16020548171536242,-0.21031027966274718,-0.18061275398042853,-0.2010267070299654
2021-10-31,HACK,-0.12154276707635625,-0.1719283460905141,-0.3007196985384858,-0.18427120796254026,-0.1892732276514224
2021-11-30,HACK,-0.14583351519646603,-0.18928218486200155,-0.14475036471976854,-0.10186053394568728,-0.12953245092012733
2021-12-31,HACK,-0.06169412934115115,-0.12934669143272415,-0.14236986118708517,-0.039013264612361764,-0.04792709717993027
2022-01-31,HACK,-0.054949156122552134,-0.10080296593488336,-0.09091900635978478,0.028846302513634847,0.03594532143503759
2022-02-28,HACK,-0.09349936130711256,-0.1378544731932959,-0.13506996107292446,-0.048865672378793246,-0.05476827827128106
2022-03-31,HACK,-0.07595999378215856,-0.12606479172954332,-0.09636726604722468,-0.0841862480437452,-0.04473191802830634
2022-04-30,HACK,-0.050385579014157855,-0.17917693146212954,-0.06272844088618401,-0.05807922951531508,0.02698964308863383
2022-05-31,HACK,-0.04344866966553551,0.001083150476697492,0.04397298125077875,-0.05412673023802461,0.14601448937037975
2022-06-30,HACK,-0.067652562091573,-0.08067573184593402,0.022680864728789385,-0.04762023710231034,0.10891438325883862
2022-07-31,HACK,-0.045853809812331225,-0.03596985023723265,0.08379545863618698,-0.023448905526902042,0.11119018270136205
2022-08-31,HACK,-0.04435511188618335,-0.0415705997658119,0.044633688928319315,-0.026959294950053225,0.05395172388433345
2022-09-30,HACK,-0.05010479794738476,-0.020407272265066112,-0.00822625426158663,-0.04082122531460297,0.043415248698617015
2022-10-31,HACK,-0.12879135244797169,-0.012342861872026156,-0.007693650501157223,-0.0173448815609083,0.028090171150347176
2022-11-30,HACK,0.044531820142233,0.08742165091631426,-0.010678060572489101,0.05974973394187422,0.05937487451808088
2022-12-31,HACK,-0.01302316975436102,0.09033342682036238,0.020032324989262662,0.08141959425279388,0.0012066365031665471
2023-01-31,HACK,0.009883959575098578,0.1296492684485182,0.022404904285429184,0.13674828736992095,-0.030972700265569086
2023-02-28,HACK,0.002784512120371452,0.08898880081450267,0.017395816936130126,0.08308619492201486,-0.10760340168405735
2023-03-31,HACK,0.02969752568231865,0.04187854368579813,0.009283572632781789,0.08133287370123699,-0.02984190940753484
2023-04-30,HACK,0.11644849057594553,0.12109770194681446,0.11144647088706339,0.20616657455076337,-0.0018065765040834458
2023-05-31,HACK,0.04288983077408126,-0.055209880714722104,0.015217913799641214,0.14493133889368226,-0.05200189744677741
2023-06-30,HACK,0.1033565965747234,0.03305549474362368,0.0944427640071549,0.18959011510477264,-0.014408047931136925
2023-07-31,HACK,0.11976530887341963,0.012520944710330606,0.12686432779482237,0.1471600329385947,-0.013646590171289108
2023-08-31,HACK,0.08620428869413121,0.014611304815758674,0.0803016828016434,0.09552232365014535,-0.0388748594453191
2023-09-30,HACK,0.012181018003479482,-0.02041395304953686,0.05163534801891834,0.06382252096368313,-0.06637543327245488
2023-10-31,HACK,0.004649211370868933,-0.005002019688882142,0.08971808397481784,0.04043303302237333,-0.07242075157276939
2023-11-30,HACK,-0.09809971148880337,-0.027671916974440047,0.102041508119601,-0.028046776398233386,-0.09489172822085867
2023-12-31,HACK,-0.07030110183109972,-0.008913832567568503,0.08623351853004924,-0.08912679031719584,-0.11776464450586033
2024-01-31,HACK,-0.10724436416308902,0.007099018921402744,0.02739472406517507,-0.1606219687140873,-0.13341189904470874
2024-02-29,HACK,-0.07159298387837254,-0.005902605892487811,0.009318034956014132,-0.19659220249856002,-0.1250791481394503
2024-03-31,HACK,-0.03259497105301634,0.039454330015438854,0.051641502960203645,-0.07172045309333297,-0.07855645127593436
2024-04-30,HACK,-0.009651231059751075,0.08506887260394891,0.0357838216515044,-0.12290427845089791,-0.07706996294363833
2024-05-31,HACK,0.07042779451436332,0.20014121960840436,0.07005293509056998,0.003207983267944692,0.003207983267944692
2024-06-30,HACK,0.06138726926353122,0.15653462036114896,-0.018825688486096115,-0.047463542674760606,-0.047463542674760606
2024-07-31,HACK,0.11434338308449177,0.1346390882282641,-0.05337760455099827,-0.026167534881619714,-0.026167534881619714
2024-08-31,HACK,0.06569037798588473,0.08091101883438667,-0.12499921862018748,-0.05348616426107777,-0.05348616426107777
2024-09-30,HACK,0.0720493010684552,0.08423647401321999,-0.03912548204031663,-0.045961480222918016,-0.045961480222918016
2024-10-31,HACK,0.09472010366369998,0.045435052711255475,-0.11325304739114683,-0.06741873188388725,-0.06741873188388725
2024-11-30,HACK,0.12971342509404105,-0.0003748594237933389,-0.06721981124641863,-0.06721981124641863,-0.06721981124641863
2024-12-31,HACK,0.09514735109761774,-0.08021295774962733,-0.10885081193829182,-0.10885081193829182,
2025-01-31,HACK,0.020295705143772325,-0.16772098763549004,-0.14051091796611148,-0.14051091796611148,
2025-02-28,HACK,0.015220640848501943,-0.1906895966060722,-0.1191765422469625,-0.1191765422469625,
2025-03-31,HACK,0.01218717294476479,-0.11117478310877182,-0.11801078129137321,-0.11801078129137321,
2025-04-30,HACK,-0.04928505095244451,-0.20797315105484682,-0.16213883554758723,-0.16213883554758723,
2025-05-31,HACK,-0.13008828451783438,-0.19693323634045967,-0.19693323634045967,-0.19693323634045967,
2025-06-30,HACK,-0.17536030884724507,-0.20399816303590956,-0.20399816303590956,,
2025-07-31,HACK,-0.18801669277926236,-0.1608066231098838,-0.1608066231098838,,
2025-08-31,HACK,-0.20591023745457415,-0.13439718309546445,-0.13439718309546445,,
2025-09-30,HACK,-0.12336195605353661,-0.130197954236138,,,
2025-10-31,HACK,-0.1586881001024023,-0.11285378459514273,,,
2025-11-30,HACK,-0.06684495182262529,-0.06684495182262529,,,
2025-12-31,HACK,-0.02863785418866449,,,,
2026-01-31,HACK,0.027210069669378556,,,,
2026-02-28,HACK,0.0715130543591097,,,,
2026-03-31,HACK,,,,,
2026-04-30,HACK,,,,,
2026-05-31,HACK,,,,,
2001-03-31,IBB,0.11077206162922615,0.07348609359040803,-0.09044295580741646,-0.021981403516189046,0.10610309013686559
2001-04-30,IBB,0.1487649635001077,-0.13520281908919152,-0.1786239752133687,-0.09773521549258779,0.021755538233544147
2001-05-31,IBB,0.0742034251874839,-0.32853789837546155,-0.23894425489845272,-0.05696947621473636,-0.11532643589487457
2001-06-30,IBB,0.0018391838898230706,-0.4045852523078918,-0.32777264819468077,-0.11285872614342352,-0.1698911303240087
2001-07-31,IBB,-0.01092475177652541,-0.1963488145972555,-0.20290105910907041,0.07826618910250327,-0.11686736599842285
2001-08-31,IBB,-0.11068586546113379,-0.32206520971492103,-0.27277320073354083,-0.0025480229078214123,-0.19004159667383302
2001-09-30,IBB,-0.03728596803881812,-0.2012150174366426,-0.1327534651454152,0.05301564245664203,-0.09482739618404512
2001-10-31,IBB,-0.2839677825892992,-0.3273889387134764,-0.2465001789926955,-0.15905152208285356,-0.2824291688271493
2001-11-30,IBB,-0.40274132356294545,-0.31314768008593663,-0.13117290140222027,-0.21069411063517351,-0.3057816942011157
2001-12-31,IBB,-0.40642443619771484,-0.32961183208450384,-0.11469791003324659,-0.1793661465053622,-0.2253845577017235
2002-01-31,IBB,-0.1854240628207301,-0.191976307332545,0.08919094087902868,-0.002212634084753806,-0.12911440553458775
2002-02-28,IBB,-0.21137934425378724,-0.16208733527240704,0.10813784255331238,0.023908617257346387,-0.1600536847417966
2002-03-31,IBB,-0.1639290493978245,-0.09546749710659708,0.09030161049546015,0.032616996546457555,-0.2127402854585403
2002-04-30,IBB,-0.043421156124177185,0.03746760359660373,0.12491626050644566,0.15695835732273566,-0.09634052956769468
2002-05-31,IBB,0.08959364347700882,0.2715684221607252,0.19204721292777194,0.21321146248058698,0.023479114184424943
2002-06-30,IBB,0.076812604113211,0.29172652616446826,0.22705828969235264,0.23469412198388306,0.08687532878444715
2002-07-31,IBB,-0.006552244511814909,0.2746150036997588,0.1832114287359763,0.07948144859883266,0.07635519370214872
2002-08-31,IBB,0.0492920089813802,0.3195171868070996,0.23528796151113363,0.132023613041088,0.1463400326839709
2002-09-30,IBB,0.06846155229122741,0.25423065989328464,0.19654604594428204,0.10638762125259749,0.09956562304893868
2002-10-31,IBB,0.08088875972078091,0.16833741663062285,0.20037951344691285,0.044959769886327106,0.06548679422572956
2002-11-30,IBB,0.18197477868371637,0.10245356945076312,0.12361781900357816,0.007365985884820958,0.02294448019903572
2002-12-31,IBB,0.21491392205125726,0.15024568557914164,0.15788151787067206,0.10422727438278034,0.09270443765473046
2003-01-31,IBB,0.2811672482115737,0.1897636732477912,0.08603369311064757,0.06286190179795725,0.09902566768877474
2003-02-28,IBB,0.2702251778257194,0.18599595252975343,0.08273160405970781,0.0020336505306104424,0.14196135647789754
2003-03-31,IBB,0.18576910760205723,0.12808449365305463,0.037926068961370074,-0.11727278835194321,0.03702049452927181
2003-04-30,IBB,0.08744865690984194,0.11949075372613194,-0.035928989834453806,-0.1338081331642984,-0.06721138687592021
2003-05-31,IBB,-0.07952120923295325,-0.05835695968013821,-0.1746087927988954,-0.24808930797630024,-0.22734544336995777
2003-06-30,IBB,-0.06466823647211561,-0.057032404180585194,-0.11068664766847691,-0.2048511973800211,-0.20963747931306842
2003-07-31,IBB,-0.09140357496378249,-0.19513355510092611,-0.21830534641361643,-0.19825980999761006,-0.3054482111399951
2003-08-31,IBB,-0.08422922529596599,-0.1874935737660116,-0.268191527295109,-0.17317715412312873,-0.28351087615893544
2003-09-30,IBB,-0.057684613949002594,-0.14784303864068715,-0.30304189595400044,-0.15466503684434596,-0.29291127290839036
2003-10-31,IBB,0.03204209681629,-0.12337764674429574,-0.22125679007414034,-0.10285062240489329,-0.18246031496485748
2003-11-30,IBB,0.02116424955281504,-0.09508758356594216,-0.168568098743347,-0.0795090892517274,-0.16178663555873218
2003-12-31,IBB,0.00763583229153042,-0.0460184111963613,-0.1401829609079055,-0.057541247924411176,-0.1906318359388609
2004-01-31,IBB,-0.10372998013714363,-0.12690177144983394,-0.10685623503382757,-0.09073800555901645,-0.2280792432255031
2004-02-29,IBB,-0.10326434847004562,-0.18396230199914299,-0.08894792882716274,-0.04403459605185589,-0.23603978244278778
2004-03-31,IBB,-0.09015842469168456,-0.24535728200499785,-0.09698042289534337,-0.09106399912378282,-0.2763906320442624
2004-04-30,IBB,-0.15541974356058574,-0.25329888689043034,-0.1348927192211833,-0.18670214060205215,-0.26536757393791044
2004-05-31,IBB,-0.1162518331187572,-0.18973234829616203,-0.10067333880454243,-0.16898848368981956,-0.26097811495807577
2004-06-30,IBB,-0.05365424348789172,-0.14781879319943592,-0.0651770802159416,-0.15260507513248323,-0.26077673138418034
2004-07-31,IBB,-0.023171791312690315,-0.0031262548966839443,0.012991974578127174,-0.11031465603906898,-0.18812103567201144
2004-08-31,IBB,-0.08069795352909737,0.014316419642882883,0.05922975241818973,-0.09601730239292383,-0.1601293410649398
2004-09-30,IBB,-0.1551988573133133,-0.006821998203658808,-0.0009055744320982662,-0.1450682342677032,-0.1710603259156538
2004-10-31,IBB,-0.0978791433298446,0.020527024339402455,-0.0312823970414664,-0.05908266822056174,-0.10224262075693813
2004-11-30,IBB,-0.07348051517740484,0.015578494314214764,-0.05273665057106236,-0.06669905199279003,-0.08490997868292749
2004-12-31,IBB,-0.0941645497115442,-0.011522836728049879,-0.09895083164459151,-0.1446134247424996,-0.14617028083685746
2005-01-31,IBB,0.02004553641600637,0.03616376589081749,-0.08714286472637867,-0.10117747177566916,-0.09003461175258887
2005-02-28,IBB,0.09501437317198025,0.1399277059472871,-0.015319348863826465,-0.0520774804436448,-0.027082900224070006
2005-03-31,IBB,0.14837685910965448,0.15429328288121502,0.010130623045610077,-0.03103335003926455,0.028119644377965658
2005-04-30,IBB,0.11840616766924705,0.0665967462883782,0.03879647510928286,-0.012068687047480098,-0.014069255623038956
2005-05-31,IBB,0.0890590094916196,0.020743864606342477,0.006781463184614811,-0.07124576666191373,-0.023631625506220888
2005-06-30,IBB,0.08264171298349432,-0.004786281933047309,-0.05044887503095541,-0.11295793818474442,0.010543774994159927
2005-07-31,IBB,0.01611822947481112,-0.10718840114238504,-0.12122300819167553,-0.1849947807753275,0.09735083708161474
2005-08-31,IBB,0.04491333277530685,-0.11033372203580671,-0.14709185361562505,-0.1744457607078227,0.035355125848498314
2005-09-30,IBB,0.005916423771560542,-0.1382462360640444,-0.17941020914891903,-0.16423832771199498,0.07593913783561079
2005-10-31,IBB,-0.05180942138086886,-0.0796096925599642,-0.13047485471672715,-0.12276964509634058,0.13034678421441437
2005-11-30,IBB,-0.06831514488527712,-0.08227754630700479,-0.16030477615353333,-0.10048847299714225,0.12577334034271725
2005-12-31,IBB,-0.08742799491654163,-0.13309058801444973,-0.19559965116823874,-0.13464744410880758,0.19724528148157494
2006-01-31,IBB,-0.12330663061719616,-0.13734123766648665,-0.2011130102501386,-0.12619837764340636,0.2570871838014491
2006-02-28,IBB,-0.15524705481111356,-0.1920051863909319,-0.21935909348312954,-0.1670106061713571,0.2146459373616142
2006-03-31,IBB,-0.14416265983560494,-0.18532663292047957,-0.17015475148355552,-0.12617363850324936,0.22408582378093278
2006-04-30,IBB,-0.027800271179095337,-0.07866543333585829,-0.07096022371547173,-0.08066600191141715,0.1779846745780267
2006-05-31,IBB,-0.013962401421727666,-0.09198963126825621,-0.03217332811186513,-0.044375490112563365,0.17939579789566473
2006-06-30,IBB,-0.0456625930979081,-0.10817165625169711,-0.04721944919226595,0.015330056927207236,0.266544612961511
2006-07-31,IBB,-0.014034607049290493,-0.07780637963294246,-0.0028917470262102007,0.20453923822399978,0.29375619671500364
2006-08-31,IBB,-0.03675813157981833,-0.06411203867201598,-0.01176355136024354,0.14568884788430503,0.24119773593304594
2006-09-30,IBB,-0.04116397308487463,-0.025992091647950577,0.01798902133235558,0.2141853738996552,0.27195671366084295
2006-10-31,IBB,-0.050865162156762955,-0.04315995253637639,-0.052865730732321814,0.20995647677437856,0.14614102347160374
2006-11-30,IBB,-0.07802722984652855,-0.018210926690137463,-0.0304130886908357,0.20805088664972204,0.16643109258946642
2006-12-31,IBB,-0.06250906315378901,-0.0015568560943578502,0.060992650025115336,0.33033586949602467,0.23313149342511907
2007-01-31,IBB,-0.06377177258365196,0.011142860023080292,0.21857384527329027,0.3944284214679358,0.27593964073907407
2007-02-28,IBB,-0.02735390709219765,0.02499458021957479,0.18244697946412336,0.4066511237525461,0.28327313866107984
2007-03-31,IBB,0.01517188143692405,0.05915299441723021,0.2553493469845298,0.40941245670141235,0.31798384697493587
2007-04-30,IBB,0.007705209620386566,-0.0020005685755588587,0.2608216389311415,0.256650107913885,0.26893467570972374
2007-05-31,IBB,0.05981630315639108,0.047614141155692846,0.2860781164962506,0.27138542916392094,0.2792878421937679
2007-06-30,IBB,0.06095220705943116,0.12350171317890435,0.3928449326498137,0.3747162692132081,0.31105526766993064
2007-07-31,IBB,0.07491463260673226,0.28234561785694223,0.45820019405158774,0.3715625763479461,0.27814695221825436
2007-08-31,IBB,0.05234848731177244,0.209800886556321,0.43400503084474373,0.3053097746050619,0.2695469009991891
2007-09-30,IBB,0.04398111298030616,0.24017746554760577,0.3942405752644883,0.29794880530879353,0.26711626323703763
2007-10-31,IBB,-0.009705778195945425,0.25311642931075495,0.24894489829349842,0.18930097600798013,0.23988521126426599
2007-11-30,IBB,-0.012202162000698236,0.2262618133398595,0.21156912600752986,0.1846420192796039,0.20700916858417528
2007-12-31,IBB,0.06254950611947319,0.3318927255903825,0.31376406215377695,0.23468834951947692,0.23469017696436434
2008-01-31,IBB,0.20743098525020998,0.3832855614448555,0.29664794374121384,0.2647967807159938,0.19045372245925563
2008-02-29,IBB,0.15745239924454857,0.3816565435329713,0.2529612872932895,0.25827855844150505,0.16518002601891202
2008-03-31,IBB,0.19619635256729961,0.35025946228418214,0.25396769232848737,0.25883085255770566,0.21947482337978752
2008-04-30,IBB,0.2628222075067004,0.25865067648944384,0.19900675420392555,0.2709352442852826,0.28739437525475886
2008-05-31,IBB,0.23846397534055774,0.2237712880082281,0.19684418128030212,0.23167370103807505,0.3072813025992268
2008-06-30,IBB,0.26934321947090933,0.25121455603430376,0.17213884340000374,0.1875535544910263,0.2496339084262975
2008-07-31,IBB,0.1758545761946455,0.08921695849100386,0.0573657954657838,-0.004198665638687871,0.07525549058352377
2008-08-31,IBB,0.22420414428842272,0.09550888804874091,0.10082615919695648,0.05974601444286809,0.10541794733274823
2008-09-30,IBB,0.15406310971688253,0.05777133976118776,0.06263449999040605,0.02693879768943186,0.10336693417017018
2008-10-31,IBB,-0.004171531017256536,-0.06381545330277483,0.008113036778582217,-0.013231218046488968,0.0026990197007721317
2008-11-30,IBB,-0.014692687332329646,-0.04161979406025562,-0.006790274302482691,-0.019252644755684223,0.06243345759226582
2008-12-31,IBB,-0.018128663436605574,-0.0972043760709056,-0.08178966497988305,-0.09720254862601818,-0.0061667844831987395
2009-01-31,IBB,-0.08663761770364165,-0.11848878072886171,-0.18005324183333338,-0.19283183898559986,-0.017542345948050375
2009-02-28,IBB,-0.1286952562396818,-0.12337798509146625,-0.16445812984555463,-0.21647651751405927,-0.03371813159264958
2009-03-31,IBB,-0.09629176995569477,-0.09142860972647648,-0.12712431202745067,-0.13078463890439462,-0.002159880778873857
2009-04-30,IBB,-0.05964392228551829,0.012284567795838752,-0.009059687029232433,0.028743698765315018,0.13751641286669847
2009-05-31,IBB,-0.026927106727925976,0.007902413029846955,-0.004559957423354577,0.08351001459099872,0.20596222492521032
2009-06-30,IBB,-0.07907571263430002,-0.06366100154327747,-0.07907388518941261,-0.001580647608006247,0.14340828876886091
2009-07-31,IBB,-0.031851163025220064,-0.09341562412969173,-0.10619422128195821,-0.013961467907480096,0.15582574208469946
2009-08-31,IBB,0.005317271148215563,-0.035762873605872825,-0.08778126127437746,0.009909059284007316,0.19288708911560914
2009-09-30,IBB,0.0048631602292182885,-0.030832542071755897,-0.03449286894869985,0.04559559440898242,0.20971854441782
2009-10-31,IBB,0.07192849008135704,0.05058423525628586,0.08838762105083331,0.06651447300354696,0.23320104225107374
2009-11-30,IBB,0.03482951975777293,0.0223671493045714,0.11043712131892469,0.10405325165252144,0.27277289516851977
2009-12-31,IBB,0.015414711091022548,1.8274448874144866e-06,0.07749506502629377,0.09103759158770686,0.229944344299159
2010-01-31,IBB,-0.06156446110447167,-0.07434305825673815,0.017889695117739968,0.10094643478081133,0.1841247449468747
2010-02-28,IBB,-0.04108014475408839,-0.09309853242259303,0.004591788135791752,0.08965985349881667,0.19228626037331054
2010-03-31,IBB,-0.035695702300974186,-0.03935602917791814,0.04073243417976413,0.08926872894760263,0.2327114993164333
2010-04-30,IBB,-0.021344254825071185,0.016459130969476266,-0.005414017077810085,0.12523184507085972,0.3028381682796365
2010-05-31,IBB,-0.012462370453201532,0.07560760156115176,0.06922373189474851,0.19805981189536337,0.3511136895984577
2010-06-30,IBB,-0.015412883646135134,0.062080353935271226,0.07562288049668431,0.2070692903121384,0.3277845733461713
2010-07-31,IBB,-0.01277859715226648,0.07945415622221164,0.162510895885283,0.2492413662143912,0.43685906870606206
2010-08-31,IBB,-0.05201838766850464,0.04567193288988014,0.13073999825290505,0.22864996272148197,0.43143227014661
2010-09-30,IBB,-0.0036603268769439534,0.07642813648073832,0.12496443124857681,0.2405510864895759,0.47292543188186187
2010-10-31,IBB,0.03780338579454745,0.0159302377472611,0.1465760998959309,0.18261680699478788,0.4032576973754478
2010-11-30,IBB,0.08806997201435329,0.08168610234795004,0.2105221823485649,0.25040574586394837,0.486602397070368
2010-12-31,IBB,0.07749323758140636,0.09103576414281944,0.22248217395827352,0.22994251685427158,0.4715455179574396
2011-01-31,IBB,0.09223275337447812,0.17528949303754948,0.26201996336665767,0.25846780320361284,0.6100441176070068
2011-02-28,IBB,0.09769032055838478,0.1827583859214097,0.2806683503899866,0.28538479279590356,0.6642948648466804
2011-03-31,IBB,0.08008846335768227,0.12862475812552077,0.24421141336651986,0.27206752849435145,0.4923763439388027
2011-04-30,IBB,-0.02187314804728635,0.10877271410138345,0.14481342120024043,0.28637903731016023,0.4156139181620744
2011-05-31,IBB,-0.006383869666403252,0.12245221033421161,0.16233577384959508,0.2755060880373059,0.40398180775668124
2011-06-30,IBB,0.013542526561413082,0.14498893637686716,0.15244927927286522,0.26570421941090006,0.46396466892347166
2011-07-31,IBB,0.08305673966307137,0.16978720999217956,0.16623504982913473,0.3574049124838504,0.4607872042037183
2011-08-31,IBB,0.08506806536302491,0.18297802983160183,0.18769447223751878,0.38576033725672987,0.5429008670431217
2011-09-30,IBB,0.048536294767838495,0.1641229500088376,0.19197906513666918,0.39649729540112355,0.5062425418181021
2011-10-31,IBB,0.1306458621486698,0.16668656924752678,0.3082521853574466,0.3873274596281867,0.6247513991204866
2011-11-30,IBB,0.12883608000061486,0.16871964351599833,0.28188995770370917,0.40491629472241797,0.5773434694244798
2011-12-31,IBB,0.13144640981545408,0.13890675271145214,0.252161692849487,0.38050975381462016,0.5665880206053494
2012-01-31,IBB,0.08673047032910819,0.08317831016606336,0.27434817282077906,0.43475462456945735,0.5924042482709171
2012-02-29,IBB,0.09790996446857692,0.10262640687449387,0.30069227189370495,0.48153647892527074,0.602409755753109
2012-03-31,IBB,0.11558665524099909,0.14344277036883069,0.34796100063328506,0.36375158581328193,0.6321982868330699
2012-04-30,IBB,0.03604070709885698,0.17760632320877678,0.2566815974795169,0.30684120406069093,0.5699083586558471
2012-05-31,IBB,0.03988356351538347,0.1530538777030943,0.2760802147218031,0.28152959742246964,0.6084005866939552
2012-06-30,IBB,0.007460342895998062,0.1207152830340329,0.24906334399916608,0.3189757325466045,0.624680827487711
2012-07-31,IBB,-0.0035521601630448263,0.18761770249167087,0.34802415424034916,0.29099999421153877,0.6199582187320899
2012-08-31,IBB,0.004716442405916954,0.20278230742512804,0.3836265144566938,0.35992283721151985,0.5807760859969971
2012-09-30,IBB,0.027856115127831593,0.23237434539228596,0.24816493057228284,0.34211959180926454,0.4726594055636366
2012-10-31,IBB,0.1415656161099198,0.22064089038065993,0.27080049696183395,0.4580648298729598,0.5149680081999924
2012-11-30,IBB,0.11317031418771084,0.23619665120641964,0.24164603390708617,0.40862382590848145,0.4921772805584431
2012-12-31,IBB,0.11325494013803483,0.241603001103168,0.31151538965060643,0.42768126789389727,0.5399725686987108
2013-01-31,IBB,0.1911698626547157,0.351576314403394,0.2945521543745836,0.5092259381048537,0.3704417017841898
2013-02-28,IBB,0.19806586501921108,0.37891007205077687,0.3552063948056029,0.4997833488786151,0.3203156095448638
2013-03-31,IBB,0.20451823026445437,0.22030881544445124,0.31426347668143295,0.4887555164642392,0.2362044162360566
2013-04-30,IBB,0.07907527427074013,0.12923488085191415,0.31649921376304,0.3923020354470703,0.2013959605125093
2013-05-31,IBB,0.1230263370187088,0.12847571971937533,0.2954535117207706,0.45534670899086094,0.21038019488600512
2013-06-30,IBB,0.12834806096513318,0.1982604495125716,0.31442632775586243,0.5039655444536781,0.14469404261043828
2013-07-31,IBB,0.1604064517486783,0.1033822917198679,0.31805607545013803,0.432340516240419,0.14730480509230592
2013-08-31,IBB,0.18084420703156578,0.1571405297863918,0.301717483859404,0.3779937785718691,0.10724961037752279
2013-09-30,IBB,0.015790585179996874,0.10974524641697858,0.28423728619978483,0.24028506017135065,0.08750704160854239
2013-10-31,IBB,0.05015960658117402,0.2374239394922999,0.3132267611763302,0.2943271178193325,0.05867063104368586
2013-11-30,IBB,0.005449382700666527,0.17242717470206181,0.33232037197215214,0.2559806293520235,0.027513545914660598
2013-12-31,IBB,0.06991238854743842,0.18607826679072925,0.37561748348854496,0.2983695675955428,-0.011037604194687578
2014-01-31,IBB,-0.05702416002881039,0.15764962370145974,0.27193406449174073,0.018865387380795795,-0.09978193659504309
2014-02-28,IBB,-0.02370367724517397,0.12087327682783822,0.19714957154030333,-0.05859446250591305,-0.09992619644374112
2014-03-31,IBB,0.0939546612369817,0.26844670101978796,0.22449447499135378,0.015895600791605347,-0.0003289747888706174
2014-04-30,IBB,0.18726433291112587,0.26306715459515617,0.2441675112381585,0.07216107966059515,0.03871383259323191
2014-05-31,IBB,0.1669777920013953,0.3268709892714856,0.25053124665135695,0.0819044751666298,-0.03270472230220001
2014-06-30,IBB,0.11616587824329083,0.30570509494110654,0.22845717904810436,-0.05356640690213332,-0.006065276923538865
2014-07-31,IBB,0.21467378373027013,0.3289582245205511,0.07588954740960618,0.04392251337243802,0.011938978986433924
2014-08-31,IBB,0.1445769540730122,0.2208532487854773,-0.03489078526073908,-0.04989091940886903,-0.009365479298078627
2014-09-30,IBB,0.17449203978280625,0.13053981375437207,-0.07805906044537636,-0.02223820480843619,-0.0315825243900848
2014-10-31,IBB,0.0758028216840303,0.05690317832703262,-0.11510325325053072,-0.17875330844861403,-0.17397211268559654
2014-11-30,IBB,0.15989319727009033,0.08355345464996167,-0.08507331683476549,-0.14491362878740122,-0.19658072119737124
2014-12-31,IBB,0.1895392166978157,0.11229130080481353,-0.16973228514542416,-0.19711587098541683,-0.1953538387993402
2015-01-31,IBB,0.114284440790281,-0.13878423632066395,-0.1707512703578321,-0.2574315602965028,-0.2719935625626675
2015-02-28,IBB,0.07627629471246511,-0.17946773933375126,-0.19446787348188121,-0.22079947327157934,-0.2812068587979034
2015-03-31,IBB,-0.04395222602843418,-0.2525511002281826,-0.19673024459124244,-0.2687756758086586,-0.3000555855101963
2015-04-30,IBB,-0.018899643356997675,-0.19090607493456102,-0.25455613013264433,-0.22435332200192426,-0.2954082576483509
2015-05-31,IBB,-0.07633974262012866,-0.24496651410485581,-0.30480682605749154,-0.3595757115736856,-0.3545694761200292
2015-06-30,IBB,-0.07724791589300217,-0.35927150184323986,-0.38665508768323253,-0.3117703718646454,-0.3790397900105609
2015-07-31,IBB,-0.25306867711094494,-0.2850357111481131,-0.3717160010867838,-0.3170192455341172,-0.36784871819672116
2015-08-31,IBB,-0.2557440340462164,-0.2707441681943463,-0.29707576798404445,-0.23021872808355592,-0.3058087079659171
2015-09-30,IBB,-0.20859887419974843,-0.15277801856280826,-0.2248234497802244,-0.16212233814445687,-0.22677897646680423
2015-10-31,IBB,-0.17200643157756335,-0.23565648677564666,-0.20545367864492659,-0.23087529101262916,-0.2904711640081843
2015-11-30,IBB,-0.16862677148472716,-0.22846708343736288,-0.28323596895355696,-0.2801341758473329,-0.2844091403392155
2015-12-31,IBB,-0.2820235859502377,-0.30940717179023036,-0.23452245597164323,-0.30764513960415374,-0.34213754311517997
2016-01-31,IBB,-0.03196703403716816,-0.11864732397583888,-0.06395056842317226,-0.13320932624200355,-0.12452579776601091
2016-02-29,IBB,-0.015000134148129951,-0.041331733937828075,0.02552530596266045,-0.10173911946415215,-0.0814321242649847
2016-03-31,IBB,0.05582085563694017,-0.016224575580475964,0.04647653605529156,-0.047504485282013675,-0.06806253930602613
2016-04-30,IBB,-0.06365005519808331,-0.03344724706736324,-0.05886885943506581,-0.10450218271378986,-0.17941309400487093
2016-05-31,IBB,-0.05984031195263573,-0.1146091974688298,-0.11150740436260576,-0.10960296201517339,-0.20325853223165236
2016-06-30,IBB,-0.027383585839992675,0.04750112997859446,-0.02562155365391605,-0.019768288167321013,-0.09799235801482598
2016-07-31,IBB,-0.08668028993867072,-0.0319835343860041,-0.10124229220483538,-0.08281300704860806,-0.23240871904372773
2016-08-31,IBB,-0.026331599789698124,0.0405254401107904,-0.0867389853160222,-0.03506453977157076,-0.210765362546956
2016-09-30,IBB,-0.07204543121741613,-0.009344319581648608,-0.10332534091895385,-0.07400095790399597,-0.2943389605690132
2016-10-31,IBB,0.03020280813072007,0.004781195763017498,-0.04085212751570655,-0.054814677232537634,-0.14102176810352052
2016-11-30,IBB,-0.05476888551619408,-0.05166709240997003,-0.04976265006253766,-0.05594205690185261,-0.09344828721751275
2016-12-31,IBB,0.07488471581858713,0.001762032186076623,0.0076152976726716615,-0.0327303713249496,-0.06428135392708878
2017-01-31,IBB,0.05469675555266662,-0.014562002266164664,0.003867282890062662,-0.005878473790172034,-0.14772859546059025
2017-02-28,IBB,0.06685703990048852,-0.060407385526324076,-0.008732939981872634,-0.04010039032715662,-0.09755951724641132
2017-03-31,IBB,0.06270111163576753,-0.03127990970153771,-0.0019555266865798338,-0.05183796372555016,-0.011253000764506638
2017-04-30,IBB,-0.025421612367702573,-0.07105493564642662,-0.0850174853632577,-0.1459658469375077,0.005040300917570795
2017-05-31,IBB,0.003101793106224049,0.005006235453656416,-0.0011731713856585335,-0.08864933476282255,0.09806815342015074
2017-06-30,IBB,-0.07312268363251051,-0.06726941814591547,-0.10761508714353674,-0.14549348799342043,0.015612718460971675
2017-07-31,IBB,-0.06925875781883128,-0.05082947266260396,-0.060575229342838655,-0.20042518465772363,-0.0680327870871219
2017-08-31,IBB,-0.1272644254268126,-0.07558997988236116,-0.10695743022764514,-0.2512908026577464,-0.1704470858678736
2017-09-30,IBB,-0.09398102133730524,-0.06465663832234736,-0.11453907536131769,-0.2849946409873646,-0.11617550747003413
2017-10-31,IBB,-0.04563332327872405,-0.05959587299555513,-0.12054423456980512,-0.14580296386653802,-0.043574577717478524
2017-11-30,IBB,0.0019044423474323668,-0.004274964491882582,-0.0917511278690466,-0.04178119480754272,-0.016877366192256993
2017-12-31,IBB,0.005853265486595038,-0.034492403511026226,-0.07237080436090992,-0.0660433861131654,-0.012049679263241186
2018-01-31,IBB,0.018429285156227326,0.00868352847599263,-0.13116642683889235,-0.1331665931944256,0.04682066731024204
2018-02-28,IBB,0.05167444554445144,0.020306995199167455,-0.1240263772309338,-0.037152131720087245,0.012154135372717034
2018-03-31,IBB,0.029324383014957878,-0.02055805402401245,-0.19101361965005936,0.020026908937031074,-0.08931550310257563
2018-04-30,IBB,-0.013962549716831085,-0.07491091129108107,-0.10016964058781397,0.07609523656399741,-0.07951874091271327
2018-05-31,IBB,-0.006179406839314949,-0.09365557021647897,-0.04368563715497509,0.09306191796649432,-0.12548093194111343
2018-06-30,IBB,-0.040345668997621265,-0.07822406984750496,-0.07189665159976044,0.08288213660688715,-0.078952419381352
2018-07-31,IBB,-0.009745756680234696,-0.14959571199511967,-0.1515958783506529,-0.017203314424517946,-0.11409203661624034
2018-08-31,IBB,-0.03136745034528399,-0.17570082277538523,-0.08882657726453869,-0.09485710598551245,-0.12165437539470614
2018-09-30,IBB,-0.04988243703897033,-0.22033800266501724,-0.009297474077926804,-0.051518869147686774,-0.13007369924235423
2018-10-31,IBB,-0.06094836157424999,-0.08620709087098288,0.0900577862808285,0.016021295278076608,-0.13439651799807573
2018-11-30,IBB,-0.08747616337716402,-0.03750623031566014,0.09924132480580927,-0.01260240170037441,-0.18985476900462872
2018-12-31,IBB,-0.0378784008498837,-0.03155098260213918,0.12322780560450841,0.02244272424778504,-0.2200256943005533
2019-01-31,IBB,-0.13984995531488498,-0.14185012167041822,-0.00745755774428325,0.03813713883424941,-0.35753181197736117
2019-02-28,IBB,-0.14433337243010125,-0.0574591269192547,-0.06348965564022846,-0.00815285982645042,-0.3673145525667688
2019-03-31,IBB,-0.1704555656260469,0.040584962961043525,-0.0016364321087164457,-0.06875744907856318,-0.3461653216549635
2019-04-30,IBB,-0.025258729296732896,0.1510061478550785,0.0769696568523266,-0.004607829621632198,-0.2726692523332567
2019-05-31,IBB,0.04996993306150388,0.1867174881829733,0.07487376167678961,-0.03182536172463446,-0.2780110831249262
2019-06-30,IBB,0.006327418247744521,0.1611062064543921,0.06032112509766874,-0.0007283495338470392,-0.21018501685355773
2019-07-31,IBB,-0.0020001663555332394,0.13239239757060173,0.17798709414913438,0.03550367537887933,-0.2010443137262372
2019-08-31,IBB,0.08687424551084655,0.08084371678987279,0.13618051260365083,0.0540464473806791,-0.17226397483037437
2019-09-30,IBB,0.21104052858709044,0.16881913351733047,0.10169811654748373,0.090264303422663,-0.0650588966106086
2019-10-31,IBB,0.17626487715181138,0.10222838614905949,0.020650899675100698,-0.04818942712709284,-0.10252402704595343
2019-11-30,IBB,0.1367475551214694,0.024903828615285728,-0.08179529478613834,-0.15234853868896858,-0.17485340588865317
2019-12-31,IBB,0.1547787882066476,0.05399370684992422,-0.00705576778159156,-0.18847471169841412,-0.13446388041125068
2020-01-31,IBB,0.13439256392613497,0.17998726050466762,0.03750384173441257,-0.21568169030694295,-0.10222065476525877
2020-02-29,IBB,-0.00603052872097376,0.04930626709280428,-0.03282779813016745,-0.3098554256475141,-0.225477885640485
2020-03-31,IBB,-0.04222139506975997,-0.1093424120396067,-0.12077622516442743,-0.386750284616007,-0.31911531602192356
2020-04-30,IBB,-0.07403649100275189,-0.15561397747671069,-0.22445430427890423,-0.42367540018833516,-0.34590805029112404
2020-05-31,IBB,-0.11184372650618368,-0.21854284990760775,-0.289096093810438,-0.46472857130789946,-0.42190298291817685
2020-06-30,IBB,-0.10078508135672337,-0.16183455598823915,-0.3432534999050617,-0.37129122330794984,-0.4785749412822631
2020-07-31,IBB,0.045594696578532656,-0.0968887221917224,-0.3500742542330779,-0.33343671129683894,-0.41703800056081364
2020-08-31,IBB,0.05533679581377804,-0.02679726940919369,-0.30382489692654036,-0.25310769162024715,-0.3447833516909242
2020-09-30,IBB,-0.06712101696984674,-0.07855483009466746,-0.34452888954624705,-0.23387803012793906,-0.38376019666858685
2020-10-31,IBB,-0.0815774864739588,-0.15041781327615233,-0.34963890918558327,-0.20475241319501292,-0.4208543350651792
2020-11-30,IBB,-0.10669912340142407,-0.1772523673042543,-0.3528848448017158,-0.1997572345039389,-0.4495829848613062
2020-12-31,IBB,-0.06104947463151578,-0.24246841854833834,-0.27050614195122646,-0.1884575872611749,-0.37989518741088335
2021-01-31,IBB,-0.14248341877025505,-0.3956689508116106,-0.3790314078753716,-0.2822079152699264,-0.47666782097261384
2021-02-28,IBB,-0.08213406522297173,-0.3591616927403184,-0.3084444874340252,-0.27478415273328927,-0.4596480465715521
2021-03-31,IBB,-0.011433813124820724,-0.2774078725764003,-0.16675701315809233,-0.20977290398231685,-0.4037967080133348
2021-04-30,IBB,-0.06884032680219354,-0.2680614227116245,-0.12317492672105412,-0.19029407281441335,-0.4123198769908003
2021-05-31,IBB,-0.07055324390283024,-0.2461857214002917,-0.09305811110251483,-0.2033601330105691,-0.3841003703612228
2021-06-30,IBB,-0.18141894391682256,-0.2094566673197107,-0.12740811262965912,-0.31674038529402393,-0.44871108758694034
2021-07-31,IBB,-0.2531855320413555,-0.23654798910511654,-0.13972449649967134,-0.32014927836909124,-0.3714545589455177
2021-08-31,IBB,-0.27702762751734666,-0.22631042221105346,-0.19265008751031754,-0.31798608228173053,-0.40291738681434774
2021-09-30,IBB,-0.2659740594515796,-0.1553232000332716,-0.19833909085749613,-0.3052053665739194,-0.42626732069915396
2021-10-31,IBB,-0.19922109590943093,-0.05433459991886058,-0.12145374601221981,-0.2704365217890269,-0.36977070560226644
2021-11-30,IBB,-0.17563247749746147,-0.022504867199684586,-0.13280688910773886,-0.2723306175570519,-0.39474834851359253
2021-12-31,IBB,-0.028037723402888126,0.05401083128716344,-0.13532144137720137,-0.137426768862545,-0.38043869224995475
2022-01-31,IBB,0.01663754293623898,0.11346103554168419,-0.06696374632773572,-0.08099887016100327,-0.27512083577594526
2022-02-28,IBB,0.0507172053062932,0.08437754000702913,-0.04095845476438387,-0.10048635383123372,-0.2597882913953028
2022-03-31,IBB,0.11065085941830799,0.06763496859408347,-0.0392313071223398,-0.12638883543693447,-0.2670405837804991
2022-04-30,IBB,0.14488649599057035,0.07776734989721112,-0.07121542587959595,-0.14425845427917583,-0.2517929700018905
2022-05-31,IBB,0.15312761029777688,0.04282558838972261,-0.09669814005959043,-0.13791464896093109,-0.3509468200514626
2022-06-30,IBB,0.08204855469005157,-0.10728371797431324,-0.10938904545965689,-0.23925442026722965,-0.45451633029762006
2022-07-31,IBB,0.0968234926054452,-0.0836012892639747,-0.09763641309724225,-0.13490656984040117,-0.3894742955521666
2022-08-31,IBB,0.03366033470073593,-0.09167566007067707,-0.15120355913752692,-0.17660696460329428,-0.38855326127395573
2022-09-30,IBB,-0.04301589082422452,-0.1498821665406478,-0.23703969485524246,-0.27094412066588236,-0.4359258287126804
2022-10-31,IBB,-0.06711914609335923,-0.2161019218701663,-0.2891449502697462,-0.31543610568340585,-0.37321720925295065
2022-11-30,IBB,-0.11030202190805427,-0.24982575035736732,-0.29104225925870797,-0.37224348131390794,-0.2906585959187573
2022-12-31,IBB,-0.1893322726643648,-0.19143760014970845,-0.3213029749572812,-0.4344495235371182,-0.34117246238070287
2023-01-31,IBB,-0.1804247818694199,-0.19445990570268745,-0.23173006244584637,-0.38858187131762945,-0.3091974176927117
2023-02-28,IBB,-0.125335994771413,-0.18486389383826285,-0.2102672993040302,-0.3441658314023319,-0.24002837596389315
2023-03-31,IBB,-0.10686627571642326,-0.19402380403101793,-0.22792822984165784,-0.3346755523745826,-0.2076716269750335
2023-04-30,IBB,-0.14898277577680707,-0.22202580417638695,-0.24831695959004663,-0.3295603198991016,-0.3070928401512083
2023-05-31,IBB,-0.13952372844931304,-0.1807402373506537,-0.26194145940585367,-0.3937724084411852,-0.2789004453695225
2023-06-30,IBB,-0.0021053274853436443,-0.1319707022929164,-0.24511725087275338,-0.3472326123233068,-0.2234262037564776
2023-07-31,IBB,-0.014035123833267549,-0.05130528057642647,-0.20815708944820954,-0.3058730062881919,-0.20541373811960795
2023-08-31,IBB,-0.059527899066849854,-0.08493130453261721,-0.21882983663091893,-0.29687760120327866,-0.21702581475076022
2023-09-30,IBB,-0.08715752831459467,-0.12106195412523457,-0.2278092766581593,-0.2860436621720326,-0.21792893734114627
2023-10-31,IBB,-0.07304302839957988,-0.09933418381323955,-0.18057754412229454,-0.15711528738278435,-0.16694524115979703
2023-11-30,IBB,-0.041216508901340654,-0.12241773095654063,-0.2542486799918722,-0.04083284556139,-0.13937671692020948
2023-12-31,IBB,-0.12986537480757276,-0.24301192338740973,-0.3451272848379632,-0.14973486223099441,-0.22132087627113395
2024-01-31,IBB,-0.03727015674315892,-0.194121965614942,-0.29183788245492437,-0.11473751199002424,-0.1913786142863404
2024-02-29,IBB,-0.02540340546576736,-0.15930193756406907,-0.2373497021364288,-0.0551644821256303,-0.15749791568391036
2024-03-31,IBB,-0.033904425810639904,-0.14065174834356464,-0.19888613385743792,-0.013647822944015564,-0.1307714090265516
2024-04-30,IBB,-0.026291155413659673,-0.10753451572271466,-0.08407225898320447,-0.08506703597482135,-0.09390221276021715
2024-05-31,IBB,-0.08120122205519997,-0.21303217109053152,0.00038366333995065727,-0.09816020801886882,-0.09816020801886882
2024-06-30,IBB,-0.11314654857983697,-0.2152619100303904,-0.01986948742342165,-0.09145550146356118,-0.09145550146356118
2024-07-31,IBB,-0.15685180887178307,-0.25456772571176545,-0.07746735524686532,-0.15410845754318148,-0.15410845754318148
2024-08-31,IBB,-0.13389853209830171,-0.21194629667066145,-0.02976107665986294,-0.132094510218143,-0.132094510218143
2024-09-30,IBB,-0.10674732253292474,-0.16498170804679801,0.02025660286662434,-0.0968669832159117,-0.0968669832159117
2024-10-31,IBB,-0.08124336030905499,-0.0577811035695448,-0.058775880561161675,-0.06761105734655748,-0.06761105734655748
2024-11-30,IBB,-0.13183094903533155,0.08158488539515063,-0.01695898596366885,-0.01695898596366885,-0.01695898596366885
2024-12-31,IBB,-0.10211536145055344,0.09327706115641532,0.021691047116275786,0.021691047116275786,
2025-01-31,IBB,-0.09771591683998238,0.07938445362491775,0.0027433513286015954,0.0027433513286015954,
2025-02-28,IBB,-0.07804776457235973,0.10413745543843878,0.0018040218801587127,0.0018040218801587127,
2025-03-31,IBB,-0.05823438551387328,0.12700392539954908,0.009880339317013043,0.009880339317013043,
2025-04-30,IBB,0.02346225673951019,0.022467479747893315,0.013632302962497511,0.013632302962497511,
2025-05-31,IBB,0.21341583443048218,0.1148719630716627,0.1148719630716627,0.1148719630716627,
2025-06-30,IBB,0.19539242260696876,0.12380640856682923,0.12380640856682923,,
2025-07-31,IBB,0.17710037046490013,0.10045926816858397,0.10045926816858397,,
2025-08-31,IBB,0.1821852200107985,0.07985178645251845,0.07985178645251845,,
2025-09-30,IBB,0.18523831091342235,0.06811472483088632,,,
2025-10-31,IBB,-0.0009947769916168747,-0.009829953777012679,,,
2025-11-30,IBB,-0.09854387135881948,-0.09854387135881948,,,
2025-12-31,IBB,-0.07158601404013953,,,,
2026-01-31,IBB,-0.07664110229631615,,,,
2026-02-28,IBB,-0.10233343355828006,,,,
2026-03-31,IBB,,,,,
2026-04-30,IBB,,,,,
2026-05-31,IBB,,,,,
2007-04-30,ICLN,0.0315335245283005,0.11177454332961609,0.11157515283977308,0.11157515283977308,
2007-05-31,ICLN,0.051919009059539896,0.11538550127885298,0.11392782539155538,0.11392782539155538,
2007-06-30,ICLN,0.0728710100226149,0.11556478930278768,0.11556478930278768,0.11556478930278768,
2007-07-31,ICLN,0.09280651315578131,0.1107956455794156,0.1107956455794156,,
2007-08-31,ICLN,0.0852618044521156,0.0950122507029088,0.0950122507029088,,
2007-09-30,ICLN,0.08360585561181309,0.0881071912884719,0.0881071912884719,,
2007-10-31,ICLN,0.0802410188013156,0.0800416283114726,,,
2007-11-30,ICLN,0.0634664922193131,0.06200881633201549,,,
2007-12-31,ICLN,0.0426937792801728,0.0426937792801728,,,
2008-01-31,ICLN,0.017989132423634303,,,,
2008-02-29,ICLN,0.0097504462507932,,,,
2008-03-31,ICLN,0.0045013356766588,,,,
2008-04-30,ICLN,,,,,
2008-05-31,ICLN,,,,,
2008-06-30,ICLN,,,,,
2010-07-31,ICLN,-0.1900781669177616,-0.3684500987100432,-0.583596793385379,-0.8125960849802545,-1.1884727408849243
2010-08-31,ICLN,-0.19416603029962481,-0.3669790871559362,-0.5901461327035146,-0.817607988986511,-1.1825281906575134
2010-09-30,ICLN,-0.1981410016643178,-0.3633238221189411,-0.5954975453683415,-0.8299828516489482,-1.1819751042471434
2010-10-31,ICLN,-0.19156427794528041,-0.3641957971046856,-0.6032122788172882,-0.8371409962729627,-1.1575897073655241
2010-11-30,ICLN,-0.1891169214830217,-0.3766796254843867,-0.6134144584903678,-0.8433710292485669,-1.1372163370612773
2010-12-31,ICLN,-0.18674547900688238,-0.38491087438128985,-0.6177072586783784,-0.8371706434861882,-1.1134645653917588
2011-01-31,ICLN,-0.17837193179228159,-0.3935186264676173,-0.6225179180624927,-0.8250708418987776,-1.0888961787146991
2011-02-28,ICLN,-0.1728130568563114,-0.39598010240388987,-0.6234419586868862,-0.8174067181153025,-1.0630867324847841
2011-03-31,ICLN,-0.1651828204546233,-0.3973565437040239,-0.6318418499846306,-0.8110363126278881,-1.0399449717343558
2011-04-30,ICLN,-0.1726315191594052,-0.4116480008720078,-0.6455767183276822,-0.8171798654228064,-1.0228209970232756
2011-05-31,ICLN,-0.1875627040013651,-0.4242975370073461,-0.6542541077655453,-0.8193735684048009,-0.9996133575876262
2011-06-30,ICLN,-0.1981653953744075,-0.43096177967149607,-0.6504251644793058,-0.8182689612611225,-0.9677142753468756
2011-07-31,ICLN,-0.2151466946753358,-0.44414598627021123,-0.6466989101064959,-0.8200226421748811,-0.9409361173523277
2011-08-31,ICLN,-0.2231670455475785,-0.45062890183057486,-0.644593661258991,-0.8155491035015769,-0.9075968157796792
2011-09-30,ICLN,-0.2321737232494006,-0.4666590295300072,-0.6458534921732649,-0.8186512821282022,-0.8798535453671923
2011-10-31,ICLN,-0.2390164817126026,-0.47294519916827715,-0.6445483462634013,-0.7933939102608386,-0.8482371257687539
2011-11-30,ICLN,-0.23673483300598103,-0.4666914037641801,-0.6318108644034358,-0.7605367115768906,-0.8082135512023604
2011-12-31,ICLN,-0.23279638429708854,-0.4522597691048984,-0.620103565886715,-0.7285536910104689,-0.7721359563531258
2012-01-31,ICLN,-0.22899929159487542,-0.4315522154311603,-0.6048759474995453,-0.6953775522470816,-0.7273498059216315
2012-02-29,ICLN,-0.2274618562829963,-0.4214266157114127,-0.5923820579539985,-0.6671066300808941,-0.6894882260361308
2012-03-31,ICLN,-0.2344853062806066,-0.4136797689238643,-0.5864775588788016,-0.6425884280303319,-0.6561501118470474
2012-04-30,ICLN,-0.23392871745567448,-0.4055318645507986,-0.554377428548236,-0.6111729961512677,-0.6186853129933677
2012-05-31,ICLN,-0.22995657075819909,-0.3950760313974548,-0.5238018785709097,-0.57531582058028,-0.5783735893168015
2012-06-30,ICLN,-0.2194633848078098,-0.3873071815896265,-0.4957573067133803,-0.5367524956753795,-0.5393395720560374
2012-07-31,ICLN,-0.2025529238362848,-0.37587665590466984,-0.46637826065220617,-0.49679013108211645,-0.4983505143267559
2012-08-31,ICLN,-0.1939647594284163,-0.36492020167100214,-0.43964477379789785,-0.4569679139491043,-0.4620263697531344
2012-09-30,ICLN,-0.1791944626432577,-0.3519922525981949,-0.40810312174972535,-0.41319451583718503,-0.4216648055664409
2012-10-31,ICLN,-0.1716031470951241,-0.3204487110925615,-0.3772442786955933,-0.3752919266004767,-0.3847565955376932
2012-11-30,ICLN,-0.1651194606392557,-0.2938453078127105,-0.3453592498220809,-0.3415221474381803,-0.3484170185586024
2012-12-31,ICLN,-0.1678437967818167,-0.27629392190557056,-0.31728911086756967,-0.31987618724822764,-0.31987618724822764
2013-01-31,ICLN,-0.1733237320683851,-0.2638253368159214,-0.29423720724583174,-0.2957975904904712,-0.2957975904904712
2013-02-28,ICLN,-0.1709554422425859,-0.2456800143694815,-0.26300315452068795,-0.26806161032471804,-0.26806161032471804
2013-03-31,ICLN,-0.1727977899549372,-0.22890865910646763,-0.23400005319392733,-0.2424703429231832,-0.2424703429231832
2013-04-30,ICLN,-0.1488455639974374,-0.20564113160046918,-0.2036887795053526,-0.21315344844256912,-0.21315344844256912
2013-05-31,ICLN,-0.1287258471734548,-0.18023978918282518,-0.1764026867989246,-0.1832975579193467,-0.1832975579193467
2013-06-30,ICLN,-0.10845012512375392,-0.149445314085753,-0.15203239046641093,-0.15203239046641093,-0.15203239046641093
2013-07-31,ICLN,-0.0905016047475363,-0.12091347517744659,-0.12247385842208611,-0.12247385842208611,
2013-08-31,ICLN,-0.0747245721268956,-0.0920477122781021,-0.09710616808213221,-0.09710616808213221,
2013-09-30,ICLN,-0.0561108691515304,-0.0612022632389901,-0.069672552968246,-0.069672552968246,
2013-10-31,ICLN,-0.0567955676030318,-0.054843215507915204,-0.0643078844451317,-0.0643078844451317,
2013-11-30,ICLN,-0.05151394200937041,-0.047676839625469807,-0.054571710745891906,-0.054571710745891906,
2013-12-31,ICLN,-0.0409951889619991,-0.043582265342657,-0.043582265342657,-0.043582265342657,
2014-01-31,ICLN,-0.030411870429910302,-0.031972253674549804,-0.031972253674549804,,
2014-02-28,ICLN,-0.0173231401512065,-0.022381595955236602,-0.022381595955236602,,
2014-03-31,ICLN,-0.005091394087459702,-0.013561683816715601,-0.013561683816715601,,
2014-04-30,ICLN,0.0019523520951165998,-0.0075123168420999,,,
2014-05-31,ICLN,0.0038371023839006,-0.0030577687365215,,,
2014-06-30,ICLN,-0.0025870763806579,-0.0025870763806579,,,
2014-07-31,ICLN,-0.0015603832446394999,,,,
2014-08-31,ICLN,-0.005058455804030099,,,,
2014-09-30,ICLN,-0.0084702897292559,,,,
2014-10-31,ICLN,,,,,
2014-11-30,ICLN,,,,,
2014-12-31,ICLN,,,,,
2003-08-31,IGV,0.06161881595206681,0.09788485695643631,0.1260375251496077,0.1346008297672743,0.1986924330720236
2003-09-30,IGV,0.054414428863675604,0.0937805313938998,0.11022895894945658,0.12924846357732578,0.1857677443583726
2003-10-31,IGV,0.04670700371894421,0.08549858035149029,0.09622767949620999,0.1236056858017877,0.17104484955023788
2003-11-30,IGV,0.039259036010368197,0.080161554928292,0.08414255532252068,0.12203385338340961,0.1534755528500386
2003-12-31,IGV,0.033939850824774104,0.0746281431643033,0.07497901809058931,0.1225352681683193,0.1382284491755118
2004-01-31,IGV,0.0316222880079442,0.0719888948419357,0.0687662164066493,0.1247884218845075,0.12718612034582794
2004-02-29,IGV,0.0362660410043695,0.0644187091975409,0.0729820138152075,0.13515851717414562,0.1181227809752399
2004-03-31,IGV,0.0393661025302242,0.055814530085780995,0.0748340347136502,0.1344237255768114,0.11063381775208439
2004-04-30,IGV,0.0387915766325461,0.049520675777265794,0.0768986820828435,0.131283608055556,0.10200256033180109
2004-05-31,IGV,0.040902518917923805,0.044883519312152495,0.0827748173730414,0.1276931539949426,0.0974278676093736
2004-06-30,IGV,0.0406882923395292,0.0410391672658152,0.0885954173435452,0.12117047188225291,0.09172978482306739
2004-07-31,IGV,0.04036660683399151,0.037143928398705096,0.0931661338765633,0.1143405641541699,0.08453927651636091
2004-08-31,IGV,0.0281526681931714,0.036715972810838,0.0988924761697761,0.1008075761155873,0.07153156746175089
2004-09-30,IGV,0.016448427555556804,0.035467932183426,0.0950576230465872,0.0919872129644728,0.06026680946225001
2004-10-31,IGV,0.0107290991447197,0.0381071054502974,0.09249203142300991,0.0855462691987476,0.050612316927578394
2004-11-30,IGV,0.003981000394228699,0.0418722984551176,0.0867906350770188,0.07331399792174659,0.0387390974704477
2004-12-31,IGV,0.00035087492628600026,0.047907125004016,0.0804821795427237,0.0636003060112085,0.03134384509378001
2005-01-31,IGV,-0.0032226784352864003,0.0527995270425718,0.0739739573201784,0.055197225503892194,0.024677968184359203
2005-02-28,IGV,0.008563304617666601,0.0707398079766047,0.0726549079224159,0.053704071777699,0.0269547698687995
2005-03-31,IGV,0.0190195046278692,0.0786091954910304,0.07553878540891598,0.054819287666303396,0.0314503510854475
2005-04-30,IGV,0.027378006305577702,0.0817629322782902,0.0748171700540279,0.0524818845545353,0.0339360566359481
2005-05-31,IGV,0.0378912980608889,0.0828096346827901,0.06933299752751788,0.05254434829722109,0.0367947901376337
2005-06-30,IGV,0.04755625007773,0.08013130461643769,0.0632494310849225,0.0506906175572522,0.041137244824860905
2005-07-31,IGV,0.0560222054778582,0.0771966357554648,0.0584199039391786,0.047395348117655806,0.04513479902326809
2005-08-31,IGV,0.06217650335893811,0.06409160330474929,0.0451407671600324,0.0348155946509129,0.0421079017453234
2005-09-30,IGV,0.059589690863161196,0.056519280781046795,0.0357997830384342,0.024798877278824,0.040929288583279405
2005-10-31,IGV,0.05438492597271251,0.0474391637484502,0.025103878248957597,0.012505211477281002,0.0369275189063221
2005-11-30,IGV,0.04491833662190121,0.03144169946662901,0.014653050236332201,-0.0031332009846699004,0.033809557331186506
2005-12-31,IGV,0.0325750545387077,0.015693181007192497,0.0031343674795221996,-0.016563279910236,0.0305342356563185
2006-01-31,IGV,0.0211744302776066,0.002397698461320399,-0.008626857360202399,-0.0281215588582126,0.0283094098340173
2006-02-28,IGV,0.0019150999458112002,-0.0170357361989057,-0.0273609087080252,-0.0437850381078052,0.0225203376991972
2006-03-31,IGV,-0.0030704100821143995,-0.023789907824727,-0.0347908135843372,-0.047158844405582906,0.029385782756944798
2006-04-30,IGV,-0.0069457622242623,-0.029281047723754897,-0.04187971449543149,-0.0478268756423421,0.041844717949043694
2006-05-31,IGV,-0.013476637155272201,-0.030265286385569,-0.048051537606571104,-0.046014844545156405,0.0572751151995627
2006-06-30,IGV,-0.016881873531515202,-0.0294406870591855,-0.04913833444894371,-0.0389940597915768,0.07246275965565
2006-07-31,IGV,-0.0187767318162862,-0.029801287637809003,-0.04929598913581921,-0.0320618367321967,0.0863351424489699
2006-08-31,IGV,-0.0189508361447169,-0.029276008653836404,-0.04570013805361641,-0.021983701559425903,0.09944051438663411
2006-09-30,IGV,-0.0207194977426126,-0.031720403502222806,-0.044088434323468505,-0.015589992197767404,0.10976289959722038
2006-10-31,IGV,-0.0223352854994926,-0.0349339522711692,-0.040881113418079804,-0.0105116448421281,0.12010284451784618
2006-11-30,IGV,-0.0167886492302968,-0.0345749004512989,-0.0325382073898842,0.002367857864557496,0.1349482788659222
2006-12-31,IGV,-0.0125588135276703,-0.03225646091742851,-0.0221121862600616,0.014841054649125999,0.148534705268439
2007-01-31,IGV,-0.011024555821522801,-0.030519257319533,-0.0132851049159105,0.025911711372696898,0.15842465812482182
2007-02-28,IGV,-0.0103251725091195,-0.0267493019088995,-0.0030328654147090007,0.0395560738981029,0.16622461596337862
2007-03-31,IGV,-0.0110009057596102,-0.023368936580855898,0.0051295055448452,0.0531756905816718,0.17401024141228014
2007-04-30,IGV,-0.012598666771676599,-0.0185458279185872,0.0118236406573645,0.0711257656727986,0.1812430886309661
2007-05-31,IGV,-0.0177862512210021,-0.015749558159587403,0.019156507094854298,0.0875404015851317,0.18732380246621516
2007-06-30,IGV,-0.0196976473897582,-0.0095533727323913,0.0273998681767963,0.1019034467148355,0.19267315566625115
2007-07-31,IGV,-0.019494701498010202,-0.0022605490943876988,0.03693626719421969,0.1161364300867789,0.19705085575999728
2007-08-31,IGV,-0.01642412939978,0.007292307094410501,0.04988124640722239,0.1287165230404705,0.20265511899027758
2007-09-30,IGV,-0.012368030821245697,0.016130411304455403,0.06417659634128199,0.14148330309944318,0.2111228649139128
2007-10-31,IGV,-0.005947161146910598,0.0244223074290411,0.0837244324444752,0.15503679678901539,0.2191745833670661
2007-11-30,IGV,0.0020366930614146997,0.0369427583158564,0.1053266528061338,0.1695231793172211,0.23280006495102398
2007-12-31,IGV,0.0101442746573669,0.047097515566554504,0.12160109410459369,0.1807911661858675,0.24356427847264892
2008-01-31,IGV,0.0172341524036225,0.056430968692229896,0.1356311315847891,0.1889439154443548,0.2537319637356816
2008-02-29,IGV,0.0237164364941905,0.0663053758070024,0.14514065244025048,0.19297391787227808,0.2619097960206807
2008-03-31,IGV,0.0284984421257011,0.0765446271625277,0.1538513339206889,0.19737917799313598,0.26570478629378785
2008-04-30,IGV,0.0303694685759517,0.0896715935913858,0.16098395793592601,0.19978891654955327,0.26473944125204546
2008-05-31,IGV,0.034906065254441704,0.1032899597447191,0.16748648625580642,0.20307336062580258,0.26456602263343104
2008-06-30,IGV,0.0369532409091876,0.1114568194472268,0.1706468915285006,0.2022265283986425,0.2652477890760634
2008-07-31,IGV,0.0391968162886074,0.11839697918116661,0.17170976304073232,0.19931140485438498,0.2624042221432484
2008-08-31,IGV,0.0425889393128119,0.12142421594606,0.1692574813780876,0.19536281189586707,0.254991268099945
2008-09-30,IGV,0.0480461850368266,0.1253528917949878,0.16888073586743488,0.19499245360945738,0.2487284643837242
2008-10-31,IGV,0.0593021250154341,0.1306144893599743,0.1694194479736016,0.19475227593802502,0.2441908619241969
2008-11-30,IGV,0.0683838944902774,0.1325804210013647,0.16816729537136085,0.1958573066351676,0.24005147811610889
2008-12-31,IGV,0.07450357853803921,0.13369365061931301,0.16527328748945486,0.19646676290609438,0.2365014101852808
2009-01-31,IGV,0.0792001628925592,0.1325129467521249,0.1601145885657776,0.1973009950434517,0.2305623344873674
2009-02-28,IGV,0.07883527663324809,0.1266685420652757,0.1527738725830552,0.1956044202136783,0.2265442572273411
2009-03-31,IGV,0.07730670675816119,0.1208345508306083,0.1469462685726308,0.1891601591312601,0.22054491739658685
2009-04-30,IGV,0.07131236434454019,0.11011732295816751,0.13545015092259088,0.17506784766065958,0.21077642282057707
2009-05-31,IGV,0.0641965265110873,0.09978340088108352,0.12747341214489022,0.1612760628887119,0.1988639302289721
2009-06-30,IGV,0.0591900720812738,0.0907697089514157,0.1219631843680552,0.1537909696288366,0.18875771543200445
2009-07-31,IGV,0.0533127838595657,0.0809144256732184,0.1181008321508925,0.14400724296208178,0.18285547384480302
2009-08-31,IGV,0.0478332654320276,0.0739385959498071,0.11676914358043021,0.13356705215388498,0.18265013479850953
2009-09-30,IGV,0.0435278440724471,0.0696395618144696,0.1118534523730989,0.12337557258873641,0.18356722637545356
2009-10-31,IGV,0.0388049586136273,0.06413778657805069,0.1037554833161194,0.11357637256422257,0.18266799202110506
2009-11-30,IGV,0.0355868743699962,0.0632768856338029,0.0970795363776246,0.10747105711474417,0.18255346893541466
2009-12-31,IGV,0.0315796368701419,0.0627731122867814,0.09460089754756279,0.10280775956596776,0.18342180447165188
2010-01-31,IGV,0.027601641813652697,0.06478804829132681,0.09069445910251611,0.09804938773524247,0.18763118192789766
2010-02-28,IGV,0.0261053305177795,0.0689358781484026,0.0857337867218574,0.09987571516206536,0.19436072035917587
2010-03-31,IGV,0.026111717742022502,0.0683256083006518,0.07984772851628931,0.09971036656597856,0.19976517513203534
2010-04-30,IGV,0.025332827964423398,0.0649505247024921,0.07477141395059525,0.10065909986240956,0.20531549106537875
2010-05-31,IGV,0.027690011263806703,0.061492662007628394,0.07188418274474795,0.09908052934788866,0.21056965501521266
2010-06-30,IGV,0.0311934754166395,0.06302126067742089,0.07122812269582585,0.09798800648058875,0.21390879231523463
2010-07-31,IGV,0.0371864064776741,0.0630928172888634,0.07044774592158976,0.10194104817158467,0.21482472083268722
2010-08-31,IGV,0.04283054763062309,0.0596284562040779,0.07377038464428586,0.10871153884870245,0.21755810469617162
2010-09-30,IGV,0.04221389055862929,0.0537360107742668,0.07359864882395606,0.11392766456098395,0.21477237871271704
2010-10-31,IGV,0.0396176967380687,0.04943858598617186,0.07532627189798616,0.11853020544305436,0.20746413589389412
2010-11-30,IGV,0.0338026507438217,0.04419417148094126,0.07139051808408196,0.11927658330161177,0.19664857575036454
2010-12-31,IGV,0.0318277852607814,0.04003464727918636,0.06679453106394927,0.12064869218487045,0.18611565984107023
2011-01-31,IGV,0.025906410811189298,0.03326133944391566,0.06475464169391056,0.12284313363657086,0.17543872027558763
2011-02-28,IGV,0.016797908573454798,0.03093983701366276,0.06588099121807936,0.12542484221077327,0.16345928360621254
2011-03-31,IGV,0.0115221202156375,0.03138475826532676,0.07171377400235467,0.13143956683138358,0.15424424644958193
2011-04-30,IGV,0.00982088924810316,0.03570857515991746,0.07891250870498567,0.14036496636288665,0.14857424989676077
2011-05-31,IGV,0.01039152073711956,0.03758786734026026,0.08547393255779005,0.14907699300758426,0.14289263526708468
2011-06-30,IGV,0.00820686201840496,0.03496674580316786,0.08882090692408906,0.15088753163781377,0.13336969068615218
2011-07-31,IGV,0.007354928632726361,0.03884823088272126,0.09693672282538156,0.15173190354382385,0.12642924587460658
2011-08-31,IGV,0.014141928440207962,0.04908308264462456,0.10862693363731847,0.15792964849209376,0.12610466650330734
2011-09-30,IGV,0.01986263804968926,0.06019165378671716,0.11991744661574608,0.16103636793845025,0.12542522045888785
2011-10-31,IGV,0.0258876859118143,0.0690916194568825,0.1305440771147835,0.1580255499077223,0.12492923462430258
2011-11-30,IGV,0.0271963466031407,0.0750824118206705,0.13868547227046468,0.1524544042694233,0.12328453767736211
2011-12-31,IGV,0.026759883784762902,0.08061404490568409,0.14268066961940878,0.14608101256188388,0.1198802080312522
2012-01-31,IGV,0.0314933022499949,0.0895817941926552,0.14437697491109747,0.14217738083167197,0.1178758835328883
2012-02-29,IGV,0.0349411542044166,0.0944850051971105,0.1437877200518858,0.1325194465925498,0.11163268485211109
2012-03-31,IGV,0.0403290157370279,0.10005480856605681,0.141173729888761,0.1228594881842552,0.1061244379858146
2012-04-30,IGV,0.0432039335450682,0.10465639120296921,0.13213786399590802,0.1128656747368433,0.1001214869338197
2012-05-31,IGV,0.0478860652175298,0.11148912566732402,0.1252580576662826,0.10530476792682439,0.0962536252307729
2012-06-30,IGV,0.0538541611209212,0.1159207858346459,0.119321128777121,0.0984029448829843,0.0931203242464893
2012-07-31,IGV,0.0580884919426603,0.11288367266110261,0.11068407858167711,0.08758101499188531,0.08638258128289342
2012-08-31,IGV,0.0595438509926939,0.10884656584746921,0.0975782923881332,0.0770215838586828,0.0766915306476945
2012-09-30,IGV,0.0597257928290289,0.10084471415173311,0.0825304724472273,0.0652335666721707,0.0657954222487867
2012-10-31,IGV,0.061452457657901007,0.08893393045083982,0.0696617411917751,0.055837615167420106,0.056917553388751506
2012-11-30,IGV,0.06360306044979419,0.0773719924487528,0.057418702709294604,0.048202125856691605,0.048367560013243105
2012-12-31,IGV,0.0620666247137247,0.0654669676561998,0.044548783762063095,0.0392661631255681,0.0392661631255681
2013-01-31,IGV,0.054795180718442305,0.052595586639016804,0.029492523049225006,0.028294089340233107,0.028294089340233107
2013-02-28,IGV,0.0493027148547753,0.0380344413954393,0.0174777328659889,0.0171476796550006,0.0171476796550006
2013-03-31,IGV,0.04111892132270419,0.022804679618198397,0.0055077738431418,0.0060696294197578,0.0060696294197578
2013-04-30,IGV,0.0274814727929388,0.008209283533874099,-0.005614842490480899,-0.004534904269149499,-0.004534904269149499
2013-05-31,IGV,0.013768931998958601,-0.006184357740499599,-0.015400934593102596,-0.015235500436551096,-0.015235500436551096
2013-06-30,IGV,0.0034003429424751003,-0.017517840951661603,-0.0228004615881566,-0.0228004615881566,-0.0228004615881566
2013-07-31,IGV,-0.002199594079425499,-0.0253026576692173,-0.026501091378209198,-0.026501091378209198,
2013-08-31,IGV,-0.011268273459335999,-0.031824981988786395,-0.032155035199774695,-0.032155035199774695,
2013-09-30,IGV,-0.018314241704505803,-0.03561114747956239,-0.035049291902946395,-0.035049291902946395,
2013-10-31,IGV,-0.019272189259064702,-0.0330963152834197,-0.0320163770620883,-0.0320163770620883,
2013-11-30,IGV,-0.019953289739458202,-0.029169866592061198,-0.029004432435509698,-0.029004432435509698,
2013-12-31,IGV,-0.020918183894136702,-0.0262008045306317,-0.0262008045306317,-0.0262008045306317,
2014-01-31,IGV,-0.0231030635897918,-0.024301497298783697,-0.024301497298783697,,
2014-02-28,IGV,-0.0205567085294504,-0.0208867617404387,-0.0208867617404387,,
2014-03-31,IGV,-0.0172969057750566,-0.0167350501984406,-0.0167350501984406,,
2014-04-30,IGV,-0.013824126024355001,-0.012744187803023601,,,
2014-05-31,IGV,-0.009216576852603001,-0.009051142696051501,,,
2014-06-30,IGV,-0.005282620636495001,-0.005282620636495001,,,
2014-07-31,IGV,-0.0011984337089919002,,,,
2014-08-31,IGV,-0.0003300532109883,,,,
2014-09-30,IGV,0.000561855576616,,,,
2014-10-31,IGV,,,,,
2014-11-30,IGV,,,,,
2014-12-31,IGV,,,,,
2015-08-31,IPAY,-0.07245361162269814,-0.05859340299371507,-0.051847225708208766,0.03150501957920715,0.14506135677376408
2015-09-30,IPAY,-0.043355402875025706,-0.05665845811695169,-0.039017457216123486,0.04304918814120162,0.15573039088361318
2015-10-31,IPAY,-0.04252277234035329,-0.06259364103867282,-0.05380807594723347,0.04465926360232131,0.12020867098119448
2015-11-30,IPAY,-0.048740152292644945,-0.0765939177282311,-0.01937657731990694,0.040559780015573366,0.10447516510183508
2015-12-31,IPAY,-0.08171483702469828,-0.06004016331284123,0.005022197007182427,0.05645740797352161,0.1128028701296192
2016-01-31,IPAY,-0.005445925373325444,0.015072433265582608,0.10032467300249226,0.1572450101553653,0.21950381900657867
2016-02-29,IPAY,0.013860208628983073,0.020606385914489378,0.1039586312019053,0.14595693966428602,0.2375203220965163
2016-03-31,IPAY,-0.013303055241925987,0.00433794565890222,0.08640459101622733,0.1386481347072296,0.23391306526331612
2016-04-30,IPAY,-0.020070868698319533,-0.011285303606880182,0.0871820359426746,0.13550596562210038,0.21745677862144097
2016-05-31,IPAY,-0.027853765435586153,0.029363574972738005,0.08929993230821831,0.1610657529931151,0.27971896384526873
2016-06-30,IPAY,0.02167467371185705,0.08673703403188071,0.1381722449982199,0.22200165231887592,0.32980644622464994
2016-07-31,IPAY,0.020518358638908052,0.1057705983758177,0.16269093552869074,0.18942966903359215,0.3517597275674398
2016-08-31,IPAY,0.006746177285506305,0.09009842257292222,0.13209673103530295,0.20365475976747915,0.3173869642826417
2016-09-30,IPAY,0.017641000900828208,0.09970764625815332,0.15195118994915557,0.21238884900056487,0.26968896107715945
2016-10-31,IPAY,0.008785565091439351,0.10725290464099413,0.1555768343204199,0.1828023120198673,0.23855692795106986
2016-11-30,IPAY,0.05721734040832416,0.11715369774380446,0.18891951842870125,0.18106908283006617,0.2792084941340117
2016-12-31,IPAY,0.06506236032002366,0.11649757128636284,0.20032697860701887,0.17284303344246044,0.26173127322349254
2017-01-31,IPAY,0.08525223973690965,0.1421725768897827,0.1689113103946841,0.20443138574099606,0.2870568808761337
2017-02-28,IPAY,0.08335224528741592,0.12535055374979664,0.19690858248197285,0.21691393618202692,0.2838934220910634
2017-03-31,IPAY,0.08206664535732511,0.13431018904832737,0.19474784809973666,0.2295751196044139,0.18019156973456685
2017-04-30,IPAY,0.09846733954955478,0.14679126922898056,0.17401674692842795,0.22874208222832115,0.20707285885526128
2017-05-31,IPAY,0.059936357335480306,0.1317021780203771,0.12385174242174202,0.2503553888725307,0.25268236362662666
2017-06-30,IPAY,0.051435210966339184,0.1352646182869952,0.10778067312243678,0.24306941219276923,0.24675250524210313
2017-07-31,IPAY,0.056920337152873035,0.08365907065777445,0.11917914600408641,0.24598912919162208,0.2222959756070939
2017-08-31,IPAY,0.04199830846238073,0.11355633719455693,0.133561690894611,0.22728854170971946,0.21654359002038137
2017-09-30,IPAY,0.05224354369100226,0.11268120274241156,0.1475084742470888,0.16998131481900614,0.21318734300277675
2017-10-31,IPAY,0.04832392967942578,0.07554940737887317,0.13027474267876638,0.13130402331007573,0.1557911740228919
2017-11-30,IPAY,0.07176582068489679,0.06391538508626171,0.19041903153705042,0.16205479639020726,0.2671624433704076
2017-12-31,IPAY,0.08382940732065602,0.05634546215609759,0.19163420122643005,0.1452337019371297,0.31808256728859385
2018-01-31,IPAY,0.026738733504901413,0.062258808851213376,0.18906879203874905,0.144884303986351,0.23008981393192385
2018-02-28,IPAY,0.0715580287321762,0.09156338243223028,0.18529023324733873,0.15854286834126674,0.2948976540456121
2018-03-31,IPAY,0.0604376590514093,0.09526493055608654,0.11773777112800388,0.04588138068623948,0.21264360618295963
2018-04-30,IPAY,0.027225477699447387,0.0819508129993406,0.08298009363064995,0.06028158962628072,0.21865728048372535
2018-05-31,IPAY,-0.007850435598635075,0.11865321085215363,0.09028897570531047,0.12098018560624957,0.17075585028103157
2018-06-30,IPAY,-0.027483945164558432,0.10780479390577402,0.061404294616473676,0.11148788695510792,0.1544988888963641
2018-07-31,IPAY,0.03552007534631196,0.16233005853384763,0.11814557048144958,0.13863690494931946,0.14702020987579556
2018-08-31,IPAY,0.020005353700054074,0.11373220451516253,0.08698483960909054,0.10298725282582444,0.10222963665022933
2018-09-30,IPAY,0.03482727150467724,0.05730011207659458,-0.014556278365169817,0.1005061402603652,0.08079497695138893
2018-10-31,IPAY,0.05472533529989321,0.05575461593120257,0.03305611192683333,0.08024176664401872,-0.0031978983456446564
2018-11-30,IPAY,0.1265036464507887,0.09813941130394555,0.12883062120488464,0.2032470582841459,-0.09451994580152467
2018-12-31,IPAY,0.13528873907033245,0.08888823978103211,0.13897183211966635,0.26173710513249626,-0.11573617251778134
2019-01-31,IPAY,0.12680998318753567,0.08262549513513762,0.1031168296030075,0.16783100508071047,-0.17033377228946744
2019-02-28,IPAY,0.09372685081510845,0.06697948590903646,0.08298189912577036,0.2033342716133818,-0.22339402173581147
2019-03-31,IPAY,0.02247284057191734,-0.049383549869847054,0.06567886875568796,0.1173786756268731,-0.26587237045034784
2019-04-30,IPAY,0.0010292806313093594,-0.021669223373059876,0.025516431344125512,0.13670646748438475,-0.28513325786111876
2019-05-31,IPAY,-0.028364235146843164,0.002326974754095934,0.0767434118333572,0.05210263942887794,-0.34583833671819797
2019-06-30,IPAY,-0.046400499289300345,0.0036830930493338965,0.1264483660621638,0.046694094990590074,-0.40941061133565526
2019-07-31,IPAY,-0.04418448805239805,-0.02369315358452817,0.0410210218931748,-0.015309848658052072,-0.4095522552797599
2019-08-31,IPAY,-0.02674736490607199,-0.01074495168933809,0.10960742079827335,-0.0115025678649332,-0.3966949013831469
2019-09-30,IPAY,-0.0718563904417644,0.04320602818377062,0.09490583505495576,0.023494864874794352,-0.36767236932735603
2019-10-31,IPAY,-0.022698504004369235,0.024487150712816153,0.1356771868530754,-0.05895251427684722,-0.34224915628188346
2019-11-30,IPAY,0.030691209900939098,0.10510764698020036,0.0804668745757211,-0.19265935710547022,-0.4072977860967899
2019-12-31,IPAY,0.05008359233863424,0.17284886535146415,0.09309459427989042,-0.20462441229881345,-0.37892250393208304
2020-01-31,IPAY,0.02049133446786988,0.08520550994557285,0.02887463939434598,-0.25295926742460506,-0.35317621540446054
2020-02-29,IPAY,0.0160024132167339,0.13635478570434534,0.015244797041138791,-0.29037350764484793,-0.3832779100705499
2020-03-31,IPAY,0.11506241862553501,0.16676222549672015,0.09535125531655875,-0.21648882058050078,-0.33893603656802784
2020-04-30,IPAY,0.04718565471718539,0.15837569085744463,-0.03625401027247799,-0.2634640344880589,-0.3712561821910334
2020-05-31,IPAY,0.07441643707926127,0.049775664674782005,-0.22335056700640932,-0.3481653114722939,-0.4867029327411182
2020-06-30,IPAY,0.12276527301282991,0.04301100194125618,-0.2547080046374477,-0.41309370438498916,-0.4952227065862823
2020-07-31,IPAY,0.06471417547770297,0.008383304926476098,-0.27345060189247494,-0.38585910169523174,-0.4770583351251402
2020-08-31,IPAY,0.12035237248761144,-0.0007576161755951105,-0.30637592086158183,-0.3859499496938088,-0.5405125080654382
2020-09-30,IPAY,0.05169980687118514,-0.019711163308976265,-0.3315512392060358,-0.41087839751112665,-0.563436686427367
2020-10-31,IPAY,0.11119003614025924,-0.08343966498966338,-0.3106496892052443,-0.3667363069946996,-0.5824578875010926
2020-11-30,IPAY,-0.02464077240447926,-0.2977670040856706,-0.42258174855155517,-0.5124054330769903,-0.5894174965574102
2020-12-31,IPAY,-0.07975427107157373,-0.3774732776502776,-0.5358589773978191,-0.5517713692835472,-0.5892687767620806
2021-01-31,IPAY,-0.056330870551226875,-0.3381647773701779,-0.4505732771729347,-0.4383817253500334,-0.5747824898400445
2021-02-28,IPAY,-0.12110998866320655,-0.42672829334919327,-0.5063023221814202,-0.5196326957748952,-0.5922799528842925
2021-03-31,IPAY,-0.0714109701801614,-0.38325104607722094,-0.4625782043823118,-0.505698262064748,-0.5042120785164486
2021-04-30,IPAY,-0.19462970112992262,-0.4218397253455035,-0.47792634313495885,-0.529631873048478,-0.5671055480878978
2021-05-31,IPAY,-0.2731262316811913,-0.3979409761470759,-0.487764660672511,-0.5364785974159002,-0.5868649168131301
2021-06-30,IPAY,-0.29771900657870387,-0.45610470632624533,-0.47201709821197346,-0.5382337085275385,-0.6370408120167872
2021-07-31,IPAY,-0.28183390681895104,-0.39424240662170784,-0.3820508547988065,-0.4854416400516163,-0.5742846346353898
2021-08-31,IPAY,-0.3056183046859867,-0.3851923335182137,-0.3985227071116887,-0.539754891889843,-0.5411822236099251
2021-09-30,IPAY,-0.31184007589705953,-0.3911672342021504,-0.4342872918845866,-0.5437255231183907,-0.5346860605093373
2021-10-31,IPAY,-0.2272100242155809,-0.28329664200503624,-0.3350021719185554,-0.49901822251142924,-0.39996241551957246
2021-11-30,IPAY,-0.12481474446588459,-0.21463842899131969,-0.2633523657347089,-0.2916504924717396,-0.18859245502636246
2021-12-31,IPAY,-0.15838569974754146,-0.1742980916332696,-0.24051470194883462,-0.21179549911180295,-0.19207108555696495
2022-01-31,IPAY,-0.1124084998027568,-0.10021694797985548,-0.20360773323266523,-0.23661771246986663,-0.14416768072199848
2022-02-28,IPAY,-0.07957402883222697,-0.09290440242570197,-0.23413658720385633,-0.1655516595350992,-0.16022354877609513
2022-03-31,IPAY,-0.07932715830509085,-0.12244721598752706,-0.2318854472213312,-0.12096103243922762,-0.16317223857485486
2022-04-30,IPAY,-0.05608661778945534,-0.10779214770297452,-0.27180819829584835,-0.1452658227423943,-0.13292476368846617
2022-05-31,IPAY,-0.0898236845254351,-0.1385376212688243,-0.166835748005855,-0.18892394066605422,-0.12206403522221987
2022-06-30,IPAY,-0.015912391885728128,-0.08212900220129316,-0.05340979936426149,-0.18093610569054186,-0.04740773730949921
2022-07-31,IPAY,0.012191551822901325,-0.09119923342990843,-0.12420921266710983,-0.18004222801368197,-0.1314741529184763
2022-08-31,IPAY,-0.013330373593474998,-0.15456255837162935,-0.08597763070287223,-0.15598989009171138,-0.12380729046266137
2022-09-30,IPAY,-0.04312005768243621,-0.15255828891624035,-0.04163387413413677,-0.14351882630718693,-0.19193327578628816
2022-10-31,IPAY,-0.05170552991351918,-0.215721580506393,-0.08917920495293896,-0.11666577351453622,-0.2668254816012109
2022-11-30,IPAY,-0.0487139367433892,-0.07701206348041989,-0.09910025614061913,0.026045973964957225,-0.26039230541767167
2022-12-31,IPAY,-0.06621661031556503,-0.03749740747853336,-0.16502371380481373,-0.017772993923695357,-0.27380756683317786
2023-01-31,IPAY,-0.10339078525280976,-0.13640076449001115,-0.1922337798365833,-0.043950732742143006,-0.40942347752258523
2023-02-28,IPAY,-0.14123218477815436,-0.07264725710939723,-0.14265951649823638,-0.06731914635039316,-0.4529154875760376
2023-03-31,IPAY,-0.10943823123380414,0.0014861835482994357,-0.10039876862475072,-0.0407250225873278,-0.4051077363047373
2023-04-30,IPAY,-0.16401605059287383,-0.037473675039419785,-0.06496024360101704,-0.025132615985491658,-0.40247075969598245
2023-05-31,IPAY,-0.028298126737030693,-0.05038631939722993,0.07475991070834642,0.016473586046604427,-0.40132960445836896
2023-06-30,IPAY,0.028719202837031665,-0.0988071034892487,0.04844361639186967,0.034721264891793946,-0.3959079766859688
2023-07-31,IPAY,-0.03300997923720139,-0.08884299458377354,0.05944005251066675,-0.04027491948856787,-0.4178121798168082
2023-08-31,IPAY,0.06858492766875712,-0.0014273317200820257,0.0739130384277612,0.030755267908967987,-0.3619401339512429
2023-09-30,IPAY,0.11092441478210358,0.009039462609053417,0.06871320864647634,-0.03937498687004781,-0.34500715924909264
2023-10-31,IPAY,0.12654237555345405,0.09905580699185679,0.13888343460738217,-0.05110390109481788,-0.28065638578522834
2023-11-30,IPAY,-0.022088192660199235,0.10305803744537712,0.04477171278363512,-0.18338024193725178,-0.37303147772133827
2023-12-31,IPAY,-0.12752630632628037,0.019724413554838005,0.0060020620547622805,-0.2363101593546445,-0.42462717952300044
2024-01-31,IPAY,-0.055833015346572146,0.09245003174786814,-0.007264940251366481,-0.2730227130325741,-0.3848022005796068
2024-02-29,IPAY,-0.07001225938883915,0.005328110759004079,-0.037829659759789136,-0.3802682304666404,-0.43052506162000004
2024-03-31,IPAY,-0.10188495217305016,-0.04221120613562723,-0.1502994016521514,-0.4065939198530367,-0.4559315740311962
2024-04-30,IPAY,-0.027486568561597258,0.012341059053928127,-0.17764627664827193,-0.36499708465656266,-0.4071987613386824
2024-05-31,IPAY,0.12514623010557635,0.06685990544383436,-0.16129204927705254,-0.35094328506113903,-0.35094328506113903
2024-06-30,IPAY,0.14725071988111837,0.13352836838104265,-0.10878385302836413,-0.29710087319672007,-0.29710087319672007
2024-07-31,IPAY,0.1482830470944403,0.048568075095205665,-0.21718969768600194,-0.32896918523303464,-0.32896918523303464
2024-08-31,IPAY,0.07534037014784323,0.03218259962905001,-0.31025597107780123,-0.3605128022311609,-0.3605128022311609
2024-09-30,IPAY,0.059673746037422926,-0.04841444947910123,-0.30470896767998656,-0.35404662185814606,-0.35404662185814606
2024-10-31,IPAY,0.039827627615525385,-0.15015970808667467,-0.3375105160949654,-0.3797121927770851,-0.3797121927770851
2024-11-30,IPAY,-0.058286324661741995,-0.2864382793826289,-0.4760895151667154,-0.4760895151667154,-0.4760895151667154
2024-12-31,IPAY,-0.013722351500075725,-0.2560345729094825,-0.44435159307783845,-0.44435159307783845,
2025-01-31,IPAY,-0.09971497199923463,-0.3654727447804422,-0.47725223232747493,-0.47725223232747493,
2025-02-28,IPAY,-0.043157770518793215,-0.38559634122564446,-0.4358531723790041,-0.4358531723790041,
2025-03-31,IPAY,-0.10808819551652415,-0.3643827137174095,-0.413720367895569,-0.413720367895569,
2025-04-30,IPAY,-0.18998733570220006,-0.3773381437104908,-0.4195398203926105,-0.4195398203926105,
2025-05-31,IPAY,-0.2281519547208869,-0.4178031905049734,-0.4178031905049734,-0.4178031905049734,
2025-06-30,IPAY,-0.24231222140940678,-0.4306292415777627,-0.4306292415777627,,
2025-07-31,IPAY,-0.2657577727812076,-0.3775372603282403,-0.3775372603282403,,
2025-08-31,IPAY,-0.34243857070685124,-0.3926954018602109,-0.3926954018602109,,
2025-09-30,IPAY,-0.25629451820088534,-0.30563217237904483,,,
2025-10-31,IPAY,-0.18735080800829074,-0.22955248469041045,,,
2025-11-30,IPAY,-0.1896512357840865,-0.1896512357840865,,,
2025-12-31,IPAY,-0.18831702016835594,,,,
2026-01-31,IPAY,-0.11177948754703271,,,,
2026-02-28,IPAY,-0.05025683115335966,,,,
2026-03-31,IPAY,,,,,
2026-04-30,IPAY,,,,,
2026-05-31,IPAY,,,,,
2013-09-30,KWEB,0.06123631473923141,-0.015077174222221879,-0.07446119004160623,-0.11036141812823408,0.10548407062444753
2013-10-31,KWEB,0.008459885124344702,0.08039073550162312,0.13532532078837933,0.07314074418861027,0.14968890052995154
2013-11-30,KWEB,0.03519918739406358,0.040871987729857784,0.14671854268824158,0.1297563967682518,0.05365073370901141
2013-12-31,KWEB,0.0609921833848579,-0.10519973512681957,0.11456869163794392,0.09591644559449342,-0.09294417873763394
2014-01-31,KWEB,0.045127483213055486,-0.11877971197502657,-0.07926995214471755,-0.02996271547270668,-0.05254026100833642
2014-02-28,KWEB,-0.0456635722630232,-0.2724449052358535,-0.2507203845209165,-0.1396729681317922,-0.1252388455661141
2014-03-31,KWEB,-0.07631348896145329,-0.13569750478083764,-0.1715977328674655,-0.046207250357731655,-0.0047792920231573
2014-04-30,KWEB,0.07193085037727842,0.12686543566403463,0.06468085906426557,0.07686299973598443,0.16057137395095922
2014-05-31,KWEB,0.005672800335794204,0.111519355294178,0.09455720937418821,-0.006213393618382801,0.1689096252910257
2014-06-30,KWEB,-0.16619191851167747,0.05357650825308602,0.034924262209635515,-0.122221554575912,0.1015258089555463
2014-07-31,KWEB,-0.16390719518808206,-0.12439743535777303,-0.07509019868576217,-0.1527963403040119,0.17694108241706297
2014-08-31,KWEB,-0.22678133297283032,-0.2050568122578933,-0.094009395868769,-0.02956494549385169,0.21775564097286382
2014-09-30,KWEB,-0.05938401581938435,-0.0952842439060122,0.030106238603721636,0.12056124484666941,0.30621532308332833
2014-10-31,KWEB,0.05493458528675621,-0.007249991313012849,0.004932149358706006,0.06929816502832842,0.24221646302970967
2014-11-30,KWEB,0.1058465549583838,0.08888440903839401,-0.011886193954177005,0.012778745979153627,0.24114860756027223
2014-12-31,KWEB,0.2197684267647635,0.201116180721313,0.04397036393576548,0.012255556389185629,0.3690693886805846
2015-01-31,KWEB,0.03950975983030902,0.08881699650231989,0.011110854884070154,0.06623945096669015,0.4078821587755719
2015-02-28,KWEB,0.021724520714937023,0.13277193710406132,0.19721638747897863,0.14720605966973943,0.47401244003648524
2015-03-31,KWEB,-0.03590022808662785,0.08949025442310599,0.17994526066605376,0.13091821275768034,0.39741272306157893
2015-04-30,KWEB,-0.06218457659976906,-0.050002435928050204,0.014363579741572208,0.033705938286924586,0.20292186850507632
2015-05-31,KWEB,-0.01696214591998979,-0.1177327489125608,-0.09306780897923017,0.05739026999684771,0.20148943986947232
2015-06-30,KWEB,-0.018652246043450504,-0.17579806282899801,-0.20751287037557786,0.047949300702460285,0.15460945844705087
2015-07-31,KWEB,0.04930723667201087,-0.028398904946238868,0.02672969113638113,0.301338517774836,0.1971936873472021
2015-08-31,KWEB,0.1110474163891243,0.1754918667640416,0.1254815389548024,0.4228124532307571,0.16104697895649023
2015-09-30,KWEB,0.12539048250973384,0.2158454887526816,0.1668184408443082,0.40149956698934053,0.10355137061292008
2015-10-31,KWEB,0.012182140671718855,0.07654815634134127,0.09589051488669365,0.24946645434272252,-0.09335266391905128
2015-11-30,KWEB,-0.10077060299257101,-0.07610566305924038,0.0743524159168375,0.15226419852187822,-0.1376933881287915
2015-12-31,KWEB,-0.1571458167855475,-0.18886062433212736,0.06660154674591079,0.1679532079592716,-0.19460602781573522
2016-01-31,KWEB,-0.07770614161824974,-0.02257754553562974,0.25203128110282513,0.319065162273252,0.006643608522650224
2016-02-29,KWEB,0.0644444503749173,0.01443412256567811,0.3117650368416328,0.3412405029324239,0.0698140179483483
2016-03-31,KWEB,0.09045500624294778,0.041427958334574355,0.2761090844796067,0.30792246863847295,0.028193661648139412
2016-04-30,KWEB,0.06436601566962241,0.08370837421497479,0.23728431367100367,0.2529243044331265,0.014634428458800142
2016-05-31,KWEB,0.024664939933330632,0.1751230189094085,0.25303480151444924,0.3192221887820331,-0.05070651944823723
2016-06-30,KWEB,-0.03171480754657985,0.2237473635314583,0.3250990247448191,0.3304075212760489,0.019631137815826705
2016-07-31,KWEB,0.055128596082619996,0.32973742272107487,0.3967713038915017,0.22559259229344097,-0.039791479093500004
2016-08-31,KWEB,-0.0500103278092392,0.2473205864667155,0.2767960525575066,-0.014444887807551376,-0.1357098410016082
2016-09-30,KWEB,-0.04902704790837342,0.18565407823665891,0.21746746239552517,-0.11229411813976153,-0.23457342235769651
2016-10-31,KWEB,0.01934235854535238,0.17291829800138125,0.1885582887635041,-0.16990082026039255,-0.15160209537246694
2016-11-30,KWEB,0.15045807897607788,0.2283698615811186,0.2945572488487025,-0.061587725069551125,-0.06668260671949477
2016-12-31,KWEB,0.25546217107803815,0.35681383229139896,0.36212232882262874,-0.005745403483607858,0.05475810760950128
2017-01-31,KWEB,0.2746088266384549,0.34164270780888173,0.17046399621082098,0.029221154058279963,-0.0479004797071394
2017-02-28,KWEB,0.2973309142759547,0.3268063803667458,0.03556544000168782,0.055379895382670186,0.03640887509466284
2017-03-31,KWEB,0.23468112614503234,0.2664945103038986,-0.06326707023138811,-0.013234296686434943,0.03220199221849862
2017-04-30,KWEB,0.15357593945602888,0.16921593021815173,-0.18924317880574493,-0.06907394575617465,-0.0790278458474365
2017-05-31,KWEB,0.07791178260504072,0.1440991698726246,-0.212045804045629,-0.22582953835764574,-0.08573910079920943
2017-06-30,KWEB,0.10135166121336081,0.10666015774459059,-0.261207574561646,-0.2041162257156316,0.07415130622692567
2017-07-31,KWEB,0.06703388117042686,-0.1041448304276339,-0.2453876725801749,-0.3695289018145749,-0.013379222032887217
2017-08-31,KWEB,0.029475466090791103,-0.2617654742742669,-0.24195101889328452,-0.3830304274683237,-0.06758540777985966
2017-09-30,KWEB,0.031813384158866254,-0.29794819637642045,-0.24791542283146728,-0.42022750059435543,-0.05475415355042268
2017-10-31,KWEB,0.015639990762122857,-0.3428191182617738,-0.22264988521220352,-0.3245203933738482,0.05548192474346769
2017-11-30,KWEB,0.06618738726758389,-0.28995758665066973,-0.30374132096268647,-0.2950524683006134,0.025228221963072395
2017-12-31,KWEB,0.005308496531229778,-0.3625592357750068,-0.3054678869289924,-0.3020557246818977,-0.0171408063108327
2018-01-31,KWEB,-0.17117871159806075,-0.31242155375060177,-0.43656278298500173,-0.3895431875160211,0.05084997820651105
2018-02-28,KWEB,-0.291240940365058,-0.2714264849840756,-0.4125058935591148,-0.29039750527208297,0.06137162321994638
2018-03-31,KWEB,-0.3297615805352867,-0.27972880699033353,-0.4520408847532217,-0.23429251808539997,-0.13051544882653443
2018-04-30,KWEB,-0.35845910902389666,-0.23828987597432638,-0.34016038413597105,-0.24824377606558823,-0.15087854604727846
2018-05-31,KWEB,-0.3561449739182536,-0.36992870823027035,-0.36123985556819727,-0.22983827067183404,-0.24280825710246612
2018-06-30,KWEB,-0.3678677323062366,-0.3107763834602222,-0.30736422121312745,-0.032508851517664916,-0.23744682544612128
2018-07-31,KWEB,-0.14124284215254101,-0.265384071386941,-0.21836447591796038,0.09076560839474668,-0.4372694077168726
2018-08-31,KWEB,0.019814455380982365,-0.12126495319405683,0.0008434350929750201,0.19418006649440722,-0.3323067862841438
2018-09-30,KWEB,0.05003277354495317,-0.12227930421793498,0.09546906244988673,0.24319404282599777,-0.31669229622827066
2018-10-31,KWEB,0.12016923304957028,0.01829872488792561,0.11021533295830843,0.3983010430052415,-0.3008669688657648
2018-11-30,KWEB,-0.013783734312016738,-0.00509488164994365,0.12630670324641957,0.3151858086137421,-0.39472140840801506
2018-12-31,KWEB,0.05709134884601441,0.06050351109310914,0.3353588807885717,0.3454184294641741,-0.5639452284352682
2019-01-31,KWEB,-0.12414122923439996,-0.07712163376541936,0.2320084505472877,0.3632715319571128,-0.5362658229629779
2019-02-28,KWEB,-0.1410794085750392,-0.018971020288007345,0.17436561111342486,0.332798108204022,-0.6495701454927947
2019-03-31,KWEB,-0.17231207776288815,0.045436288904933564,0.1931612692810446,0.1492133581637991,-0.8238000804265674
2019-04-30,KWEB,-0.10187050816164467,-0.009953900091261847,0.2781318099556712,0.08741132992704792,-0.7368781846857795
2019-05-31,KWEB,0.008688852662073088,0.1400904375584363,0.32896954292575886,0.12712045112780423,-0.5993570720247984
2019-06-30,KWEB,0.00341216224709473,0.27826753194255727,0.2883270806181597,0.0733295580141009,-0.4142274850823957
2019-07-31,KWEB,0.0470195954689806,0.35614967978168766,0.4874127611915128,-0.17188533632993164,-0.5862280844631733
2019-08-31,KWEB,0.12210838828703185,0.31544501968846406,0.4738775167790612,-0.21104183309008695,-0.5096378954547809
2019-09-30,KWEB,0.2177483666678217,0.36547334704393275,0.32152543592668725,-0.19441299201033568,-0.5511823527021751
2019-10-31,KWEB,0.09191660807038282,0.3800023181173159,0.1892818380886926,-0.3191656937536904,-0.9177155193491559
2019-11-30,KWEB,0.13140158489636322,0.3202806902636858,0.11843159846573115,-0.3896265267580714,-0.49482177330025745
2019-12-31,KWEB,0.27485536969546254,0.284914918371065,0.06991739576700617,-0.6244487395283773,-0.3904938734271103
2020-01-31,KWEB,0.30913008431270705,0.4403931657225322,-0.21890493179891224,-0.4591441891975585,-0.3209270777235189
2020-02-29,KWEB,0.1933366314014322,0.35176912849202935,-0.3331502213771188,-0.6305991252047873,-0.5293446244621226
2020-03-31,KWEB,0.14772498037611104,0.10377706925886554,-0.4121613586781574,-0.869236369331501,-0.5502855567037019
2020-04-30,KWEB,0.28808571004693306,0.09736523001830977,-0.41108230182407324,-0.7269242845945176,-0.607901522578054
2020-05-31,KWEB,0.18887910536732255,-0.012969986430632074,-0.5210281116544346,-0.7394475095832347,-0.7608584478337527
2020-06-30,KWEB,0.010059548675602437,-0.20493797392845636,-0.8993041092238399,-0.692495017024953,-0.9064268955317891
2020-07-31,KWEB,0.13126308140982512,-0.5280350161116193,-0.7682742735102656,-0.942377764244861,-0.7746784948249045
2020-08-31,KWEB,0.15843249709059715,-0.526486852778551,-0.8239357566062195,-0.8250829151432449,-0.8397079257490807
2020-09-30,KWEB,-0.0439479111172455,-0.5598863390542684,-1.016961349707612,-0.9166556997461078,-0.8463095577204961
2020-10-31,KWEB,-0.1907204800286233,-0.6991680118710063,-1.0150099946414506,-1.2977178374664717,-0.950845261454553
2020-11-30,KWEB,-0.20184909179795463,-0.7099072170217572,-0.9283266149505572,-0.8151024635639432,-0.9065101996862011
2020-12-31,KWEB,-0.2149975226040588,-0.9093636578994423,-0.7025545657005554,-0.6754087917981753,-0.97096772877827
2021-01-31,KWEB,-0.6592980975214444,-0.8995373549200908,-1.073640845654686,-0.7613202434460511,-1.2513622966340625
2021-02-28,KWEB,-0.6849193498691482,-0.9823682536968166,-0.9835154122338422,-0.8811137529541518,-1.2237636275671822
2021-03-31,KWEB,-0.5159384279370229,-0.9730134385903665,-0.8727077886288623,-0.6540626259625675,-1.0265027889185747
2021-04-30,KWEB,-0.508447531842383,-0.8242895146128274,-1.1069973574378484,-0.7052667525963637,-0.8552434213438465
2021-05-31,KWEB,-0.5080581252238026,-0.7264775231526026,-0.6132533717659885,-0.7478884614031206,-0.788453541530394
2021-06-30,KWEB,-0.6943661352953835,-0.4875570430964966,-0.46041126919411646,-0.7014889216033326,-0.8671619423690702
2021-07-31,KWEB,-0.24023925739864627,-0.4143427481332417,-0.10202214592460668,-0.24664347871328518,-0.5971467888012173
2021-08-31,KWEB,-0.29744890382766853,-0.29859606236469394,-0.1961944030850037,-0.3132210729705297,-0.6322182161682331
2021-09-30,KWEB,-0.45707501065334355,-0.3567693606918394,-0.13812419802554454,-0.28642321866622766,-0.3031615889956478
2021-10-31,KWEB,-0.3158419827704444,-0.5985498255954654,-0.19681922075398073,-0.25167724958354654,-0.28605958555845823
2021-11-30,KWEB,-0.21841939792880005,-0.10519524654218604,-0.23983033617931804,-0.19660298266444387,-0.3199126382302385
2021-12-31,KWEB,0.20680909219888688,0.23395486610126703,-0.007122786307949158,-0.06160407087882769,-0.12902014673968665
2022-01-31,KWEB,-0.1741034907345954,0.1382171114740396,-0.006404221314638914,-0.35182494171397183,-0.20232956238671007
2022-02-28,KWEB,-0.0011471585370254056,0.10125450074266484,-0.01577216914286117,-0.2413953738703657,-0.028846455621124534
2022-03-31,KWEB,0.10030564996150415,0.318950812627799,0.1706517919871159,-0.05348935032820812,0.24090258459357916
2022-04-30,KWEB,-0.28270784282502104,0.11902276201646367,0.06416473318689786,-0.030953906731019054,0.08958098794616631
2022-05-31,KWEB,0.11322415138661401,-0.021410938250517986,0.02181641526435618,-0.06197601837779143,0.018510032728986547
2022-06-30,KWEB,0.027145773902380155,-0.21393187850683604,-0.26841316307771457,-0.3796048992725737,-0.19223307517627375
2022-07-31,KWEB,0.312320602208635,0.1676992694199565,-0.17772145097937642,-0.18280404066797562,0.04546428184865248
2022-08-31,KWEB,0.10240165927969025,-0.014625010605835764,-0.2402482153333403,-0.3336221538035392,0.005372034319568453
2022-09-30,KWEB,0.21864516266629486,0.07034614202561174,-0.15379500028971227,0.053607771696191575,0.15379102398504763
2022-10-31,KWEB,0.4017306048414847,0.3468725760119189,0.251753936094002,0.3124902400370071,0.38457582103694155
2022-11-30,KWEB,-0.134635089637132,-0.09140773612225783,-0.17520016976440544,-0.21471739168805248,-0.10104436544827611
2022-12-31,KWEB,-0.2410776524092162,-0.2955589369800947,-0.40675067317495384,-0.3629750128409537,-0.31752709825550307
2023-01-31,KWEB,-0.1446213327886785,-0.4900420531880114,-0.4951246428766106,-0.34054667386074966,-0.2866549809931688
2023-02-28,KWEB,-0.11702666988552601,-0.34264987461303054,-0.43602381308322946,-0.13010095636378938,-0.28708360482936923
2023-03-31,KWEB,-0.14829902064068312,-0.3724401629560071,-0.16503739097010328,-0.07804822803421985,-0.3551714087832616
2023-04-30,KWEB,-0.05485802882956581,-0.14997666874748272,-0.08924036480447761,-0.029441774070297355,-0.3278715315282572
2023-05-31,KWEB,0.04322735351487417,-0.040565080127273445,-0.08008230205092048,0.03992097097950453,-0.21456108628082948
2023-06-30,KWEB,-0.05448128457087853,-0.16567302076573764,-0.12189736043173749,0.02169880333056229,-0.23306054282984723
2023-07-31,KWEB,-0.3454207203993329,-0.3505033100879321,-0.19592534107207116,-0.12223498757130402,-0.3832715926724962
2023-08-31,KWEB,-0.22562320472750452,-0.31899714319770345,-0.013074286478263364,0.019997044925404217,-0.297833906551763
2023-09-30,KWEB,-0.224141142315324,-0.01673837032942016,0.07025079260646327,0.08344488195943589,-0.30194318055357683
2023-10-31,KWEB,-0.09511863991791691,-0.034382335974911804,0.025416254759268453,0.03770324502502265,-0.2719729467744644
2023-11-30,KWEB,-0.08379243364214761,-0.12330965556579465,-0.003306382535369634,-0.009636629326018276,-0.25778843979570365
2023-12-31,KWEB,-0.11119173619485911,-0.06741607586085896,0.07618008790144082,-0.02196816127540835,-0.1785792582589687
2024-01-31,KWEB,-0.005082589688599204,0.14949537932726176,0.2231857328280289,0.20338707219484264,-0.037850872273163305
2024-02-29,KWEB,-0.09337393847019893,0.21254891824924116,0.24562024965290874,0.055566269783661304,-0.07221070182425848
2024-03-31,KWEB,0.20740277198590384,0.2943919349217873,0.3075860242747599,0.017268754172745537,-0.07780203823825282
2024-04-30,KWEB,0.06073630394300511,0.12053489467718537,0.13282188494293956,-0.1778948627807745,-0.17685430685654746
2024-05-31,KWEB,-0.03951722192364704,0.08048605110677798,0.07415580431612934,-0.17399600615355604,-0.17399600615355604
2024-06-30,KWEB,0.043775660334000155,0.18737182409629993,0.08922357491945077,-0.06738752206410958,-0.06738752206410958
2024-07-31,KWEB,0.15457796901586096,0.2282683225166281,0.20846966188344185,-0.0327682825845641,-0.0327682825845641
2024-08-31,KWEB,0.3059228567194401,0.33899418812310766,0.14894020825386023,0.021163236645940442,0.021163236645940442
2024-09-30,KWEB,0.08698916293588344,0.10018325228885605,-0.1901340178131583,-0.28520481022415667,-0.28520481022415667
2024-10-31,KWEB,0.05979859073418026,0.07208558099993445,-0.2386311667237796,-0.23759061079955257,-0.23759061079955257
2024-11-30,KWEB,0.12000327303042502,0.11367302623977638,-0.134478784229909,-0.134478784229909,-0.134478784229909
2024-12-31,KWEB,0.14359616376229978,0.04544791458545061,-0.11116318239810974,-0.11116318239810974,
2025-01-31,KWEB,0.07369035350076714,0.05389169286758089,-0.18734625160042506,-0.18734625160042506,
2025-02-28,KWEB,0.03307133140366758,-0.15698264846557985,-0.28475962007349964,-0.28475962007349964,
2025-03-31,KWEB,0.013194089352972616,-0.27712318074904174,-0.3721939731600401,-0.3721939731600401,
2025-04-30,KWEB,0.012286990265754194,-0.29842975745795985,-0.2973892015337328,-0.2973892015337328,
2025-05-31,KWEB,-0.0063302467906486415,-0.254482057260334,-0.254482057260334,-0.254482057260334,
2025-06-30,KWEB,-0.09814824917684917,-0.2547593461604095,-0.2547593461604095,,
2025-07-31,KWEB,-0.01979866063318625,-0.2610366051011922,-0.2610366051011922,,
2025-08-31,KWEB,-0.19005397986924744,-0.3178309514771672,-0.3178309514771672,,
2025-09-30,KWEB,-0.29031727010201436,-0.3853880625130127,,,
2025-10-31,KWEB,-0.31071674772371405,-0.309676191799487,,,
2025-11-30,KWEB,-0.24815181046968537,-0.24815181046968537,,,
2025-12-31,KWEB,-0.15661109698356035,,,,
2026-01-31,KWEB,-0.24123794446800595,,,,
2026-02-28,KWEB,-0.1277769716079198,,,,
2026-03-31,KWEB,,,,,
2026-04-30,KWEB,,,,,
2026-05-31,KWEB,,,,,
2007-03-31,QCLN,0.12249833958294032,0.23875002280313373,0.20666821113088396,0.08182911226230982,0.09751051338426386
2007-04-30,QCLN,0.20450153642338653,0.2656261265450667,0.018844990374254023,0.1526777959415997,0.09938860814697448
2007-05-31,QCLN,0.2512390031656042,0.3485056340288438,-0.07548315216791368,0.20528215021053398,0.06338914594374034
2007-06-30,QCLN,0.38259900212326137,0.2713407596963361,-0.06412002969575792,0.133910603846645,-0.0025082113203759304
2007-07-31,QCLN,0.10008416928376007,0.16529730747185112,-0.08140746161685852,0.06069435388738054,-0.025228877101477254
2007-08-31,QCLN,0.09823728242216556,0.23793413862056711,-0.11233374587899292,0.013001558446757433,-0.05334953997087655
2007-09-30,QCLN,0.11625168322019341,0.08416987154794364,-0.0406692273206305,0.05073668509401641,-0.014220543300526689
2007-10-31,QCLN,0.061124590121680145,-0.1856565460491325,-0.05182374048178684,-0.14920101562350985,-0.13340940227931553
2007-11-30,QCLN,0.09726663086323961,-0.3267221553335179,-0.04595685295507024,-0.19540574324691873,-0.15885531171858613
2007-12-31,QCLN,-0.11125824242692528,-0.4467190318190193,-0.24868839827661637,-0.28631202169316394,-0.37941180274632846
2008-01-31,QCLN,0.06521313818809105,-0.1814916309006186,-0.039389815396379535,-0.15912406400184886,-0.16011976794944782
2008-02-29,QCLN,0.13969685619840155,-0.21057102830115848,-0.08523572397540813,-0.14523427954215506,-0.1576226000475518
2008-03-31,QCLN,-0.03208181167224977,-0.1569209105408239,-0.065514998126177,-0.14123950941886987,-0.19400792733035976
2008-04-30,QCLN,-0.24678113617081265,-0.11294833060346698,-0.21032560574519,-0.1662375183980922,-0.2602797871641539
2008-05-31,QCLN,-0.4239887861967575,-0.14322348381830985,-0.29267237411015834,-0.2851164880851035,-0.3747198652186259
2008-06-30,QCLN,-0.335460789392094,-0.1374301558496911,-0.17505377926623866,-0.273848971016712,-0.3960208086136666
2008-07-31,QCLN,-0.24670476908870964,-0.10460295358447058,-0.2243372021899399,-0.19052618457332837,-0.4305729084380596
2008-08-31,QCLN,-0.35026788449956003,-0.22493258017380968,-0.2849311357405566,-0.29128367859144366,-0.5285716629168211
2008-09-30,QCLN,-0.12483909886857414,-0.03343318645392723,-0.1091576977466201,-0.09839041484847033,-0.5041868568728325
2008-10-31,QCLN,0.13383280556734567,0.03645553042562266,0.08054361777272045,0.052247143769816984,-0.3294495474707497
2008-11-30,QCLN,0.28076530237844766,0.13131641208659917,0.13887229811165402,0.16786684361493176,-0.3008294822167802
2008-12-31,QCLN,0.1980306335424029,0.16040701012585534,0.06161181837538199,0.06730722907269082,-0.45385928365109485
2009-01-31,QCLN,0.14210181550423906,0.02236756689876973,0.05617858451538127,0.021371862951170773,-0.42274439477938697
2009-02-28,QCLN,0.12533530432575035,0.06533674875900342,0.05898420590811637,0.05294842825360668,-0.3992839579296886
2009-03-31,QCLN,0.0914059124146469,0.01568140112195404,0.026448684020103808,-0.037087016789535854,-0.5277210899402358
2009-04-30,QCLN,-0.09737727514172301,-0.053289187794625215,-0.08158566179752869,-0.1473314565606869,-0.6697975024911325
2009-05-31,QCLN,-0.1494488902918485,-0.14189300426679363,-0.1128984587635159,-0.23149638140031603,-0.7958394174913398
2009-06-30,QCLN,-0.03762362341654757,-0.13641881516702092,-0.1307234044697121,-0.2585906527639755,-0.7550917800897345
2009-07-31,QCLN,-0.11973424860546933,-0.08592323098885779,-0.12072995255306829,-0.32596995485358904,-0.8195390570495614
2009-08-31,QCLN,-0.059998555566746936,-0.06635109841763398,-0.07238687607214367,-0.30363908274301143,-0.7288238608032587
2009-09-30,QCLN,-0.07572451129269286,-0.0649572283945431,-0.12849292920418276,-0.47075367041890526,-0.8224766822662732
2009-10-31,QCLN,0.04408808734709779,0.015791613344194322,-0.049954181418963906,-0.3659050778963724,-0.7285955613761668
2009-11-30,QCLN,0.007555886025054859,0.036550431528332594,-0.08204749110846754,-0.43214589430337935,-0.6909448022219917
2009-12-31,QCLN,-0.09879519175047335,-0.09309978105316452,-0.22096702934742796,-0.6142662937769502,-0.7633783522270028
2010-01-31,QCLN,0.03381101761661154,-0.0009957039475989582,-0.2062357062481197,-0.4451119616781567,-0.6101963963146572
2010-02-28,QCLN,-0.006352542850887044,-0.012388320505396733,-0.2436405271762645,-0.46462070668869204,-0.5770291941692615
2010-03-31,QCLN,0.010767282898149766,-0.052768417911489895,-0.3950291591262124,-0.5434024910621899,-0.6049071760603374
2010-04-30,QCLN,-0.02829647400290347,-0.0940422687660617,-0.4099931652434702,-0.6165083146965072,-0.5632829175137998
2010-05-31,QCLN,0.028994545503277735,-0.0896033771335224,-0.4397017803284342,-0.6539464132245462,-0.34398230202624713
2010-06-30,QCLN,0.005695410697308834,-0.1221718375969546,-0.5154711020264768,-0.6186729649227136,-0.3453429880902946
2010-07-31,QCLN,-0.0348067215642105,-0.24004672386473125,-0.47892297929476824,-0.7336158260607036,-0.3147273964643712
2010-08-31,QCLN,-0.006035777654509689,-0.23728798432537745,-0.458268163837805,-0.6624727623856247,-0.28919842236488436
2010-09-30,QCLN,-0.06353570080963966,-0.40579644202436216,-0.5541697739603396,-0.7575194538717301,-0.27769955133809077
2010-10-31,QCLN,-0.06574579476315823,-0.3816966912405667,-0.5882118406936038,-0.7443871747203611,-0.25930821924088365
2010-11-30,QCLN,-0.11859792263680013,-0.46869632583171195,-0.6829409587278239,-0.7274952337503243,-0.2876507164437584
2010-12-31,QCLN,-0.12786724829426344,-0.5211665127237857,-0.6243683756200225,-0.6702785711738383,-0.2510678992747558
2011-01-31,QCLN,-0.20524000230052075,-0.44411625773055774,-0.6988091044964931,-0.6092006923670582,-0.16864316096135412
2011-02-28,QCLN,-0.23125220667086777,-0.4522323861832953,-0.656436984731115,-0.5646408736638647,-0.0913525182351862
2011-03-31,QCLN,-0.3422607412147225,-0.49063407315069996,-0.6939837530620905,-0.5521387581488475,-0.1055859186045971
2011-04-30,QCLN,-0.3159508964774085,-0.5224660459304455,-0.6786413799572029,-0.4692406487477381,-0.16139182133339258
2011-05-31,QCLN,-0.3500984031949118,-0.5643430360910238,-0.6088973111135242,-0.25437892489272473,-0.1535003176193065
2011-06-30,QCLN,-0.39329926442952223,-0.496501127325759,-0.5424113228795748,-0.22317115049334002,-0.04117031667400228
2011-07-31,QCLN,-0.238876255430037,-0.4935691021959724,-0.40396069006653745,-0.07468067259963995,-0.01974144019381785
2011-08-31,QCLN,-0.22098017951242754,-0.42518477806024724,-0.33338866699299696,-0.0519104380395069,0.08417710337622242
2011-09-30,QCLN,-0.14837333193597746,-0.351723011847368,-0.209878016934125,0.1280968906862714,0.13274630597141224
2011-10-31,QCLN,-0.20651514945303706,-0.3626904834797944,-0.1532897522703296,0.12238847199968306,0.06332436587956392
2011-11-30,QCLN,-0.21424463289611195,-0.2587989079186124,0.09571947830218708,0.18104560938795355,0.08327521590978204
2011-12-31,QCLN,-0.10320186289623678,-0.1491120584500526,0.1701281139361822,0.27009861344902986,0.13209957129269145
2012-01-31,QCLN,-0.2546928467659354,-0.16508443463650047,0.16419558283039704,0.2754730967692036,0.050487881095406806
2012-02-29,QCLN,-0.2042045985478197,-0.11240848748056942,0.16906974147292064,0.3608798679481091,0.1318969235495704
2012-03-31,QCLN,-0.20334967991139052,-0.06150468499814754,0.27647022262224885,0.38504815454610286,0.2055061584437754
2012-04-30,QCLN,-0.15617533402675732,0.05322539718270747,0.3289036214527201,0.36107422459705296,0.2685907093214497
2012-05-31,QCLN,-0.04455427502250042,0.30996411119829903,0.3952902422840655,0.41084271847171727,0.37638880022739307
2012-06-30,QCLN,-0.045910195553815814,0.273329976832419,0.37330047634526664,0.45533081065175673,0.30343794897618437
2012-07-31,QCLN,0.08960841212943493,0.41888842959633243,0.530165943535139,0.47382766200215454,0.2805787198458999
2012-08-31,QCLN,0.09179611106725027,0.37327434002074034,0.5650844664959288,0.5093618814364697,0.20941824748572868
2012-09-30,QCLN,0.14184499491324298,0.4798199025336394,0.5883978344574934,0.4844693178187802,0.2092869782639838
2012-10-31,QCLN,0.20940073120946479,0.48507895547947744,0.5172495586238103,0.4260148493593583,0.19765709922142072
2012-11-30,QCLN,0.35451838622079945,0.43984451730656593,0.4553969934942177,0.3420741238283944,0.15554135628427956
2012-12-31,QCLN,0.3192401723862348,0.41921067189908245,0.5012410062055725,0.28121162974274405,0.22314842511708688
2013-01-31,QCLN,0.3292800174668975,0.4405575314057041,0.3842192498727196,0.21557231573190727,0.1073484277326987
2013-02-28,QCLN,0.28147822895349006,0.47328835542867853,0.4175657703692194,0.2443054110301398,0.07710713734312646
2013-03-31,QCLN,0.3379749076203964,0.4465528395442504,0.34262432290553724,0.26701084344192294,0.04963684214634112
2013-04-30,QCLN,0.27567822427001265,0.3078488274143455,0.2166141181498935,0.21536531213874222,-0.007239254541238527
2013-05-31,QCLN,0.08532613108576648,0.10087860727341824,-0.012444262392405037,0.06642468902909404,-0.21055165706891987
2013-06-30,QCLN,0.09997049951284764,0.18200083381933774,-0.03802854264349076,0.03010797214376537,-0.24125498792468014
2013-07-31,QCLN,0.11127751393880658,0.0549392324058221,-0.11370770173499023,-0.13830970975043255,-0.2635129313910871
2013-08-31,QCLN,0.19181012647518847,0.13608754141572932,-0.037172817923350254,-0.16385609253501165,-0.272055105743116
2013-09-30,QCLN,0.10857793192385401,0.0046494152851408455,-0.07096406417847345,-0.2705329242696556,-0.3185493791962498
2013-10-31,QCLN,0.03217060314433284,-0.05906410612011914,-0.060312912131270435,-0.2874218562580567,-0.33526126149564395
2013-11-30,QCLN,0.015552476187651765,-0.09777039347817151,-0.018901442056672435,-0.28430316102228637,-0.31051317451315785
2013-12-31,QCLN,0.0820303343064901,-0.1379990421563384,-0.06986252736908227,-0.19606224678199557,-0.32684778704733886
2014-01-31,QCLN,-0.05633828153298448,-0.2249852156737968,-0.24958722368923913,-0.3332091036730054,-0.40002190656581127
2014-02-28,QCLN,-0.05572258505945915,-0.22898294439853872,-0.3556662190102001,-0.39618121808555207,-0.44374427735003796
2014-03-31,QCLN,-0.10392851663871316,-0.17954199610232746,-0.3791108561935096,-0.3969159973979093,-0.41350165863948596
2014-04-30,QCLN,-0.09123470926445199,-0.09248351527560328,-0.31959245940238956,-0.315088081955584,-0.3415516011136618
2014-05-31,QCLN,-0.11332286966582328,-0.0344539182443242,-0.29985563720993813,-0.3114302643423381,-0.2848420195179573
2014-06-30,QCLN,-0.2200293764628285,-0.15189286167557237,-0.27809258108848567,-0.4232558217440179,-0.333986231128129
2014-07-31,QCLN,-0.16864693414081233,-0.19324894215625465,-0.2768708221400209,-0.3184521637969092,-0.24901278824898865
2014-08-31,QCLN,-0.17326035933907957,-0.299943633950741,-0.3404586330260929,-0.4081426471588453,-0.32045172105981945
2014-09-30,QCLN,-0.0756134794636143,-0.27518233955479643,-0.2929874807591961,-0.32319879448139066,-0.24000076270907622
2014-10-31,QCLN,-0.0012488060111512933,-0.22835775013793758,-0.22385337269113204,-0.2761971553755248,-0.1374929690662715
2014-11-30,QCLN,0.07886895142149908,-0.18653276754411485,-0.19810739467651484,-0.21274278103498634,-0.11518114660921408
2014-12-31,QCLN,0.06813651478725613,-0.05806320462565717,-0.20322644528118938,-0.18884874489100045,-0.10273222403147075
2015-01-31,QCLN,-0.024602008015442323,-0.10822388799920857,-0.14980522965609688,-0.17503669089201446,-0.13129113159819228
2015-02-28,QCLN,-0.1266832746116614,-0.16719827368701334,-0.23488228781976572,-0.21476133295149924,-0.19113587580656832
2015-03-31,QCLN,-0.19956886009118213,-0.21737400129558182,-0.24758531501777636,-0.2339596625371585,-0.2041547917200366
2015-04-30,QCLN,-0.22710894412678628,-0.22260456667998074,-0.2749483493643735,-0.2490680858380585,-0.2362563079654314
2015-05-31,QCLN,-0.26540171896561393,-0.2769763460980139,-0.2916117324564854,-0.2503881012736331,-0.23417477038007029
2015-06-30,QCLN,-0.1261997194129133,-0.2713629600684455,-0.2569852596782566,-0.1820933694525566,-0.23507440802136625
2015-07-31,QCLN,-0.08362187998376625,-0.12520322164065456,-0.15043468287657213,-0.05576384609273399,-0.14752926934144794
2015-08-31,QCLN,-0.04051499907535194,-0.10819901320810432,-0.08807805833983784,-0.020508087109078477,-0.10314546205058117
2015-09-30,QCLN,-0.017805141204399688,-0.04801645492659423,-0.034390802445976365,0.03518157684572021,-0.0983811703897356
2015-10-31,QCLN,0.004504377446805541,-0.04783940523758723,-0.021959141711272223,0.09086478107166607,-0.05964190207132192
2015-11-30,QCLN,-0.011574627132399984,-0.026210013490871487,0.01501361769198084,0.07135162093490077,-0.019747171668498376
2015-12-31,QCLN,-0.1451632406555322,-0.13078554026534328,-0.055893650039643306,-0.04466901940581358,-0.1316785833937517
2016-01-31,QCLN,-0.041581341656888315,-0.06681280289280589,0.027858033891032252,-0.02306724359898371,-0.05058094822161774
2016-02-29,QCLN,-0.06768401413275238,-0.047563059264485896,0.020006911966273466,-0.02393760211955498,0.0003458173900320327
2016-03-31,QCLN,-0.030211313722194544,-0.016585661241576677,0.052986718050119896,0.013219209575545232,-0.03093203676925782
2016-04-30,QCLN,-0.05234378268439277,-0.026463519158077764,0.08636040362486053,-0.013651741285450658,-0.03054130906409913
2016-05-31,QCLN,-0.014635386358471503,0.026588244824380824,0.08292624806730076,0.04280157571794363,-0.04025441959495257
2016-06-30,QCLN,0.01437770039018893,0.0892695906158889,0.10049422124971863,0.03628855204707926,0.04510803897254245
2016-07-31,QCLN,-0.025231461235917574,0.06943937554792057,0.018514098057904604,-0.022326047700793383,0.03540911680425807
2016-08-31,QCLN,0.020120954868266483,0.08769092609902585,0.0437464120131974,0.005053551157523151,0.040313204369963995
2016-09-30,QCLN,0.013625652480617867,0.08319803177231444,0.043430523297739776,-0.05036471546314136,0.01808963339400882
2016-10-31,QCLN,0.025880263526315006,0.1387041863092533,0.03869204139894211,-0.011802496833734688,0.041017307792757585
2016-11-30,QCLN,0.04122363118285233,0.09756163442577226,0.05743696207641513,0.006462841822373111,0.044649601378906834
2016-12-31,QCLN,0.07489189022569998,0.0861165208595297,0.02191085165689033,-0.0008930431284084328,0.10411607034060122
2017-01-31,QCLN,0.09467083678383814,0.04374555929382218,0.0029054135351241905,0.01623185467118815,0.1560484880854982
2017-02-28,QCLN,0.06756997123075936,0.023625457144930917,-0.015067403710743332,0.04790887665451793,0.21566041061196373
2017-03-31,QCLN,0.06957237929169657,0.02980487081712191,-0.06399036794375923,-0.014346375527681143,0.10242860655280761
2017-04-30,QCLN,0.11282392278293829,0.012811777872627106,-0.037682760360049694,-0.004077789906021367,0.2031103892771301
2017-05-31,QCLN,0.05633800324291993,0.016213330893562805,-0.034760789360479216,-0.0668426644193334,0.23036151993833964
2017-06-30,QCLN,0.011224630633829724,-0.052981038568809646,-0.07578493335410841,-0.04416155164334645,0.28636233121746313
2017-07-31,QCLN,-0.05092527749001596,-0.09176542324871395,-0.07843898211264999,-0.0340302587436625,0.3759311346501496
2017-08-31,QCLN,-0.043944514085828446,-0.0826373749415027,-0.019661094576241434,-0.04737772172906185,0.5614580314798785
2017-09-30,QCLN,-0.039767508474574664,-0.1335627472354558,-0.08391875481937772,-0.06510839837830562,0.6162641206192572
2017-10-31,QCLN,-0.10001214491031118,-0.15050668314298798,-0.11690171268895966,-0.09768687851649571,0.6730203742682577
2017-11-30,QCLN,-0.04012467234935713,-0.09109879260339915,-0.12318066766225333,-0.052912033046865425,0.9346759271061834
2017-12-31,QCLN,-0.06420566920263937,-0.08700956398793813,-0.05538618227717618,0.01799954948107152,1.0198610419924452
2018-01-31,QCLN,-0.04084014575869799,-0.027513704622634028,0.016895018746353463,0.11230292879167603,1.2022866776530106
2018-02-28,QCLN,-0.03869286085567425,0.024283419509587012,-0.0034332076432334047,0.1920349534670328,1.0968568789842532
2018-03-31,QCLN,-0.09379523876088114,-0.04415124634480305,-0.025340889903730957,0.0726237357356857,0.9785167780256141
2018-04-30,QCLN,-0.0504945382326768,-0.016889567778648473,0.0023252663938154727,0.190298611404503,0.8946524233594159
2018-05-31,QCLN,-0.05097412025404202,-0.0830559953128962,-0.012787360697508299,0.21414818904477684,0.8243339120707337
2018-06-30,QCLN,-0.02280389478529876,0.008819486925463194,0.08220521868371089,0.3393433697862728,0.9467868165571137
2018-07-31,QCLN,0.01332644113606396,0.05773516450505145,0.15314307455037401,0.46769655789886355,0.8984106286267476
2018-08-31,QCLN,0.06297628036526126,0.035259653212440845,0.23072781432270706,0.6440954064213812,0.8769617889761859
2018-09-30,QCLN,0.04964399241607809,0.06845434885715018,0.16641897449656684,0.749826867854713,0.9015170126860423
2018-10-31,QCLN,0.03360497045402833,0.05281980462649227,0.2407931496371798,0.8235270574112457,1.0483650109193254
2018-11-30,QCLN,-0.03208187505885418,0.03818675955653372,0.26512230929881886,1.0257747197095826,1.0256428840681817
2018-12-31,QCLN,0.031623381710761955,0.10500911346900965,0.36214726457157154,1.1068706059803834,0.8703649400424907
2019-01-31,QCLN,0.04440872336898749,0.13981663341431005,0.4543701167627996,1.2298003822756447,0.7385566590879109
2019-02-28,QCLN,-0.027716627152820417,0.1677515339574458,0.5811191260561199,1.072573459474666,0.7689906796255155
2019-03-31,QCLN,0.018810356441072096,0.11677498208048875,0.7001828754386349,1.0226680243704172,0.8704328453653788
2019-04-30,QCLN,0.019214834172463946,0.20718817918315147,0.7899220869572173,0.9115419911380646,0.7633743272117651
2019-05-31,QCLN,0.0702686346153879,0.29720418435767304,1.0578565947684369,0.9073899073836299,0.8679043122591851
2019-06-30,QCLN,0.0733857317582477,0.3305238828608096,1.0752472242696216,0.9379673296316505,0.8324316188607489
2019-07-31,QCLN,0.09540791004532256,0.4099613933938121,1.1853916589066573,0.8406754641216961,0.8957000161538341
2019-08-31,QCLN,0.19546816111026621,0.6088357532089403,1.1002900866274867,0.8417021357637451,0.9922404380491695
2019-09-30,QCLN,0.09796462563941666,0.6813725189975628,1.0038576679293452,0.833062663828892,0.9844092735817087
2019-10-31,QCLN,0.18797334501068752,0.7707072527847534,0.8923271569656005,0.9955452062928332,0.8886025778605721
2019-11-30,QCLN,0.22693554974228514,0.9875879601530488,0.837121272768242,0.9874561245116481,0.8651126048770127
2019-12-31,QCLN,0.2571381511025619,1.0018614925113738,0.8645815978734028,0.7653558265734811,0.6676618401466667
2020-01-31,QCLN,0.31455348334848954,1.0899837488613346,0.7452675540763736,0.5987400256736007,0.7317819809087709
2020-02-29,QCLN,0.41336759209867413,0.9048219255172204,0.6462339746534789,0.6012391456680697,0.6447201481035976
2020-03-31,QCLN,0.5834078933581461,0.9058930422899283,0.7350980381894754,0.75365786328489,0.6878713219981311
2020-04-30,QCLN,0.5827339077740659,0.7043538119549131,0.8075718612821456,0.5561861480286137,0.43921106879040805
2020-05-31,QCLN,0.7606524104107637,0.6101857230259569,0.760520574769363,0.570700127901512,0.4509999921745629
2020-06-30,QCLN,0.7447233414088119,0.607443446770841,0.5082176754709192,0.5019077359999393,0.36478822903331265
2020-07-31,QCLN,0.7754302655128451,0.43071407072788404,0.2841865423251112,0.485738622760022,0.2847279800642273
2020-08-31,QCLN,0.4914543334185463,0.23286638255480474,0.18787155356939556,0.38340468484022916,0.0006214482252351328
2020-09-30,QCLN,0.32248514893178226,0.15169014483132925,0.1702499699267439,0.3030367545841459,-0.11717171386665637
2020-10-31,QCLN,0.12161990418084723,0.22483795350807978,-0.026547759745452204,0.11789532507581868,-0.40080679441749223
2020-11-30,QCLN,-0.15046668738480684,-0.0001318356414007349,-0.18995228250925167,-0.12247535527603615,-0.6310204195739513
2020-12-31,QCLN,-0.13727989463797097,-0.23650566593789268,-0.2428156054088726,-0.33419965236470706,-0.5955247795372143
2021-01-31,QCLN,-0.34471619478496107,-0.4912437231877339,-0.2896916427528231,-0.35820176795256375,-0.9352536458195536
2021-02-28,QCLN,-0.25858795086374153,-0.3035827798491507,-0.10804964857831711,-0.26010177741362284,-0.862321133559961
2021-03-31,QCLN,-0.170795004100453,-0.15223517900503836,-0.019448394347636344,-0.21802172029179734,-0.8015210300683775
2021-04-30,QCLN,0.10321804932723255,-0.14816766392629943,-0.003724579105028547,-0.26514274316450503,-0.7206334671185328
2021-05-31,QCLN,0.1503348517434061,-0.03948559512444483,0.027991332108770695,-0.15918573085139398,-0.5600428512819788
2021-06-30,QCLN,-0.09922577129992172,-0.10553571077090163,-0.1969197577267361,-0.2426552177375283,-0.7802260330206827
2021-07-31,QCLN,-0.14652752840277283,0.05502455203213796,-0.013485573167602682,-0.14598609066365675,-0.6503174031835881
2021-08-31,QCLN,-0.044994828985409185,0.15053830228542442,-0.001513826549881303,-0.2322449343295696,-0.6842335420160911
2021-09-30,QCLN,0.01855982509541465,0.15134660975281666,-0.04722671619134433,-0.2688618586979856,-0.6680886682562251
2021-10-31,QCLN,-0.251385713253532,-0.1069426284322611,-0.3683607924917376,-0.625644747925572,-0.8999869804925269
2021-11-30,QCLN,-0.18982044686785093,-0.12234351963463541,-0.3095205825948001,-0.6308885839325505,-0.8907785058948731
2021-12-31,QCLN,-0.006309939470979908,-0.09769398642681437,-0.14342944643760658,-0.3590191135993216,-0.7484341007173902
2022-01-31,QCLN,0.2015520804349108,0.13304195523517015,0.0005414377391160796,-0.4440099226318197,-0.6790692038758966
2022-02-28,QCLN,0.1955331312708336,0.04348100243552788,-0.18725010534416042,-0.5587383537108103,-0.8355383854866949
2022-03-31,QCLN,0.132786784657402,-0.06578654128675898,-0.2874216837934003,-0.6492858510633391,-0.8825925835024719
2022-04-30,QCLN,0.14444308482127088,-0.1169750792382056,-0.37425903467204,-0.5724658031922334,-0.799695635298637
2022-05-31,QCLN,0.06747692723321552,-0.11970013572694915,-0.4410681370646996,-0.520557256157534,-0.8396166161259911
2022-06-30,QCLN,-0.09138404695583446,-0.13711950696662667,-0.3527091741283417,-0.6746903222497811,-0.8282053362540457
2022-07-31,QCLN,-0.06851012519974065,-0.20101064269579472,-0.6455620030667305,-0.7053419552157261,-0.8716577599068865
2022-08-31,QCLN,-0.15205212883530572,-0.382783236614994,-0.7542714849816439,-0.8347718443015155,-0.8871345488465372
2022-09-30,QCLN,-0.198573325944161,-0.4202084684508023,-0.7820726357207411,-0.8194352780090418,-0.7979862414536503
2022-10-31,QCLN,-0.2614181640594765,-0.5187021194933109,-0.7169088880135043,-0.7930443520602658,-0.6198419956271344
2022-11-30,QCLN,-0.18717706296016468,-0.5085450642979151,-0.5880341833907495,-0.7684349862602377,-0.6341960892362853
2022-12-31,QCLN,-0.045735460010792206,-0.2613251271725072,-0.5833062752939466,-0.6507401142905759,-0.513851401058349
2023-01-31,QCLN,-0.13250051749605407,-0.5770518778669899,-0.6368318300159854,-0.8121111591110668,-0.5461851425031665
2023-02-28,QCLN,-0.2307311077796883,-0.6022193561463381,-0.6827197154662098,-0.8790193879222228,-0.5404557148573387
2023-03-31,QCLN,-0.2216351425066413,-0.5834993097765802,-0.6208619520648808,-0.816806042215713,-0.46696675748046246
2023-04-30,QCLN,-0.2572839554338344,-0.4554907239540278,-0.5316261880007893,-0.6827205560604314,-0.15460527436821736
2023-05-31,QCLN,-0.32136800133775045,-0.40085712043058486,-0.581257923300073,-0.719916480399042,-0.20750219568589934
2023-06-30,QCLN,-0.21558966716171502,-0.5375708152831544,-0.6050046542797837,-0.691085829287419,-0.21247648390682006
2023-07-31,QCLN,-0.4445513603709358,-0.5043313125199314,-0.6796106416150127,-0.6706471172110918,-0.2460843674216826
2023-08-31,QCLN,-0.37148824836664984,-0.4519886076865215,-0.6482882801425345,-0.5043513122315432,-0.13351100871785548
2023-09-30,QCLN,-0.36186416726993886,-0.3992268095582395,-0.5951708997090717,-0.37777777300284787,-0.0810122496260759
2023-10-31,QCLN,-0.19820676852019337,-0.2743422325669549,-0.42543660062659694,-0.10113987613382347,0.11278122819339953
2023-11-30,QCLN,-0.0794891190928344,-0.2598899219623225,-0.39854847906129154,-0.12565102493837021,0.11386580565185112
2023-12-31,QCLN,-0.3219811481214394,-0.38941498711806866,-0.475496162125704,-0.2525262738858418,0.003113183254894958
2024-01-31,QCLN,-0.05977995214899556,-0.23505928124407693,-0.22609575684015604,0.03086673536382334,0.19846699294925318
2024-02-29,QCLN,-0.08050035931987165,-0.27680003177588464,-0.13286306386489333,0.06176364128899947,0.23797723964879436
2024-03-31,QCLN,-0.03736264228830066,-0.2333067324391328,-0.01591360573290901,0.1165325522961177,0.28085191764386297
2024-04-30,QCLN,-0.07613546404676153,-0.22722983210640357,0.0970668923863699,0.3008854495858104,0.3109879967135929
2024-05-31,QCLN,-0.18040080286948812,-0.31905935996845713,-0.04616190584553581,0.19335492474468552,0.19335492474468552
2024-06-30,QCLN,-0.06743383899662925,-0.1535150140042646,0.0694548742355976,0.32509433137633437,0.32509433137633437
2024-07-31,QCLN,-0.17527932909508137,-0.16631580469116047,0.0906466875128189,0.25824694509824875,0.25824694509824875
2024-08-31,QCLN,-0.19629967245601299,-0.05236270454502168,0.14226400060887112,0.318477598968666,0.318477598968666
2024-09-30,QCLN,-0.19594409015083214,0.021449036555391654,0.15389519458441836,0.31821455993216363,0.31821455993216363
2024-10-31,QCLN,-0.15109436805964205,0.17320235643313142,0.37702091363257195,0.3871234607603544,0.3871234607603544
2024-11-30,QCLN,-0.13865855709896902,0.1342388970239523,0.37375572761417364,0.37375572761417364,0.37375572761417364
2024-12-31,QCLN,-0.08608117500763535,0.13688871323222684,0.3925281703729636,0.3925281703729636,
2025-01-31,QCLN,0.008963524403920897,0.2659260166079003,0.4335262741933301,0.4335262741933301,
2025-02-28,QCLN,0.1439369679109913,0.3385636730648841,0.514777271424679,0.514777271424679,
2025-03-31,QCLN,0.2173931267062238,0.3498392847352505,0.5141586500829958,0.5141586500829958,
2025-04-30,QCLN,0.32429672449277347,0.528115281692214,0.5382178288199965,0.5382178288199965,
2025-05-31,QCLN,0.2728974541229213,0.5124142847131427,0.5124142847131427,0.5124142847131427,
2025-06-30,QCLN,0.2229698882398622,0.47860934538059896,0.47860934538059896,,
2025-07-31,QCLN,0.2569624922039794,0.4245627497894092,0.4245627497894092,,
2025-08-31,QCLN,0.1946267051538928,0.3708403035136877,0.3708403035136877,,
2025-09-30,QCLN,0.1324461580290267,0.296765523376772,,,
2025-10-31,QCLN,0.20381855719944053,0.213921104327223,,,
2025-11-30,QCLN,0.23951683059022133,0.23951683059022133,,,
2025-12-31,QCLN,0.25563945714073677,,,,
2026-01-31,QCLN,0.16760025758542985,,,,
2026-02-28,QCLN,0.1762135983597949,,,,
2026-03-31,QCLN,,,,,
2026-04-30,QCLN,,,,,
2026-05-31,QCLN,,,,,
2000-07-31,SMH,-0.20413280745222273,-0.2503850424181224,-0.11601148156270424,-0.3797490630510645,-0.1628622811454713
2000-08-31,SMH,-0.5003768615821099,-0.3521736880682792,-0.30795939122329774,-0.5881293384622284,-0.13385957381307378
2000-09-30,SMH,-0.22809350667012718,-0.36991075978692034,0.03690896633316476,-0.45862881911816267,0.02317488831787995
2000-10-31,SMH,-0.006946183635953118,-0.10527531368118936,0.05668785030259482,-0.22633431187203623,0.24942793463497903
2000-11-30,SMH,0.09065546886330522,0.20550586930799253,0.18510742048064532,0.1291459978915953,0.48543615411628827
2000-12-31,SMH,0.1359776910348709,0.15591393613740911,0.02238004103093938,-0.08280077262202168,0.35822119431059984
2001-01-31,SMH,-0.0462522349658997,0.08812132588951849,-0.17561625559884175,-0.24896733063132193,0.18833735356269699
2001-02-28,SMH,0.14820317351383072,0.19241747035881218,-0.08775247688011845,0.05480628772457574,0.34491576821731396
2001-03-31,SMH,-0.14181725311679316,0.26500247300329194,-0.2305353124480355,-0.012395990809157764,0.277408564071534
2001-04-30,SMH,-0.09832913004523625,0.06363403393854794,-0.2193881282360831,-0.10654016315569659,0.03848258183198994
2001-05-31,SMH,0.1148504004446873,0.0944519516173401,0.03849052902829009,0.07123058107989477,0.221616744453761
2001-06-30,SMH,0.01993624510253822,-0.11359765000393152,-0.21877846365689257,-0.06763640928155512,0.10438968686011929
2001-07-31,SMH,0.13437356085541818,-0.12936402063294206,-0.20271509566542223,0.08752276127265113,0.028362588063498007
2001-08-31,SMH,0.04421429684498146,-0.23595565039394917,-0.09339688578925498,0.21831411425520542,-0.08162879593089456
2001-09-30,SMH,0.4068197261200851,-0.08871805933124233,0.1294212623076354,0.3930856481048003,0.18359739132538488
2001-10-31,SMH,0.1619631639837842,-0.12105899819084687,-0.008211033110460342,0.3547032483161684,0.04470501048042819
2001-11-30,SMH,-0.020398448827347204,-0.07635987141639722,-0.043619819364792534,0.27993028480829574,-0.10787067405073147
2001-12-31,SMH,-0.13353389510646974,-0.2387147087594308,-0.08757265438409334,0.20230725817319073,-0.0886121650037317
2002-01-31,SMH,-0.26373758148836024,-0.3370886565208404,-0.046850799582767055,0.1002160276731785,-0.22436820734813057
2002-02-28,SMH,-0.28016994723893063,-0.13761118263423644,0.17409981741022396,0.15249829785850177,-0.06508353722023685
2002-03-31,SMH,-0.49553778545132743,-0.2773984638124497,-0.013734078015284812,0.012406091068242087,-0.20845849496607938
2002-04-30,SMH,-0.28302216217463105,-0.17017419709424453,0.1927400843323842,-0.025151452106558003,-0.1928552356728216
2002-05-31,SMH,-0.055961422589050014,-0.02322137053744533,0.30032873363564294,0.1271647928364209,-0.042031640143150084
2002-06-30,SMH,-0.10518081365296106,0.045961240722376395,0.33584115327966046,0.2179873368640508,0.07288412806702893
2002-07-31,SMH,-0.07335107503248017,0.21688678190559318,0.36395360916153874,0.15772660869644006,0.18139838002510167
2002-08-31,SMH,0.1425587646046942,0.4542697646491546,0.4326682450974324,0.1543268544630546,0.28814873811679553
2002-09-30,SMH,0.21813932163887773,0.4818037074360426,0.5079438765195695,0.2723154506566272,0.3761269094642361
2002-10-31,SMH,0.11284796508038653,0.47576224650701526,0.25787071006807305,0.16576400867127505,0.14462528496610194
2002-11-30,SMH,0.032740052051604684,0.35629015622469296,0.18312621542547092,-0.031510802634334256,0.05495801688923552
2002-12-31,SMH,0.15114205437533745,0.4410219669326215,0.32316815051701187,0.1501025437556991,0.2249205455974459
2003-01-31,SMH,0.29023785693807336,0.4373046841940189,0.23107768372892024,0.11272044917270985,0.22303466525412385
2003-02-28,SMH,0.3117110000444604,0.2901094804927382,0.01176808985836042,0.07252764541399959,0.10143952099737485
2003-03-31,SMH,0.2636643857971649,0.2898045548806918,0.054176129017749486,0.06893996884637033,0.0872852408471988
2003-04-30,SMH,0.36291428142662874,0.14502274498768652,0.05291604359088853,-0.022681038578577062,0.05331089920820531
2003-05-31,SMH,0.32355010417308827,0.15038616337386623,-0.06425085468593894,-0.018810269605704755,-0.0927794644529073
2003-06-30,SMH,0.28987991255728407,0.1720260961416744,-0.0010395106196383619,0.026922887344652535,-0.05944568690388752
2003-07-31,SMH,0.14706682725594555,-0.05916017320915312,-0.1775174077653635,-0.035488401880491516,-0.24015208864798887
2003-08-31,SMH,-0.02160151955172218,-0.2999429101861,-0.2391833546304608,-0.16612102653235905,-0.31027469517019
2003-09-30,SMH,0.0261401690835269,-0.2094882567794154,-0.19472441695079457,-0.10567679797180651,-0.2616338567490948
2003-10-31,SMH,-0.2178915364389422,-0.3099982378357402,-0.3855953200052058,-0.3311369615409133,-0.4593289819240849
2003-11-30,SMH,-0.17316394079922204,-0.3878009588590272,-0.342360373778793,-0.30133213933545744,-0.5037367572246394
2003-12-31,SMH,-0.11785381641560966,-0.29091942317692243,-0.26295702521263153,-0.21610142133517563,-0.43942976803296885
2004-01-31,SMH,-0.20622700046509868,-0.32458423502130906,-0.18255522913643707,-0.21427001893989506,-0.4415150847614715
2004-02-29,SMH,-0.2783413906343778,-0.21758183507873863,-0.14451950698063687,-0.18866995949536336,-0.3653295133146568
2004-03-31,SMH,-0.2356284258629423,-0.22086458603432146,-0.1318169670553334,-0.202519314033493,-0.38559100739646257
2004-04-30,SMH,-0.092106701396798,-0.1677037835662636,-0.11324542510197111,-0.09171184577948122,-0.24674577981762658
2004-05-31,SMH,-0.21463701805980517,-0.169196432979571,-0.1281681985362354,-0.24316562782677353,-0.3633611509799125
2004-06-30,SMH,-0.17306560676131277,-0.14510320879702188,-0.09824760491956597,-0.23147178304556193,-0.2652059455309098
2004-07-31,SMH,-0.11835723455621039,0.023671771328661606,-0.008043018474796382,-0.18099191543883575,-0.14379533881291207
2004-08-31,SMH,0.060759555555639166,0.13382188365374093,0.08967143113901443,-0.010331784984090042,-0.04250447581954697
2004-09-30,SMH,0.01476383982862084,0.10381145880760889,0.03310911182944931,-0.05214559996967938,-0.09067004982334259
2004-10-31,SMH,-0.07559708216946559,-0.021138723705173112,0.00039485561731678054,-0.14933074408834468,-0.25780264816693166
2004-11-30,SMH,0.045440585080234186,0.08646881952356977,-0.02852860976696836,-0.11593579836561219,-0.24840176979663342
2004-12-31,SMH,0.027962397964290897,0.0748180018417468,-0.058406176284249156,-0.14851034485604642,-0.22635826508615986
2005-01-31,SMH,0.142029005884872,0.11031421608141401,-0.06263468088262536,-0.11693084974016243,-0.2567369463265333
2005-02-28,SMH,0.07306232809810176,0.02891187558337527,-0.07109134053972921,-0.14774767823591817,-0.28485452264832
2005-03-31,SMH,0.08904761897898805,0.018345272000828472,-0.06690943979830022,-0.1647264213621411,-0.24425586291641077
2005-04-30,SMH,0.05445835846429248,0.07599193778678237,-0.07373366191887909,-0.07904199625136299,-0.1950031158491532
2005-05-31,SMH,0.04102823444333559,-0.07396919484720255,-0.16137638344584637,-0.19416471800034152,-0.22601360015027572
2005-06-30,SMH,0.04685560387745591,-0.08636857424854005,-0.1764727428203373,-0.12010273673388794,-0.21105027721065606
2005-07-31,SMH,-0.03171478980345799,-0.20466368676749735,-0.25895985562503443,-0.16746711014157367,-0.33284705990607943
2005-08-31,SMH,-0.04415045251472649,-0.14415366863783097,-0.22081000633401993,-0.1763263594732879,-0.3263646156026796
2005-09-30,SMH,-0.07070234697815958,-0.15595705877728827,-0.25377404034112916,-0.19448150863095148,-0.35547696893475067
2005-10-31,SMH,0.021533579322489893,-0.12819202038317157,-0.13350035471565547,-0.23666392446175855,-0.2827659396109319
2005-11-30,SMH,-0.11499742929053813,-0.20240461788918196,-0.2351929524436771,-0.3348705893202032,-0.4822174392655856
2005-12-31,SMH,-0.13322417812599596,-0.22332834669779322,-0.16695834061134385,-0.30117626692790667,-0.4120701736842828
2006-01-31,SMH,-0.17294889696403937,-0.22724506582157644,-0.13575232033811568,-0.36705116240794733,-0.36515995331839524
2006-02-28,SMH,-0.10000321612310448,-0.17665955381929344,-0.1321759069585614,-0.3137663982316953,-0.27107433410656157
2006-03-31,SMH,-0.08525471179912869,-0.18307169336296958,-0.1237791616527919,-0.26260113491723924,-0.17990216801146286
2006-04-30,SMH,-0.14972559970566146,-0.15503393403814536,-0.25819750378424844,-0.27099505363593557,-0.212425256830712
2006-05-31,SMH,-0.08740718859864383,-0.12019552315313897,-0.21987316002966506,-0.15204440530307317,-0.17407416368620077
2006-06-30,SMH,-0.09010416857179726,-0.033734162485347885,-0.1679520888019107,-0.124681702962116,-0.12010977060262717
2006-07-31,SMH,-0.054296168857537075,0.03719657662592368,-0.19410226544390796,-0.12818337313858208,0.013539438377006996
2006-08-31,SMH,-0.07665633769618896,-0.03217269083545693,-0.2137631821085908,-0.18221094696484863,-0.06307360668976669
2006-09-30,SMH,-0.09781698156384089,-0.03852444985366321,-0.17734642311811055,-0.1995199101574624,-0.07030509733373458
2006-10-31,SMH,-0.005308334332483899,-0.10847190407858698,-0.12126945393027411,-0.15457391922776031,-0.0670561840369156
2006-11-30,SMH,-0.03278833455449515,-0.13246597143102123,-0.06463721670442935,-0.2798128213764036,-0.0724529695744921
2006-12-31,SMH,0.056370006086449376,-0.07784792023011344,-0.03457753439031874,-0.18874182698648956,0.04433129937705815
2007-01-31,SMH,0.09149274548346076,-0.1398060965863709,-0.073887204281045,-0.1379148874968188,-0.02234826126695144
2007-02-28,SMH,0.04448364686073203,-0.13710684441240184,-0.10555460926865967,-0.09441478028726813,-0.02546892927512867
2007-03-31,SMH,0.059292531710177676,-0.07952944155426966,-0.10170292859362151,0.003169525351506719,0.012283487998899112
2007-04-30,SMH,-0.10316356974610308,-0.11596111959779021,-0.14926558489527642,-0.057391322792566646,-0.015179898164338956
2007-05-31,SMH,-0.09967763687652609,-0.0318488821499342,-0.24702448682190847,-0.053878640533061795,0.04130688634590807
2007-06-30,SMH,-0.13421792631656282,-0.09094754047676812,-0.24511183307293893,-0.08637560811727929,-0.012518885928622492
2007-07-31,SMH,-0.23129884206983164,-0.16537994976450576,-0.22940763298027955,-0.023657138248916687,-0.04896567498960025
2007-08-31,SMH,-0.18159049127313387,-0.1500382561293917,-0.13889842714800016,-0.030900915854309763,-0.10823922112435247
2007-09-30,SMH,-0.13882197326444734,-0.1609954603037992,-0.05612300635867096,-0.03178064748007137,-0.02726402678639228
2007-10-31,SMH,-0.012797549851687129,-0.04610201514917334,0.04577224695353643,0.04141572004167138,0.10839270875411455
2007-11-30,SMH,0.06782875472659189,-0.14734684994538239,0.04579899634346429,0.060013001856529136,0.18862032165979714
2007-12-31,SMH,0.0432703858397947,-0.11089390675637611,0.04784231819928353,0.1221792196071716,0.15386497864327575
2008-01-31,SMH,0.06591889230532588,0.0018912090895520928,0.20764170382091496,0.11745783531941945,0.26028054343914453
2008-02-29,SMH,0.03155223514374217,0.04269206412513371,0.1506895754188241,0.11163791513727317,0.22530393185287612
2008-03-31,SMH,-0.022173487039351847,0.08269896690577638,0.10704132578437597,0.09181292955316878,0.17647266139753615
2008-04-30,SMH,-0.03330446529748621,0.05856979680522356,0.05421326989335851,0.10078122143345125,0.19218576329341708
2008-05-31,SMH,-0.21517560467197427,-0.022029758383127596,-0.007815752870062753,0.07315576849584227,0.12867251629681997
2008-06-30,SMH,-0.15416429259617082,0.004571932359488828,0.0789088337673769,0.07842865454814563,0.10370667448045356
2008-07-31,SMH,-0.06402768321577379,0.14172281151558908,0.05153894301409356,0.11641427477490551,0.11423649045968964
2008-08-31,SMH,0.011139828981391542,0.11913734027508194,0.080085679993531,0.04179903500503923,0.07307122916758058
2008-09-30,SMH,0.10487245394512823,0.12921481282372782,0.11398641659252062,0.1337314335174069,0.15653690842057977
2008-10-31,SMH,0.09187426210270977,0.08751773519084471,0.13408568673093746,0.1544947239032879,0.15724951114921548
2008-11-30,SMH,0.19314584628884668,0.20735985180191152,0.28833137316781654,0.3359671716051795,0.25654958753781365
2008-12-31,SMH,0.15873622495565964,0.2330731263635477,0.23259294714431644,0.26475888539965187,0.18737899277647974
2009-01-31,SMH,0.20575049473136287,0.11556662622986735,0.1804419579906793,0.25838933434959244,0.20043209474538548
2009-02-28,SMH,0.1079975112936904,0.06894585101213946,0.03065920602364769,0.1826118677277424,0.10540957660419403
2009-03-31,SMH,0.02434235887859959,0.009113962647392393,0.028858979572278676,0.09377369449175976,0.055644766485110964
2009-04-30,SMH,-0.004356526911865055,0.04221142462822769,0.06262046180057812,0.13361596648819352,0.03673150358252175
2009-05-31,SMH,0.014214005513064842,0.09518552687896986,0.14282132531633285,0.15070227467994757,0.022699715526072195
2009-06-30,SMH,0.07433690140788807,0.0738567221886568,0.10602266044399222,0.09913474212096474,0.001962533167873426
2009-07-31,SMH,-0.09018386850149551,-0.025308536740683563,0.05263883961822957,-0.027486321055899432,-0.09729453030228519
2009-08-31,SMH,-0.03905166028155094,-0.0773383052700427,0.07461435643405201,-0.04606611110750136,-0.08280507176284702
2009-09-30,SMH,-0.015228396231207197,0.004516620693679085,0.06943133561316017,0.027322095596851947,-0.11918156147902348
2009-10-31,SMH,0.046567951540092745,0.06697698871244318,0.13797249340005857,0.06973177595837077,-0.0823456899375834
2009-11-30,SMH,0.08097152136590502,0.128607319803268,0.13648826916688273,0.04918973573590213,-0.0483438487570782
2009-12-31,SMH,-0.00048017921923126927,0.031685759036104155,0.02479784071307667,-0.045694133587067975,-0.12409934666381339
2010-01-31,SMH,0.06487533176081195,0.14282270811972508,0.06269754744559608,0.08486546851551813,-0.01675760140999527
2010-02-28,SMH,-0.03828664498849177,0.11366601671560295,-0.007014450825950425,0.036463725592054574,-0.03984222715832275
2010-03-31,SMH,0.019745016924886283,0.08465973184436737,0.042550491828059145,0.04653080383771857,-0.06149698735363707
2010-04-30,SMH,0.02040903717235043,0.09140454185996583,0.023163824418278023,-0.005479921045705938,-0.06299618125608286
2010-05-31,SMH,0.047635798437362986,0.055516747800977706,-0.03178178563000289,-0.07248581135289767,-0.07843578097879544
2010-06-30,SMH,0.032165938255335425,0.025278019932307938,-0.045213954367836706,-0.07189418902078337,-0.077094015488133
2010-07-31,SMH,0.07794737635891313,-0.0021777843152158693,0.019990136754706178,-0.07198599356160162,-0.09458307524534937
2010-08-31,SMH,0.15195266170409472,0.031272194162541345,0.07475037058054634,-0.005466766492804309,-0.0324868516111404
2010-09-30,SMH,0.06491471491948109,0.022805474903172862,0.026785786912832288,-0.12369818217270256,-0.04333971642540779
2010-10-31,SMH,0.0709955046876154,0.0027547872459275924,-0.025888958218056368,-0.14932267865002657,-0.08359821212264851
2010-11-30,SMH,0.00788094936361472,-0.07941758406736588,-0.12012160979026065,-0.1769511685603462,-0.16551771638114865
2010-12-31,SMH,-0.0068879183230274865,-0.07737989262317213,-0.1040601272761188,-0.15578510569991755,-0.14160660287524396
2011-01-31,SMH,-0.080125160674129,-0.057957239604206956,-0.14993336992051476,-0.15958030952972035,-0.15495494731710913
2011-02-28,SMH,-0.12068046754155337,-0.07720229112354837,-0.15741942819689902,-0.1535082438739257,-0.14530792144714566
2011-03-31,SMH,-0.042109240016308225,-0.0381289280066488,-0.18861289709218365,-0.14615671919800444,-0.07521823481794587
2011-04-30,SMH,-0.0682407174416878,-0.09688446290567176,-0.22031818333764197,-0.1544007231160487,-0.13450253496586517
2011-05-31,SMH,-0.0872985334309806,-0.12800255915387537,-0.18483211792396093,-0.13395252877977315,-0.10973391523752019
2011-06-30,SMH,-0.07049197430014464,-0.09717220895309131,-0.14889718737689006,-0.10237203542044093,-0.028823186639726717
2011-07-31,SMH,0.022167921069922047,-0.06980820924638576,-0.07945514885559135,-0.0924052909301335,0.009262422223456857
2011-08-31,SMH,0.043478176418005,-0.036738960655345654,-0.03282777633237233,-0.06375904577368174,0.06516347467210104
2011-09-30,SMH,0.003980312009659426,-0.14650365707587543,-0.10404747918169621,-0.06614519132858065,0.022612870137718066
2011-10-31,SMH,-0.02864374546398396,-0.15207746589595417,-0.08616000567436088,-0.0863529993685761,-0.0004113908234043562
2011-11-30,SMH,-0.04070402572289478,-0.09753358449298033,-0.046653995348792554,-0.08610013231378277,0.08208358282579842
2011-12-31,SMH,-0.026680234652946666,-0.07840521307674542,-0.03188006112029629,-0.06422671025207183,0.08525925485860364
2012-01-31,SMH,-0.0919761303163078,-0.1016230699255134,-0.11457321200005555,-0.09699770771290217,0.037597835150617875
2012-02-29,SMH,-0.08021713707335065,-0.07630595275037733,-0.10723722219168674,-0.06810563032359729,0.07597204719693851
2012-03-31,SMH,-0.15048396908553485,-0.10802779119135564,-0.07012550333824008,-0.037089306811297074,0.05671725016709317
2012-04-30,SMH,-0.1234337204319702,-0.057516260210376924,-0.05770925390459214,-0.03761807206019341,0.07674497946728254
2012-05-31,SMH,-0.05682955877008555,-0.0059499696258977774,-0.045396106590888,0.018268643916355187,0.18403170137686664
2012-06-30,SMH,-0.05172497842379875,-0.005199826467349622,-0.03754647559912516,0.0683490223133646,0.1193566822422113
2012-07-31,SMH,-0.009646939609205596,-0.022597081683747744,-0.005021577396594368,0.07907063146984261,0.06420914737122707
2012-08-31,SMH,0.003911184322973327,-0.02702008511833609,0.012111506749753365,0.1019024353274467,0.07771294682321173
2012-09-30,SMH,0.042456177894179215,0.08035846574729477,0.11339466227423778,0.1691165272135935,0.17517511123900031
2012-10-31,SMH,0.06591746022159328,0.06572446652737807,0.0858156483717768,0.1516660750725498,0.17570837305602782
2012-11-30,SMH,0.050879589144187776,0.011433452179197556,0.07509820268644074,0.17961716731877875,0.1764874595418966
2012-12-31,SMH,0.04652515195644913,0.014178502824673589,0.12007400073716334,0.16366446793534906,0.14720000403727374
2013-01-31,SMH,-0.012950142074542148,0.004625362212611228,0.08871757107904821,0.13922090507613127,0.11944174601391933
2013-02-28,SMH,-0.030931269441309417,0.008200322426780038,0.09799125100447337,0.15227799994731583,0.12339972923174414
2013-03-31,SMH,0.03790228785311556,0.07093848438005856,0.12666034931941428,0.1647450413584488,0.17551790920299393
2013-04-30,SMH,-0.0001929936942152155,0.019898188150183516,0.08574861485095653,0.13426123967765946,0.09979614419443694
2013-05-31,SMH,-0.03944613696499022,0.024218613542252965,0.12873757817459097,0.18998167100276442,0.15756195879670865
2013-06-30,SMH,-0.03234664913177554,0.07354884878071422,0.11713931597889993,0.12455650870956092,0.1583425564383416
2013-07-31,SMH,0.017575504287153376,0.10166771315359036,0.15217104715067342,0.08680622905497482,0.2644802250706835
2013-08-31,SMH,0.039131591868089455,0.12892252044578278,0.18320926938862525,0.10473303194154782,0.3127931257747766
2013-09-30,SMH,0.03303619652694301,0.08875806146629872,0.12684275350533325,0.09481664549170554,0.3198658385125519
2013-10-31,SMH,0.02009118184439873,0.08594160854517174,0.13445423337187468,0.10998390652864976,0.3340254633489622
2013-11-30,SMH,0.06366475050724318,0.1681837151395812,0.22942780796775464,0.16505400736269904,0.36744873639876785
2013-12-31,SMH,0.10589549791248976,0.14948596511067547,0.15690315784133646,0.13302150121260015,0.35134994018146026
2014-01-31,SMH,0.08409220886643698,0.13459554286352005,0.06923072476782144,0.1148163838013081,0.35914709078822404
2014-02-28,SMH,0.08979092857769333,0.1440776775205358,0.06560144007345836,0.1151994068049641,0.33132847069675775
2014-03-31,SMH,0.055721864939355714,0.09380655697839024,0.061780448964762535,0.10457942482293536,0.3368391582823398
2014-04-30,SMH,0.06585042670077301,0.11436305152747595,0.08989272468425102,0.07989795604425343,0.35439922783294675
2014-05-31,SMH,0.10451896463233801,0.16576305746051145,0.10138925685545586,0.13334334525445568,0.4050281808385797
2014-06-30,SMH,0.04359046719818571,0.051007659928846705,0.02712600330011039,0.08479370765762739,0.30330980263767404
2014-07-31,SMH,0.050503333997083066,-0.01486148409861554,0.030724174934871118,0.16281251191709312,0.33243872337896807
2014-08-31,SMH,0.05428674894284247,-0.02418948850423497,0.02540847822727077,0.1838706053289938,0.34101933476100665
2014-09-30,SMH,0.03808469203903453,0.006058584025406821,0.04885755988357965,0.23110777704625318,0.37245024581920494
2014-10-31,SMH,0.04851262482670293,0.02404229798347801,0.014047529343480414,0.24808385480379047,0.4545171225218958
2014-11-30,SMH,0.061244092828173446,-0.0031297077768821513,0.028824380622117673,0.19926502125918666,0.35771925870274535
2014-12-31,SMH,0.007417192730660993,-0.01646446389807532,0.04120324045944168,0.2018639750707848,0.3351291604331519
2015-01-31,SMH,-0.0653648180956986,-0.01977915906221195,0.11230917792001005,0.224551547924704,0.376980937085749
2015-02-28,SMH,-0.07847623744707743,-0.028878270715571697,0.12958385638615133,0.18725079317622195,0.3894184989508338
2015-03-31,SMH,-0.03202610801362771,0.01077286784454512,0.19302308500721865,0.24303260130394955,0.40872957056315495
2015-04-30,SMH,-0.02447032684322492,-0.03446509548322252,0.19957122997708754,0.2400361763054708,0.34270646810826755
2015-05-31,SMH,-0.0643738006050556,-0.03241971220605577,0.1380209284310132,0.23926512337806827,0.35605034295969784
2015-06-30,SMH,-0.023881656628736314,0.03378604772878069,0.1944467823401238,0.25230214270882734,0.3751839148302326
2015-07-31,SMH,0.04558565903348666,0.17767399601570866,0.2899163660204026,0.3473002074775836,0.43675289605674894
2015-08-31,SMH,0.04959796673150574,0.20806009383322877,0.2657270306232994,0.3652088232652416,0.42254286035423594
2015-09-30,SMH,0.04279897585817283,0.22504919302084636,0.27505870931757725,0.3663916617937981,0.36105738465510484
2015-10-31,SMH,-0.009994768639997598,0.22404155682031246,0.2645065031486957,0.4304748245384178,0.30781144834612495
2015-11-30,SMH,0.031954088398999825,0.2023947290360688,0.30363892398312387,0.3608489664796275,0.29878946020434993
2015-12-31,SMH,0.057667704357517,0.21832843896886012,0.27618379933756365,0.3515936243312272,0.31631591797237935
2016-01-31,SMH,0.132088336982222,0.24433070698691595,0.30171454844409695,0.39676009614796093,0.3603039990343151
2016-02-29,SMH,0.15846212710172303,0.21612906389179365,0.3156108565337359,0.4182967696664055,0.3825617575293695
2016-03-31,SMH,0.18225021716267353,0.23225973345940443,0.3235926859356253,0.39795670271860983,0.36754194453832867
2016-04-30,SMH,0.23403632546031006,0.2745012717886933,0.4404695931784154,0.37717156359149007,0.47208583284083394
2016-05-31,SMH,0.17044064063706899,0.27168483558412404,0.3288948780806277,0.3884700551657536,0.31322183808454895
2016-06-30,SMH,0.16066073461134311,0.21851609498004665,0.2939259199737102,0.3413978671014519,0.36681697848991957
2016-07-31,SMH,0.11224237000469395,0.16962621146187495,0.26467175916573893,0.2590789000410403,0.3374973270239008
2016-08-31,SMH,0.05766693679007062,0.15714872943201286,0.25983464256468247,0.21448276652100717,0.2899583443987631
2016-09-30,SMH,0.050009516296730894,0.14134246877295176,0.2157064855559363,0.13600819163425848,0.26214531461287827
2016-10-31,SMH,0.04046494632838327,0.20643326771810533,0.14313523813118,0.08376989152581249,0.31039594268103976
2016-11-30,SMH,0.10124419494705506,0.1584542374435587,0.21802941452868463,0.09639473116828112,0.3126826254038694
2016-12-31,SMH,0.057855360368703534,0.1332651853623671,0.1807371324901088,0.09798747900351923,0.3587456450892391
2017-01-31,SMH,0.057383841457181006,0.15242938916104498,0.14683653003634634,0.11597329204739915,0.318121676157865
2017-02-28,SMH,0.09948179264194223,0.20216770577461185,0.15681582973093655,0.16643269363757585,0.3696765672930923
2017-03-31,SMH,0.09133295247622086,0.1656969692592054,0.08599867533752759,0.13528221107892424,0.3407418705031814
2017-04-30,SMH,0.16596832138972206,0.10267029180279674,0.04330494519742922,0.19758456105214062,0.36320141084400404
2017-05-31,SMH,0.05721004249650363,0.11678521958162957,-0.0048494637787739325,0.04153700250042491,0.3053357492445763
2017-06-30,SMH,0.07540982499366355,0.12288177212140527,0.040132118634815694,0.14830088350987292,0.4250381044186424
2017-07-31,SMH,0.09504554770386398,0.08945268857916533,0.05858945059021814,0.16787111556202583,0.4262247391260918
2017-08-31,SMH,0.10268591313266962,0.057334037088994316,0.06695090099563361,0.13280961496675026,0.3824734263366949
2017-09-30,SMH,0.07436401678298454,-0.0053342771386932775,0.04394925860270338,0.12080284583992651,0.37868389658326873
2017-10-31,SMH,-0.06329802958692532,-0.12266337619229284,0.031616239662418555,0.10396267496293443,0.34382935830267825
2017-11-30,SMH,0.05957517708512594,-0.062059506275277565,-0.01567303999607872,0.1542283879603107,0.471400755764099
2017-12-31,SMH,0.04747194712774172,-0.03527770635884786,0.07289105851620936,0.22548045972687203,0.517099557250281
2018-01-31,SMH,-0.005592859124698646,-0.036456097113645836,0.07282556785816185,0.16569228699682004,0.5250689955094927
2018-02-28,SMH,-0.0453518760436753,-0.035735012137036004,0.03012370183408064,0.16750886151848043,0.5239019534903245
2018-03-31,SMH,-0.07969829392167782,-0.030414758180281165,0.046438829056941966,0.17504490124397598,0.4826285018480634
2018-04-30,SMH,-0.05936534660536752,0.09491426924934387,0.16726070454985975,0.2605311190412073,0.5014826819475842
2018-05-31,SMH,-0.1216346833604035,-0.07524821708120466,0.09465321087518475,0.18855052966294672,0.44146712842025715
2018-06-30,SMH,-0.08274965348658958,0.02541911138846764,0.1780085125991303,0.30215633229723715,0.5181668897306638
2018-07-31,SMH,-0.03086323798894719,0.0784184269828605,0.17128514612151868,0.3367720505469265,0.5041752829602394
2018-08-31,SMH,0.009616863906639295,0.07547557787775594,0.21286073756215573,0.3251393892477006,0.5067559513562784
2018-09-30,SMH,0.049283535741396656,0.1261371229786198,0.2547431951656538,0.384018173721962,0.5269145631669621
2018-10-31,SMH,0.1542796158547114,0.22662605115522727,0.3198964656465748,0.4664927344949711,0.5782413737872507
2018-11-30,SMH,0.046386466279198846,0.21628789423558825,0.3101852130233502,0.5334602620393766,0.6838603573637417
2018-12-31,SMH,0.10816876487505722,0.2607581660857199,0.38490598578382673,0.5523772636091289,0.658571923595171
2019-01-31,SMH,0.10928166497180769,0.20214838411046587,0.3676352885358737,0.5615250926231385,0.5630841417912599
2019-02-28,SMH,0.06585871397111664,0.20324387365551644,0.3155225253410613,0.5596369656273605,0.5289121633591134
2019-03-31,SMH,0.07685358723722313,0.20545965942425715,0.33473463798056535,0.5130432600283445,0.4852537664848853
2019-04-30,SMH,0.07234643530051588,0.16561684979186342,0.3122131186402597,0.4065684126982403,0.37429012944065465
2019-05-31,SMH,0.1699014279563894,0.2637987467441514,0.48707379576017773,0.5167153455014618,0.5273580478019096
2019-06-30,SMH,0.15258940121066267,0.2767372209087695,0.44420849873407164,0.4927477783421962,0.3894996274623713
2019-07-31,SMH,0.09286671913865818,0.258353623564066,0.45224342765133085,0.4257568559773789,0.41412581716455954
2019-08-31,SMH,0.1373851596843998,0.24966381136994464,0.4937782516562439,0.43128037347852244,0.36573502505143596
2019-09-30,SMH,0.12860607218703402,0.2578810507433422,0.4361896727911214,0.40077744018834227,0.29825021297729026
2019-10-31,SMH,0.09327041449134754,0.2398666833397438,0.3342219773977244,0.35161532263202344,0.19133017119917317
2019-11-30,SMH,0.09389731878776197,0.3171723678037883,0.3468139175450724,0.4675724631281535,0.33294317273577245
2019-12-31,SMH,0.12414781969810684,0.291619097523409,0.3401583771315335,0.39781375750945114,0.24609014544575947
2020-01-31,SMH,0.1654869044254078,0.35937670851267267,0.3328901368387207,0.360935757680794,0.3769944622959821
2020-02-29,SMH,0.11227865168554485,0.3563930919718441,0.29389521379412265,0.32566828970359696,0.37337892495147207
2020-03-31,SMH,0.1292749785563082,0.3075836006040874,0.27217136800130826,0.2797941070606281,0.42200397745588647
2020-04-30,SMH,0.14659626884839627,0.24095156290637687,0.2583449081406759,0.20867327964879123,0.3335723657979893
2020-05-31,SMH,0.22327504901602635,0.25291659875731043,0.3736751443403915,0.26355930105775827,0.4894962705754812
2020-06-30,SMH,0.16747127782530213,0.21601055743342668,0.2736659378113443,0.11276240655360181,0.41332895349547305
2020-07-31,SMH,0.19388980408726486,0.1674032324133129,0.1954488532553862,0.15577219360049355,0.4074595960285988
2020-08-31,SMH,0.24411444028629925,0.1816165621085778,0.2133896380180521,0.11607121368149131,0.4110670058107456
2020-09-30,SMH,0.1783086220477792,0.14289638944500005,0.15051912850431992,0.04036916223394804,0.35529021088697255
2020-10-31,SMH,0.0943552940579806,0.11174863929227963,0.06207701080039496,-0.04853651214057064,0.3066201593059721
2020-11-30,SMH,0.02964154974128408,0.15040009532436516,0.040284252041731916,0.015770804931984128,0.28660326573748973
2020-12-31,SMH,0.04853927960812454,0.10619465998604216,-0.05470887127170032,-0.04552895207764951,0.32046009375429163
2021-01-31,SMH,-0.026486571673951964,0.0015590491681213292,-0.038117610486771314,0.01761775378330943,0.31903156996543625
2021-02-28,SMH,-0.062497878177721455,-0.030724802268247142,-0.12804322660480794,0.01698583297962797,0.3716824629671187
2021-03-31,SMH,-0.03541223260277915,-0.027789493543459276,-0.13793945981383116,0.11442037685179907,0.43489928531385647
2021-04-30,SMH,0.01739334523429903,-0.03227828325758564,-0.14289180619855124,0.09262080289161245,0.48240796419039267
2021-05-31,SMH,0.12075854558308108,0.010642702300447837,-0.01387074480929995,0.23657967181817074,0.5361868193903958
2021-06-30,SMH,0.05765538037791762,-0.10324815087982486,-0.09406823168577405,0.19731839606204638,0.5550412255443797
2021-07-31,SMH,0.028045620842073293,-0.01163103881281935,0.044104325457261395,0.24005636361528593,0.5114100308477184
2021-08-31,SMH,0.03177307590947431,-0.06554534842708648,0.07948371115734942,0.22945044370216783,0.4742883193873768
2021-09-30,SMH,0.007622739059319872,-0.10252722721105201,0.14983260945457821,0.2123938214419725,0.4686900056484057
2021-10-31,SMH,-0.04967162849188467,-0.16028515143285027,0.07522745765731342,0.19487152001369246,0.46502594874902914
2021-11-30,SMH,-0.11011584328263324,-0.13462929039238103,0.11582112623508967,0.13620317041312457,0.2849821069520405
2021-12-31,SMH,-0.16090353125774248,-0.15172361206369167,0.13966301568412876,0.21426543376824947,0.342307714577076
2022-01-31,SMH,-0.03967665965489264,0.016058704615188102,0.21201074277321263,0.3174725207973149,0.37638353460551
2022-02-28,SMH,-0.0973184243365608,0.04771063524787511,0.19767736779269351,0.40240726523536585,0.34135015683319714
2022-03-31,SMH,-0.11014996627037188,0.14220987039525834,0.20477108238265262,0.46268877885731574,0.33665568914808
2022-04-30,SMH,-0.1106135229409656,0.12489908614919809,0.24454314850557712,0.5146862474479783,0.40455135054108493
2022-05-31,SMH,-0.024513447109747788,0.2259369695177229,0.24631901369575782,0.525544117089948,0.41462826796452656
2022-06-30,SMH,0.009179919194050812,0.30056654694187124,0.37516896502599195,0.6582893764242046,0.6101672362331616
2022-07-31,SMH,0.055735364270080745,0.2516874024281053,0.35714918045220756,0.5230410696605378,0.5523254626042726
2022-08-31,SMH,0.1450290595844359,0.2949957921292543,0.49972568957192665,0.5398336678144633,0.5914852378930899
2022-09-30,SMH,0.2523598366656302,0.3149210486530245,0.5728387451276876,0.5712172328594577,0.7240753461978767
2022-10-31,SMH,0.2355126090901637,0.3551566714465427,0.6252997703889439,0.6253111001818794,0.8732990917074043
2022-11-30,SMH,0.2504504166274707,0.2708324608055056,0.5500575641996958,0.41961139734442154,0.6938358002462222
2022-12-31,SMH,0.2913866277478204,0.36598904583194114,0.6491094572301538,0.49403132664076765,0.765191369717429
2023-01-31,SMH,0.19595203815802453,0.3014138161821268,0.467305705390457,0.3603248299903219,0.7574182273254898
2023-02-28,SMH,0.1499667325448184,0.35469662998749074,0.3948046082300274,0.293639521585322,0.7384293384340197
2023-03-31,SMH,0.06256121198739428,0.3204789084620574,0.31885739619382747,0.19444581875282163,0.6676346859592026
2023-04-30,SMH,0.11964406235637903,0.3897871612987802,0.3897984910917157,0.27965226439188684,0.9616295111173385
2023-05-31,SMH,0.020382044178034908,0.29960714757222506,0.16916098071695085,0.18869129844680366,0.8888340650418618
2023-06-30,SMH,0.07460241808412071,0.35772282948233336,0.20264469889294723,0.30960068929129037,0.8948188833057009
2023-07-31,SMH,0.10546177802410228,0.2713536672324325,0.16437279183229736,0.30063806017616734,0.8764130320231451
2023-08-31,SMH,0.20472989744267234,0.24483787568520898,0.14367278904050362,0.2964894457638356,0.8875548768766921
2023-09-30,SMH,0.2579176964746631,0.2562961842064332,0.13188460676542735,0.4091542975448522,0.9087219723726253
2023-10-31,SMH,0.2701430989424012,0.2701544287353367,0.1600082020355078,0.5181424202608615,0.9320560655698686
2023-11-30,SMH,0.27922510339419016,0.14877893653891594,0.16830925426876875,0.42300333944071655,0.8684520208638269
2023-12-31,SMH,0.28312041139821265,0.12804228080882651,0.23499827120716965,0.3992023238854878,0.8202164652215802
2024-01-31,SMH,0.1658918892083302,0.05891101380819508,0.19517628215206506,0.456004411143363,0.7709512539990429
2024-02-29,SMH,0.040107978242536646,-0.061057108402168714,0.09175954832116329,0.38373270844652896,0.6828249794340198
2024-03-31,SMH,-0.0016215122682299299,-0.12603308970923577,0.1512366010701891,0.3471557774971452,0.6508042758979622
2024-04-30,SMH,1.1329792935499405e-05,-0.11013489690689338,0.24799932131846036,0.5718423498185583,0.6619129666274675
2024-05-31,SMH,-0.13044616685527421,-0.1109158491254214,0.1437782360465264,0.5892269174696367,0.5892269174696367
2024-06-30,SMH,-0.15507813058938613,-0.048122140191042995,0.11608191248727517,0.5370960538233676,0.5370960538233676
2024-07-31,SMH,-0.10698087540013512,0.02928439294373486,0.2901125219350328,0.6050593647907127,0.6050593647907127
2024-08-31,SMH,-0.10116508664470536,0.05165157007862664,0.3436247302039923,0.6427170011914831,0.6427170011914831
2024-09-30,SMH,-0.12441157744100584,0.15285811333841903,0.34877728976537514,0.6524257881661921,0.6524257881661921
2024-10-31,SMH,-0.11014622669982888,0.24798799152552486,0.5718310200256228,0.661901636834532,0.661901636834532
2024-11-30,SMH,0.01953031772985281,0.2742244029018006,0.719673084324911,0.719673084324911,0.719673084324911
2024-12-31,SMH,0.10695599039834314,0.2711600430766613,0.6921741844127537,0.6921741844127537,
2025-01-31,SMH,0.13626526834386998,0.3970933973351679,0.7120402401908478,0.7120402401908478,
2025-02-28,SMH,0.152816656723332,0.44478981684869767,0.7438820878361885,0.7438820878361885,
2025-03-31,SMH,0.27726969077942487,0.473188867206381,0.776837365607198,0.776837365607198,
2025-04-30,SMH,0.35813421822535374,0.6819772467254517,0.7720478635343608,0.7720478635343608,
2025-05-31,SMH,0.2546940851719478,0.7001427665950581,0.7001427665950581,0.7001427665950581,
2025-06-30,SMH,0.16420405267831817,0.5852181940144106,0.5852181940144106,,
2025-07-31,SMH,0.2608281289912979,0.5757749718469778,0.5757749718469778,,
2025-08-31,SMH,0.29197316012536567,0.5910654311128565,0.5910654311128565,,
2025-09-30,SMH,0.1959191764269561,0.4995676748277731,,,
2025-10-31,SMH,0.32384302850009794,0.4139136453090071,,,
2025-11-30,SMH,0.44544868142311034,0.44544868142311034,,,
2025-12-31,SMH,0.4210141413360924,,,,
2026-01-31,SMH,0.31494684285567986,,,,
2026-02-28,SMH,0.2990922709874908,,,,
2026-03-31,SMH,,,,,
2026-04-30,SMH,,,,,
2026-05-31,SMH,,,,,
2003-08-31,SOXX,0.0018868113900745009,-0.0248360115513358,-0.034318020073262005,-0.0607267209370527,-0.0669405083676687
2003-09-30,SOXX,-0.004238502799749399,-0.029474369347600105,-0.04394450393701851,-0.06511486254280421,-0.06517349671272861
2003-10-31,SOXX,-0.0153065940998766,-0.036380050338935,-0.057967891280531,-0.06694357435559231,-0.0674406101797483
2003-11-30,SOXX,-0.025638965417682902,-0.0443342346955554,-0.0681710965072733,-0.06687755197901721,-0.07419639820479809
2003-12-31,SOXX,-0.0305248698689725,-0.04865159063222469,-0.07335048946087609,-0.0685200295315872,-0.08345225679388611
2004-01-31,SOXX,-0.031451074612141305,-0.0479426708285736,-0.07112868711773439,-0.068404642987667,-0.08503156632857892
2004-02-29,SOXX,-0.026722822941410304,-0.0362048314633365,-0.0626135323271272,-0.057217310686328404,-0.08814763355923723
2004-03-31,SOXX,-0.0252358665478507,-0.039706001137269104,-0.0608763597430548,-0.054726046030118304,-0.08575898751553492
2004-04-30,SOXX,-0.021073456239058402,-0.042661297180654395,-0.0516369802557157,-0.052188341554019906,-0.08481986516301011
2004-05-31,SOXX,-0.0186952692778725,-0.0425321310895904,-0.04123858656133429,-0.0437378862319576,-0.0837450952987728
2004-06-30,SOXX,-0.0181267207632522,-0.0428256195919036,-0.03799515966261471,-0.0433573575580048,-0.0886485869935264
2004-07-31,SOXX,-0.0164915962164323,-0.0396776125055931,-0.03695356837552571,-0.041250423738277905,-0.085806011889829
2004-08-31,SOXX,-0.0094820085219262,-0.035890709385716896,-0.030494487744918107,-0.04210449681633291,-0.08478928227806978
2004-09-30,SOXX,-0.014470134589418402,-0.0356404931952041,-0.029490179482267603,-0.03569912736512851,-0.08406640346228247
2004-10-31,SOXX,-0.021587840941596,-0.030563524016657295,-0.031114885314961503,-0.031060559840813302,-0.08504965294170468
2004-11-30,SOXX,-0.023836861811717902,-0.022543317283461796,-0.025042616954085106,-0.029862163509242704,-0.08364834378660489
2004-12-31,SOXX,-0.0246988988286514,-0.019868438899362503,-0.025230636794752605,-0.0348006661616614,-0.08870801190310759
2005-01-31,SOXX,-0.023186016289160803,-0.020461972159093397,-0.024758827521845602,-0.037088895500005305,-0.09255279268501469
2005-02-28,SOXX,-0.026408700863790702,-0.0210124792229919,-0.032622488294406705,-0.0519428020959007,-0.110273461360992
2005-03-31,SOXX,-0.021170358605785703,-0.0150200448928492,-0.021228992775710106,-0.046052986378265805,-0.11212657945196129
2005-04-30,SOXX,-0.0089756830750613,-0.0095270443733655,-0.0094727188992173,-0.042158567982355705,-0.11128363605557189
2005-05-31,SOXX,0.0012935445282561,-0.0012057551423671996,-0.0060253016975248,-0.0412129642091824,-0.11501233062481028
2005-06-30,SOXX,0.0048304599292889,-0.0005317379661012006,-0.01010176733301,-0.0458229674016228,-0.12108449585450588
2005-07-31,SOXX,0.0027240441300674,-0.0015728112326848002,-0.013902879210844502,-0.0461283993842359,-0.1262301444593807
2005-08-31,SOXX,0.0053962216407988,-0.0062137874306160005,-0.02553410123211,-0.04889857289235289,-0.140104088476055
2005-09-30,SOXX,0.006150313712936499,-5.863416992440019e-05,-0.0248826277724801,-0.04842591026707839,-0.1513555973847715
2005-10-31,SOXX,-0.0005513612983042006,-0.0004970358241560009,-0.0331828849072944,-0.05448612892504738,-0.1686919511842246
2005-11-30,SOXX,-0.0024992996706233,-0.0073188462257808996,-0.0425065087374385,-0.06110502650314309,-0.1831026587238786
2005-12-31,SOXX,-0.0053621978953901,-0.0149322272622989,-0.0506534273309117,-0.06883957300374509,-0.19498387653763868
2006-01-31,SOXX,-0.0042968553627522,-0.0166269233409119,-0.0488524435143033,-0.07209082052592129,-0.20466423199463468
2006-02-28,SOXX,-0.011610009071414799,-0.030930322872908804,-0.05429479453315168,-0.08926098213800009,-0.22214366844116068
2006-03-31,SOXX,-0.0062089478828609,-0.0310329414854166,-0.05457622398001489,-0.09710653455911208,-0.2331673044805434
2006-04-30,SOXX,5.432547414819925e-05,-0.0326315236089902,-0.053934767626743194,-0.10175659168220638,-0.23436380605924984
2006-05-31,SOXX,-0.0048195465551576,-0.0400072090668152,-0.05860572683251979,-0.11380657548244308,-0.24788066415707
2006-06-30,SOXX,-0.0095700293669088,-0.04529122943552161,-0.063477375108355,-0.1205527578884047,-0.25727321362396965
2006-07-31,SOXX,-0.0123300679781597,-0.04455558815155109,-0.06779396516316909,-0.1246573332266959,-0.271675709147756
2006-08-31,SOXX,-0.019320313801494002,-0.04268478546173689,-0.07765097306658529,-0.13389030104543898,-0.27179012934478103
2006-09-30,SOXX,-0.0248239936025557,-0.04836727609715399,-0.09089758667625118,-0.1512969632148471,-0.27274774137620295
2006-10-31,SOXX,-0.0326858490831384,-0.053989093100891394,-0.10181091715635458,-0.1681949153600686,-0.2703298146971252
2006-11-30,SOXX,-0.0351876625116576,-0.05378618027736219,-0.1089870289272855,-0.1757838124980977,-0.2571956504509545
2006-12-31,SOXX,-0.035721200068612805,-0.0539073457414462,-0.11098272852149589,-0.1800516492753398,-0.2389116638388135
2007-01-31,SOXX,-0.0322255201733914,-0.05546389718500939,-0.11232726524853619,-0.1880373086537228,-0.2222377786737316
2007-02-28,SOXX,-0.02336447166024289,-0.05833065926509129,-0.114569987243945,-0.19121334556825187,-0.20793718886274778
2007-03-31,SOXX,-0.023543282494598288,-0.06607359307369548,-0.1264729696122914,-0.2021343629951268,-0.1991839093933662
2007-04-30,SOXX,-0.02130324401775299,-0.0691250680732162,-0.13550906627693018,-0.2017322824502597,-0.18759602669927405
2007-05-31,SOXX,-0.01859851776570459,-0.0737993664156279,-0.1405961499864401,-0.2078734550902548,-0.17758105373881447
2007-06-30,SOXX,-0.018186145672833387,-0.07526152845288309,-0.144330449206727,-0.2119819841884481,-0.1659173316510012
2007-07-31,SOXX,-0.02323837701161799,-0.0801017450751448,-0.1558117884803314,-0.2271201209962049,-0.1621453987907339
2007-08-31,SOXX,-0.034966187604848396,-0.0912055155837021,-0.167848873908009,-0.2291053438830441,-0.15594226715701862
2007-09-30,SOXX,-0.0425303105790972,-0.10292968711769311,-0.17859108050052847,-0.2243804652790489,-0.15001954244084412
2007-10-31,SOXX,-0.0478218240554632,-0.1142058222591772,-0.18042903843250668,-0.2163407215962338,-0.14128438550133332
2007-11-30,SOXX,-0.055200848649923306,-0.12199763222073552,-0.1892749373245502,-0.20340947017359232,-0.1368383443381985
2007-12-31,SOXX,-0.0570753827800497,-0.1261443035338936,-0.19379583851561472,-0.18500431809736728,-0.1268623775149788
2008-01-31,SOXX,-0.0568633680635268,-0.13257341146871343,-0.2038817439845869,-0.16677388148872221,-0.11925916727374272
2008-02-29,SOXX,-0.0562393279788537,-0.1328826863031606,-0.1941391562781957,-0.1496065295976565,-0.10360099767556882
2008-03-31,SOXX,-0.060399376538595895,-0.1360607699214313,-0.1818501546999517,-0.1331103163196707,-0.09765892199261471
2008-04-30,SOXX,-0.066383998203714,-0.13260721437704354,-0.1685188975407706,-0.1184709586260579,-0.0976951593153138
2008-05-31,SOXX,-0.0667967835708122,-0.1340740886746269,-0.148208621523669,-0.1037816873231866,-0.094301679848351
2008-06-30,SOXX,-0.06906892075384391,-0.13672045573556502,-0.1279289353173176,-0.0906558031981181,-0.0909257707260653
2008-07-31,SOXX,-0.0757100434051866,-0.1470183759210601,-0.1099105134251954,-0.08204365371558911,-0.0936304215356178
2008-08-31,SOXX,-0.0766433583243069,-0.137899828299342,-0.0933672016188028,-0.0647367515733165,-0.0909462781318909
2008-09-30,SOXX,-0.07566139338283541,-0.1214507781613558,-0.0727109397810748,-0.047089855323151006,-0.086935004733576
2008-10-31,SOXX,-0.06622321617332949,-0.1021348993370566,-0.0520869604223439,-0.0270785632421561,-0.0791923220655791
2008-11-30,SOXX,-0.06727730510381469,-0.08141183795285681,-0.036984903752374405,-0.014840712117463,-0.0754403694734632
2008-12-31,SOXX,-0.0676515349817211,-0.0588600145634737,-0.021586882444274202,-0.0007180739810852019,-0.0721384645903806
2009-01-31,SOXX,-0.07130833251587351,-0.0342004700200088,-0.006333610310402502,0.013314244194970699,-0.0711467363355086
2009-02-28,SOXX,-0.0612564699750351,-0.016723843294495895,0.011906606750990398,0.029281688627591798,-0.05687489346639059
2009-03-31,SOXX,-0.0457893847785204,0.002950453601760595,0.028571538059684397,0.038401847928816596,-0.04572954798246859
2009-04-30,SOXX,-0.0359116831637271,0.014136255750985602,0.039144652931173404,0.034912055061729695,-0.04205944962411159
2009-05-31,SOXX,-0.014134532849042102,0.030292401351440294,0.0524365929863517,0.039772408826275904,-0.034559240466315304
2009-06-30,SOXX,0.008791520418247399,0.046064652537446904,0.0669334610006359,0.045794685009499694,-0.030554803126190307
2009-07-31,SOXX,0.0371078624958647,0.064974722205471,0.08462257671084418,0.0533879543854423,-0.019312905901886904
2009-08-31,SOXX,0.04453262668053919,0.07316307672602551,0.09053815860262689,0.04695355016745109,-0.024395846277515204
2009-09-30,SOXX,0.048739838380281,0.07436092283820481,0.084191232707337,0.034515773427779804,-0.022994746164197704
2009-10-31,SOXX,0.0500479389147127,0.0750563360949005,0.0708237382254568,0.022942577271477492,-0.0266402709983806
2009-11-30,SOXX,0.044426934200482396,0.06657112583539379,0.053906941675318,0.005971468479393598,-0.0339182246381566
2009-12-31,SOXX,0.0372731321191995,0.05814194058238851,0.037003164591252295,-0.013278450026906904,-0.04556366715436429
2010-01-31,SOXX,0.0278668597096063,0.0475147142149795,0.016280091889577606,-0.0369462663154998,-0.05413480883968509
2010-02-28,SOXX,0.0286304500454863,0.0460055319220877,0.0024209234869119016,-0.0401510501718947,-0.056915604548734795
2010-03-31,SOXX,0.0256210844579238,0.035451394327056,-0.0142240649525012,-0.04868000158422919,-0.0596746589504969
2010-04-30,SOXX,0.0250083971801878,0.0207757993107441,-0.0271053616432352,-0.0561957053750972,-0.06063595596087761
2010-05-31,SOXX,0.0221441916349114,0.009480007474835597,-0.0384554657210888,-0.0648516418177556,-0.0595238476007736
2010-06-30,SOXX,0.020868808463188997,-0.000269967527947201,-0.050551582146106395,-0.0766194556636372,-0.0568023478240377
2010-07-31,SOXX,0.0196478545053732,-0.0115867678200287,-0.0648131260251061,-0.0842876281073579,-0.05191284146068379
2010-08-31,SOXX,0.0173750818766014,-0.0262095265585744,-0.068781500217381,-0.09755892300354069,-0.04992624330231989
2010-09-30,SOXX,0.009830309869132199,-0.039845149410424996,-0.074301086042153,-0.09735566900240249,-0.05158682082560168
2010-10-31,SOXX,-0.0042325978694437,-0.05211375882342299,-0.08120410255528501,-0.1016966070932811,-0.058418359483331704
2010-11-30,SOXX,-0.0126641841600758,-0.0605996573560002,-0.086995833452667,-0.1004893504735504,-0.0615013737204188
2010-12-31,SOXX,-0.0211387759911362,-0.0714203906092954,-0.09748826412682621,-0.10370560773675279,-0.06680291174245849
2011-01-31,SOXX,-0.0312346223254019,-0.0844609805304793,-0.1039354826127311,-0.1016495230546646,-0.0702109597205771
2011-02-28,SOXX,-0.0435846084351758,-0.0861565820939824,-0.11493400488014209,-0.10292113647082249,-0.0778839695263256
2011-03-31,SOXX,-0.0496754592795572,-0.08413139591128521,-0.10718597887153468,-0.0951260532775529,-0.07687159440207351
2011-04-30,SOXX,-0.047881160953979304,-0.0769715046858413,-0.09746400922383738,-0.0814117552716217,-0.0679987552901817
2011-05-31,SOXX,-0.047935473195924394,-0.07433164929259121,-0.0878251663134746,-0.06900385507560919,-0.05930376579318229
2011-06-30,SOXX,-0.0502816146181592,-0.07634948813569,-0.0825668317456166,-0.05653238029609049,-0.0511750692175418
2011-07-31,SOXX,-0.053226358205077394,-0.07270086028732921,-0.0704149007292627,-0.0403260736406551,-0.03975967394604889
2011-08-31,SOXX,-0.04257197365880659,-0.0713493964449663,-0.0593365280356467,-0.0237167167437455,-0.029161558301939488
2011-09-30,SOXX,-0.034455936631727996,-0.057510519591977505,-0.0454505939979957,-0.0117416714151767,-0.016795215257732497
2011-10-31,SOXX,-0.029090343731862,-0.04958284826985809,-0.033530594317642395,-0.006304600659908698,-0.005135673955355101
2011-11-30,SOXX,-0.0263961760966668,-0.03988969311755019,-0.0210683818796848,-0.0009017163644185989,0.007541080681616003
2011-12-31,SOXX,-0.026067873517530798,-0.0322852171274574,-0.006250765677931296,0.0046174788668369,0.0201923199183393
2012-01-31,SOXX,-0.0194745020822518,-0.0171885425241853,0.012900284564422302,0.014250020809902198,0.0318164689501637
2012-02-29,SOXX,-0.0287774227861597,-0.0167645543768401,0.018855256915061104,0.0082726125676568,0.0296331834847802
2012-03-31,SOXX,-0.023054582960249502,-0.010994657366267698,0.022714265216551302,0.0072598015092116995,0.0317336686572732
2012-04-30,SOXX,-0.0204925045379961,-0.004440250585780403,0.0227857430719533,0.0089727493956596,0.033610977789280794
2012-05-31,SOXX,-0.0134935170208834,0.005327794216982,0.025494459732248204,0.0150278834994089,0.038456647713609696
2012-06-30,SOXX,-0.006217343609926602,0.0198171078395995,0.030685352384367703,0.0251744189181482,0.046260193435870095
2012-07-31,SOXX,0.0022859595580665003,0.0323747866466741,0.033724522892153996,0.0329411863412803,0.05129097103241549
2012-08-31,SOXX,0.012012868409319599,0.04763267970122081,0.037050035353816506,0.042187838143026804,0.0584106062709399
2012-09-30,SOXX,0.0120599255939818,0.045768848176800804,0.030314384469461202,0.040715304334245,0.054788251617522696
2012-10-31,SOXX,0.0160522539522157,0.0432782476099494,0.0294652539336557,0.044447174314503,0.054103482327276894
2012-11-30,SOXX,0.0188213112378654,0.0389879767531316,0.0285214005202923,0.0474307737991662,0.0519501647344931
2012-12-31,SOXX,0.0260344514495261,0.0369026959942943,0.0313917625280748,0.0524775370457967,0.0524775370457967
2013-01-31,SOXX,0.030088827088607602,0.031438563334087496,0.0306552267832138,0.04900501147434899,0.04900501147434899
2013-02-28,SOXX,0.0356198112919012,0.025037166944496897,0.030174969733707202,0.0463977378616203,0.0463977378616203
2013-03-31,SOXX,0.033708922582819004,0.018254458875479402,0.028655378740263204,0.0427283260235409,0.0427283260235409
2013-04-30,SOXX,0.027225993657733698,0.013412999981439997,0.0283949203622873,0.0380512283750612,0.0380512283750612
2013-05-31,SOXX,0.020166665515266198,0.0097000892824269,0.0286094625613008,0.0331288534966277,0.0331288534966277
2013-06-30,SOXX,0.010868244544768198,0.005357311078548698,0.026443085596270597,0.026443085596270597,0.026443085596270597
2013-07-31,SOXX,0.0013497362454798988,0.0005663996946061989,0.0189161843857414,0.0189161843857414,
2013-08-31,SOXX,-0.0105826443474043,-0.005444841558194004,0.010777926569719098,0.010777926569719098,
2013-09-30,SOXX,-0.0154544637073396,-0.0050535438425558,0.009019403440721899,0.009019403440721899,
2013-10-31,SOXX,-0.013812993676293699,0.0011689267045536002,0.010825234717327499,0.010825234717327499,
2013-11-30,SOXX,-0.010466576232839298,0.0084427970460346,0.012962187981361499,0.012962187981361499,
2013-12-31,SOXX,-0.005510933466219499,0.015574841051502399,0.015574841051502399,0.015574841051502399,
2014-01-31,SOXX,-0.0007833365508737003,0.0175664481402615,0.0175664481402615,,
2014-02-28,SOXX,0.0051378027892103,0.021360570917123397,0.021360570917123397,,
2014-03-31,SOXX,0.0104009198647838,0.0244738671480615,0.0244738671480615,,
2014-04-30,SOXX,0.0149819203808473,0.024638228393621196,,,
2014-05-31,SOXX,0.0189093732788739,0.0234287642142008,,,
2014-06-30,SOXX,0.021085774517721898,0.021085774517721898,,,
2014-07-31,SOXX,0.0183497846911352,,,,
2014-08-31,SOXX,0.0162227681279131,,,,
2014-09-30,SOXX,0.014072947283277699,,,,
2014-10-31,SOXX,,,,,
2014-11-30,SOXX,,,,,
2014-12-31,SOXX,,,,,
2019-10-31,WCLD,0.20942110693425475,0.5099298938922973,0.47010583349314394,0.5781652678727713,-0.0549841438170785
2019-11-30,WCLD,0.33769808743296525,0.49735239287401234,0.3609791439457687,0.4160049528598826,-0.2492754411310003
2019-12-31,WCLD,0.4903048858048128,0.6190317321261182,0.5302433689586447,0.35535387809999364,-0.14892830686072955
2020-01-31,WCLD,0.41036892764539445,0.537939984793559,0.4387316365806774,0.17511140199990882,-0.16161028754721973
2020-02-29,WCLD,0.35240416524180207,0.4416597379165619,0.41353959640643734,0.08706922642653891,-0.20510571202075512
2020-03-31,WCLD,0.3421577969708174,0.298972802635189,0.40220560592989363,0.020841744804537488,-0.199280881348867
2020-04-30,WCLD,0.3005087869580425,0.2606847265588892,0.3687441609385166,-0.1007068902373609,-0.36879804007685624
2020-05-31,WCLD,0.15965430544104708,0.023281056512803433,0.07830686542691734,-0.4194492681938673,-0.42726489000437984
2020-06-30,WCLD,0.12872684632130538,0.03993848315383186,-0.13495100770481916,-0.49871058893748677,-0.5393881800139813
2020-07-31,WCLD,0.12757105714816452,0.02836270893528292,-0.23525752564548563,-0.5538984661023052,-0.49805819208999913
2020-08-31,WCLD,0.08925557267475981,0.06113543116463527,-0.26533493881526315,-0.5082182496698392,-0.5561421718488689
2020-09-30,WCLD,-0.04318499433562839,0.06004780895907624,-0.3213160521662799,-0.5079185960488295,-0.5733788612938663
2020-10-31,WCLD,-0.039824060399153316,0.06823537398047408,-0.4012156771954034,-0.5649140377093758,-0.6380687706930331
2020-11-30,WCLD,-0.13637324892824365,-0.08134744001412975,-0.5791035736349144,-0.7466278340050126,-0.6390326972519697
2020-12-31,WCLD,-0.08878836316747352,-0.26367785402612454,-0.6274374352587921,-0.7679600389868477,-0.6259673462343579
2021-01-31,WCLD,-0.0992083482128816,-0.36282858279365016,-0.6814695232504697,-0.6995502723407787,-0.6649845150343737
2021-02-28,WCLD,-0.02812014151012454,-0.35459051149002296,-0.597473822344599,-0.646765449937317,-0.6448614944770739
2021-03-31,WCLD,0.10323280329470463,-0.2781310578306515,-0.4647336017132011,-0.498253683984056,-0.5647789813204279
2021-04-30,WCLD,0.1080594343796274,-0.3613916167962501,-0.5250899773102224,-0.6294827666357454,-0.6167258441383683
2021-05-31,WCLD,0.055025808914113905,-0.44273032470667073,-0.610254585076769,-0.45054594651718327,-0.6760280913361172
2021-06-30,WCLD,-0.17488949085865102,-0.5386490720913186,-0.6791716758193742,-0.5793266631678131,-0.7788305816364132
2021-07-31,WCLD,-0.26362023458076855,-0.5822611750375881,-0.6003419241278971,-0.526420901025282,-0.7924256596128483
2021-08-31,WCLD,-0.3264703699798984,-0.5693536808344745,-0.6186453084271925,-0.6172776030135042,-0.8433486841521285
2021-09-30,WCLD,-0.38136386112535614,-0.5679664050079057,-0.6014864872787606,-0.6334266702529425,-0.8500979488083199
2021-10-31,WCLD,-0.4694510511758775,-0.6331494116898498,-0.7375422010153728,-0.7063041446735072,-0.8182519946117873
2021-11-30,WCLD,-0.49775613362078464,-0.6652803939908829,-0.5055717554312972,-0.5576852572378399,-0.5974710437209377
2021-12-31,WCLD,-0.3637595812326676,-0.5042821849607232,-0.4044371723091621,-0.36228949220823337,-0.4972930175147612
2022-01-31,WCLD,-0.31864094045681957,-0.33672168954712856,-0.2628006664445135,-0.30215593224072357,-0.3558555394639863
2022-02-28,WCLD,-0.24288331085457604,-0.29217493844729403,-0.2908072330336058,-0.2902709829870509,-0.41118569258908133
2022-03-31,WCLD,-0.1866025438825496,-0.2201226261534045,-0.2520628091275864,-0.2866479234897764,-0.4061248934697208
2022-04-30,WCLD,-0.16369836051397235,-0.26809114983949534,-0.23685309349762973,-0.2553342273421182,-0.3088532886577934
2022-05-31,WCLD,-0.16752426037009827,-0.00781562181051254,-0.05992912361705527,-0.23329776662944646,-0.16391009709646898
2022-06-30,WCLD,-0.14052260372805558,-0.04067759107649449,0.0014700890244342402,-0.24018150954509454,-0.2165387002116751
2022-07-31,WCLD,-0.01808074909030899,0.05584027401230607,0.016485008216095998,-0.21016448457526016,-0.2290639585756441
2022-08-31,WCLD,-0.04929162759271799,-0.04792392217902974,-0.047387672132474856,-0.27399500331765403,-0.2730809531919953
2022-09-30,WCLD,-0.0335200822708549,-0.06546026524503679,-0.10004537960722681,-0.28213154380041416,-0.31923302251680885
2022-10-31,WCLD,-0.10439278932552298,-0.07315473298365738,-0.09163586682814584,-0.1851025829219375,-0.27590464193787223
2022-11-30,WCLD,0.15970863855958572,0.107595136753043,-0.06577350625934819,0.06780935026994517,-0.20548842660140054
2022-12-31,WCLD,0.0998450126515611,0.14199269275248982,-0.09965890581703896,0.006989167445962008,-0.21061220452266682
2023-01-31,WCLD,0.07392102310261506,0.03456575730640499,-0.19208373548495117,-0.019133849916857737,-0.4457042452598946
2023-02-28,WCLD,0.0013677054136882472,0.0019039554602431341,-0.22470337572493604,-0.1190107541417873,-0.5450217806733237
2023-03-31,WCLD,-0.031940182974181885,-0.06652529733637191,-0.24861146152955926,-0.1860022673163163,-0.5042265644005729
2023-04-30,WCLD,0.031238056341865605,0.012756922497377143,-0.0807097935964145,-0.040762138818298044,-0.49713041194918683
2023-05-31,WCLD,-0.05211350180654273,-0.22548214481893392,-0.09189928828964056,-0.15609447528595644,-0.5694857770569777
2023-06-30,WCLD,0.04214768010092873,-0.19950391846860005,-0.09285584520559909,-0.1758611091351806,-0.5493358130438695
2023-07-31,WCLD,-0.03935526579621007,-0.2660047585875662,-0.0930548730194728,-0.28490423258795017,-0.60077903032591
2023-08-31,WCLD,0.000536250046554887,-0.22607108113862429,-0.12037845955547555,-0.22515703101296558,-0.5422266280532605
2023-09-30,WCLD,-0.03458511436219003,-0.21667127855537738,-0.15406208434213442,-0.25377275727177206,-0.5215583808211076
2023-10-31,WCLD,-0.018481133844488462,-0.11194784993828011,-0.07200019516016365,-0.20274990895421485,-0.46151723248664933
2023-11-30,WCLD,-0.1733686430123912,-0.03978578648309783,-0.10398097347941371,-0.31308356335444354,-0.5173722752504349
2023-12-31,WCLD,-0.24165159856952878,-0.13500352530652782,-0.21800878923610933,-0.35260489727515665,-0.5914834931447982
2024-01-31,WCLD,-0.22664949279135616,-0.053699607223262724,-0.2455489667917401,-0.4802700025662996,-0.5614237645296999
2024-02-29,WCLD,-0.22660733118517917,-0.12091470960203043,-0.22569328105952047,-0.5469257361335669,-0.5427628780998154
2024-03-31,WCLD,-0.18208616419318735,-0.11947696997994439,-0.21918764290958204,-0.437701267064201,-0.4869732664589176
2024-04-30,WCLD,-0.09346671609379165,-0.05351906131567519,-0.1842687751097264,-0.509887334446564,-0.44303609864216087
2024-05-31,WCLD,0.13358285652929336,0.06938766953297748,-0.13971492034205235,-0.34400363223804376,-0.34400363223804376
2024-06-30,WCLD,0.10664807326300096,0.023642809333419446,-0.11095329870562787,-0.3498318945752694,-0.3498318945752694
2024-07-31,WCLD,0.17294988556809343,-0.018899474000383942,-0.25362050977494344,-0.33477427173834373,-0.33477427173834373
2024-08-31,WCLD,0.10569262158314874,0.0009140501256587052,-0.3203184049483877,-0.3161555469146362,-0.3161555469146362
2024-09-30,WCLD,0.06260919421324296,-0.03710147871639469,-0.25561510287101363,-0.30488710226573024,-0.30488710226573024
2024-10-31,WCLD,0.03994765477811646,-0.09080205901593474,-0.41642061835277233,-0.3495693825483692,-0.3495693825483692
2024-11-30,WCLD,-0.06419518699631588,-0.2732977768713457,-0.4775864887673371,-0.4775864887673371,-0.4775864887673371
2024-12-31,WCLD,-0.08300526392958152,-0.21760137196862883,-0.4564799678382704,-0.4564799678382704,
2025-01-31,WCLD,-0.19184935956847737,-0.42657039534303687,-0.5077241573064372,-0.5077241573064372,
2025-02-28,WCLD,-0.10477857145749003,-0.42601102653153644,-0.42184816849778495,-0.42184816849778495,
2025-03-31,WCLD,-0.09971067292963764,-0.3182242970842566,-0.3674962964789732,-0.3674962964789732,
2025-04-30,WCLD,-0.1307497137940512,-0.4563682731308888,-0.3895170373264857,-0.3895170373264857,
2025-05-31,WCLD,-0.20910258987502983,-0.41339130177102124,-0.41339130177102124,-0.41339130177102124,
2025-06-30,WCLD,-0.1345961080390473,-0.37347470390868887,-0.37347470390868887,,
2025-07-31,WCLD,-0.2347210357745595,-0.3158747977379598,-0.3158747977379598,,
2025-08-31,WCLD,-0.3212324550740464,-0.3170695970402949,-0.3170695970402949,,
2025-09-30,WCLD,-0.21851362415461895,-0.26778562354933555,,,
2025-10-31,WCLD,-0.3256185593368376,-0.2587673235324345,,,
2025-11-30,WCLD,-0.2042887118959914,-0.2042887118959914,,,
2025-12-31,WCLD,-0.23887859586964155,,,,
2026-01-31,WCLD,-0.0811537619634003,,,,
2026-02-28,WCLD,0.004162858033751493,,,,
2026-03-31,WCLD,,,,,
2026-04-30,WCLD,,,,,
2026-05-31,WCLD,,,,,
2002-02-28,XBI,-0.0184099213632033,-0.035218985628752794,0.053211273025202004,0.1629360133975902,0.40495765429578817
2002-03-31,XBI,-0.022181431306131698,-0.03054003390527719,0.0699068333509173,0.18774004288114568,0.4182619398339082
2002-04-30,XBI,-0.0205025417846399,-0.0159156157867475,0.0913522877296507,0.21611546879185087,0.4420090042755756
2002-05-31,XBI,-0.0316225443900914,-0.009087148415896895,0.10051914934324861,0.23377390700282896,0.46199478259868026
2002-06-30,XBI,-0.031065402514875,0.016072106304526004,0.12308676910460091,0.2626245513482032,0.4946326284522843
2002-07-31,XBI,-0.0222136825888293,0.052251274683496704,0.1605952046204501,0.301509093145598,0.537487315855488
2002-08-31,XBI,-0.0168090642655495,0.07162119438840531,0.18134593476079347,0.3187106161028805,0.5602231005964885
2002-09-30,XBI,-0.0083586025991455,0.09208826465704899,0.2099214741872774,0.33983907147297787,0.5872352724232691
2002-10-31,XBI,0.004586925997892397,0.1118548295142906,0.23661801057649082,0.3600268043231756,0.6139123264671177
2002-11-30,XBI,0.022535395974194503,0.13214169373334,0.2653964513929204,0.3766708792518049,0.64013282156032
2002-12-31,XBI,0.047137508819401,0.1541521716194759,0.2936899538630782,0.402743925570591,0.6692607014847483
2003-01-31,XBI,0.07446495727232601,0.1828088872092794,0.3237227757344273,0.4319049507665204,0.6971004715526907
2003-02-28,XBI,0.08843025865395479,0.19815499902634298,0.33551968036843,0.44017663992454104,0.6912442527880452
2003-03-31,XBI,0.10044686725619449,0.21828007678642292,0.34819767407212343,0.4488019737391854,0.6850727853961835
2003-04-30,XBI,0.1072679035163982,0.2320310845785984,0.3554398783252832,0.45792462006232315,0.6741187334665708
2003-05-31,XBI,0.10960629775914552,0.24286105541872588,0.35413548327761046,0.47108193101457724,0.6593034738671855
2003-06-30,XBI,0.1070146628000749,0.24655244504367718,0.35560641675119,0.4785605221477583,0.6410003395148356
2003-07-31,XBI,0.10834392993695341,0.2492578184621013,0.3574399934941944,0.48523604117199126,0.6226355142803647
2003-08-31,XBI,0.1097247403723882,0.2470894217144752,0.3517463812705862,0.4886019062080832,0.6028139941340904
2003-09-30,XBI,0.1178332095302284,0.24775080681592887,0.34835510648299095,0.4951470077662202,0.5846259181399891
2003-10-31,XBI,0.1247631810622002,0.24817197480888498,0.3506567165459249,0.5020574969528271,0.5668508299501726
2003-11-30,XBI,0.1332547576595804,0.2445291855184649,0.36147563325543164,0.50799112782698,0.5496971761080399
2003-12-31,XBI,0.13953778224360228,0.2485917539511151,0.37154585934768336,0.5151085298652723,0.5339856767147607
2004-01-31,XBI,0.1409138885251479,0.249096063557241,0.3768921112350379,0.5142915843434115,0.5142915843434115
2004-02-29,XBI,0.137364681342087,0.242021640898198,0.378877165835695,0.4930892537617023,0.4930892537617023
2004-03-31,XBI,0.12991759728570051,0.2305218969527625,0.3773137982359918,0.46679270860976074,0.46679270860976074
2004-04-30,XBI,0.1234087937466848,0.22589353548372468,0.37729431589062695,0.4420876488879725,0.4420876488879725
2004-05-31,XBI,0.1112744278588845,0.2282208755958513,0.37473637016739964,0.41644241844845964,0.41644241844845964
2004-06-30,XBI,0.10905397170751281,0.23200807710408108,0.37557074762167014,0.3944478944711585,0.3944478944711585
2004-07-31,XBI,0.10818217503209311,0.23597822270989002,0.37337769581826347,0.37337769581826347,0.37337769581826347
2004-08-31,XBI,0.10465695955611101,0.24151248449360802,0.3557245724196153,0.3557245724196153,
2004-09-30,XBI,0.10060429966706201,0.2473962009502913,0.33687511132406023,0.33687511132406023,
2004-10-31,XBI,0.1024847417370399,0.2538855221439421,0.31867885514128763,0.31867885514128763,
2004-11-30,XBI,0.1169464477369668,0.2634619423085151,0.3051679905895751,0.3051679905895751,
2004-12-31,XBI,0.1229541053965683,0.2665167759141573,0.28539392276364567,0.28539392276364567,
2005-01-31,XBI,0.1277960476777969,0.26519552078617037,0.26519552078617037,0.26519552078617037,
2005-02-28,XBI,0.136855524937497,0.25106761286350426,0.25106761286350426,,
2005-03-31,XBI,0.14679190128322928,0.2362708116569982,0.2362708116569982,,
2005-04-30,XBI,0.1514007804069022,0.21619411340424768,0.21619411340424768,,
2005-05-31,XBI,0.14651549457154828,0.18822154285260828,,,
2005-06-30,XBI,0.143562670517589,0.1624398173670774,,,
2005-07-31,XBI,0.1373994731083735,0.1373994731083735,,,
2005-08-31,XBI,0.11421208792600729,,,,
2005-09-30,XBI,0.0894789103737689,,,,
2005-10-31,XBI,0.06479333299734549,,,,
2005-11-30,XBI,,,,,
2005-12-31,XBI,,,,,
2006-01-31,XBI,,,,,
2008-03-31,XBI,0.041615158040621,0.2250697446393854,0.35698289173146464,0.4351748136730763,0.4085473197721171
2008-04-30,XBI,0.0673666400535066,0.2586831079167733,0.3709058589905974,0.453569413765289,0.4009680905830571
2008-05-31,XBI,0.0889652770518727,0.2782620535743833,0.3811475570139047,0.4677045173559893,0.3996965866592903
2008-06-30,XBI,0.1121831515784105,0.29644401710003854,0.39412070559570045,0.4767935362565347,0.4053666510927712
2008-07-31,XBI,0.15017694457513547,0.3194485163965719,0.4087512741688247,0.4833914105346082,0.4092986756315139
2008-08-31,XBI,0.1657798929627162,0.32447490742307944,0.4006771841329544,0.4590384194586063,0.3909585541051047
2008-09-30,XBI,0.1834545865987644,0.3153677336908436,0.39355965563245526,0.4362466335913774,0.3737640996599411
2008-10-31,XBI,0.1913164678632667,0.3035392189370908,0.3862027737117824,0.4095821245251894,0.3591103483580662
2008-11-30,XBI,0.1892967765225106,0.29218227996203194,0.37873924030411665,0.3798753377116043,0.3418271664984831
2008-12-31,XBI,0.1842608655216281,0.28193755401729004,0.3646103846781242,0.3465462170526066,0.32151675065068613
2009-01-31,XBI,0.1692715718214364,0.2585743295936892,0.3332144659594726,0.29272034132594116,0.2864715319266031
2009-02-28,XBI,0.1586950144603633,0.2348972911702382,0.29325852649589007,0.2373594470367093,0.25146667223063546
2009-03-31,XBI,0.1319131470920793,0.2101050690336909,0.25279204699261304,0.1834775751327317,0.2124287607096455
2009-04-30,XBI,0.1122227510738242,0.19488630584851568,0.21826565666192269,0.1422849826662838,0.18308448043063283
2009-05-31,XBI,0.10288550343952141,0.189442463781606,0.1905785611890937,0.12143453308490701,0.16923255154935307
2009-06-30,XBI,0.09767668849566191,0.1803495191564961,0.16228535153097848,0.10892263399273261,0.1633759251435232
2009-07-31,XBI,0.08930275777225281,0.1639428941380363,0.12344876950450479,0.089850159234942,0.1583746362842029
2009-08-31,XBI,0.07620227670987491,0.13456351203552677,0.078664432576346,0.0664836466820252,0.1488626361094831
2009-09-30,XBI,0.0781919219416116,0.1208788999005337,0.0515644280406524,0.0583963659690974,0.14889806552481938
2009-10-31,XBI,0.0826635547746915,0.1060429055880985,0.03006223159245959,0.05557112942097529,0.1516212896517408
2009-11-30,XBI,0.0865569603420846,0.0876930577495723,0.0185490296453856,0.04964488653645109,0.14891612979977206
2009-12-31,XBI,0.08267283066083421,0.06460866303531661,0.0112459454970707,0.039579196633396097,0.14744430855153087
2010-01-31,XBI,0.07464013636578351,0.034146011732252006,0.0005474014626891985,0.0278972023329138,0.14601548749346688
2010-02-28,XBI,0.058361235325651906,0.0024621558664711073,-0.009718630027849702,0.0165693810603973,0.1450435838519954
2010-03-31,XBI,0.0426869779589221,-0.026627493900959205,-0.0197955559725142,0.002323691675954599,0.1438525695916515
2010-04-30,XBI,0.023379350813407,-0.0526013231822319,-0.027092425353716202,-0.011801825417882904,0.1422880599915409
2010-05-31,XBI,0.0011360974074877007,-0.068007930696699,-0.03691207380563351,-0.0202099122322529,0.1430173983747568
2010-06-30,XBI,-0.018064167625517602,-0.07142688516376348,-0.0430936340274381,-0.016973594012972902,0.1506822193478449
2010-07-31,XBI,-0.0404941246335315,-0.0740927349030943,-0.0467429340328697,-0.0055682578538334,0.15326627511990681
2010-08-31,XBI,-0.05589907945918081,-0.06807986535350159,-0.0417918542652546,0.0142991240739563,0.1642196170233912
2010-09-30,XBI,-0.0693144718598813,-0.062482533931436296,-0.0403632862829675,0.0280191656242857,0.1744203251701978
2010-10-31,XBI,-0.07598067399563889,-0.0504717761671232,-0.035181176231289905,0.045578384063642306,0.18398345113186437
2010-11-30,XBI,-0.0691440281041867,-0.03804817121312119,-0.021346009639740603,0.061223072050199806,0.19588330795265368
2010-12-31,XBI,-0.0533627175382459,-0.025029466401920504,0.0010905736125446965,0.0828356455162143,0.21105634689697542
2011-01-31,XBI,-0.033598610269562804,-0.006248809399338201,0.0349258667796981,0.1118694757612149,0.2296373625892018
2011-02-28,XBI,-0.0121807858943208,0.014107225193926199,0.0701982035331371,0.1425814279855243,0.2539215444316331
2011-03-31,XBI,0.006831937928444999,0.028951185576913806,0.097333637484167,0.1704800634926107,0.27624976022407777
2011-04-30,XBI,0.0255088978285157,0.040799497764349005,0.12155905805928119,0.1948893831737728,0.2967691975449518
2011-05-31,XBI,0.031095856891065497,0.0477980184644461,0.1303671001543865,0.21102532907145577,0.31036025892234265
2011-06-30,XBI,0.0283332511363254,0.05445329115079059,0.13619836305446018,0.22210910451160842,0.30712483082052855
2011-07-31,XBI,0.0273498008702246,0.0685244770492609,0.14546808603077768,0.22735901002300107,0.3081402272454574
2011-08-31,XBI,0.026288011088247,0.0823789894274579,0.1547622138798451,0.2322994823768928,0.3075676342138612
2011-09-30,XBI,0.0221192476484688,0.090501699555722,0.16364812556416566,0.23690285910163408,0.3057453238262281
2011-10-31,XBI,0.0152905999358333,0.0960501602307655,0.1693804853452571,0.2344552272989876,0.2996247431595554
2011-11-30,XBI,0.0167021615733806,0.099271243263321,0.17992947218039032,0.2339314791657749,0.30313404570254415
2011-12-31,XBI,0.026120040014465197,0.1078651119181348,0.19377585337528302,0.2360858132988959,0.30409719111745054
2012-01-31,XBI,0.0411746761790363,0.11811828516055309,0.2000092091527765,0.23588617198854,0.30172894135986883
2012-02-29,XBI,0.05609097833921091,0.1284742027915981,0.20601147128864578,0.2398143192377069,0.2985140923878275
2012-03-31,XBI,0.0683824519072532,0.14152887791569688,0.2147836114531653,0.247298574647164,0.2972232898697924
2012-04-30,XBI,0.0807595602949322,0.1540898854094238,0.21916462736315429,0.2559696997806028,0.29484139486734295
2012-05-31,XBI,0.0825690816899404,0.16322731060700973,0.21722931759239433,0.2625622404578965,0.28988536067578735
2012-06-30,XBI,0.0817450719036696,0.1676558133608178,0.2099657732844307,0.2526715396697379,0.2779771511029853
2012-07-31,XBI,0.07694360898151681,0.1588345329737402,0.1947114958095037,0.2396157501961965,0.2605542651808325
2012-08-31,XBI,0.0723832244523872,0.14992049294943488,0.183723340898496,0.22518864478640332,0.2424231140486166
2012-09-30,XBI,0.0731464260084437,0.14640115954591207,0.1789161227399108,0.21524362427050608,0.22884083796253918
2012-10-31,XBI,0.0733303251144916,0.1384050670682221,0.1752101394856706,0.2035745829287899,0.2140818345724108
2012-11-30,XBI,0.0806582289170693,0.1346602359024539,0.1799931587679561,0.2038628024392231,0.20731627898584692
2012-12-31,XBI,0.08591074145714821,0.1282207013807611,0.17092646776606832,0.1962320791993157,0.1962320791993157
2013-01-31,XBI,0.0818909239922234,0.11776788682798692,0.16267214121467974,0.1836106561993157,0.1836106561993157
2013-02-28,XBI,0.0775372684970477,0.1113401164461088,0.15280542033401612,0.1700398895962294,0.1700398895962294
2013-03-31,XBI,0.0732547335374684,0.1057696967314671,0.14209719826206238,0.15569441195409547,0.15569441195409547
2013-04-30,XBI,0.0650747419537305,0.101879814371179,0.1302442578142983,0.1407515094579192,0.1407515094579192
2013-05-31,XBI,0.054002006985384605,0.0993349298508868,0.12320457352215382,0.12665805006877762,0.12665805006877762
2013-06-30,XBI,0.0423099599236129,0.0850157263089201,0.1103213377421675,0.1103213377421675,0.1103213377421675
2013-07-31,XBI,0.0358769628357635,0.0807812172224563,0.1017197322070923,0.1017197322070923,
2013-08-31,XBI,0.033802847949061104,0.0752681518369684,0.0925026210991817,0.0925026210991817,
2013-09-30,XBI,0.0325149631939987,0.068842464724594,0.08243967841662711,0.08243967841662711,
2013-10-31,XBI,0.0368050724174485,0.0651695158605678,0.0756767675041887,0.0756767675041887,
2013-11-30,XBI,0.0453329228655022,0.0692025665367692,0.072656043083393,0.072656043083393,
2013-12-31,XBI,0.0427057663853072,0.0680113778185546,0.0680113778185546,0.0680113778185546,
2014-01-31,XBI,0.0449042543866928,0.06584276937132881,0.06584276937132881,,
2014-02-28,XBI,0.0414653038879073,0.0586997731501206,0.0586997731501206,,
2014-03-31,XBI,0.0363275015305953,0.049924715222628396,0.049924715222628396,,
2014-04-30,XBI,0.0283644434431193,0.0388716950867402,,,
2014-05-31,XBI,0.023869643671267,0.0273231202178908,,,
2014-06-30,XBI,0.0253056114332474,0.0253056114332474,,,
2014-07-31,XBI,0.020938514984636,,,,
2014-08-31,XBI,0.0172344692622133,,,,
2014-09-30,XBI,0.013597213692033101,,,,
2014-10-31,XBI,,,,,
2014-11-30,XBI,,,,,
2014-12-31,XBI,,,,,
2002-02-28,XLF,0.042411049991518304,0.0484117551251066,0.055132485915801804,0.0607994396301708,0.07711745693998209
2002-03-31,XLF,0.036253965691443894,0.0388071867403292,0.0461912482542476,0.053130334936041405,0.06982890295491079
2002-04-30,XLF,0.028110197639652598,0.028821422405096702,0.03742089536970921,0.0451123396272921,0.059678390299588095
2002-05-31,XLF,0.0243267125422676,0.0252533086360025,0.031454334143233904,0.03823460336099319,0.05294314151408719
2002-06-30,XLF,0.020148247715007,0.0229561809953571,0.0286540478684927,0.034513164181955186,0.04947819066178659
2002-07-31,XLF,0.010975966658055104,0.0160021177948916,0.0221766610587157,0.027436604879339688,0.042445213941114786
2002-08-31,XLF,0.006000705133588303,0.012721435924283502,0.018388389638652504,0.022346739423065188,0.03284885551872759
2002-09-30,XLF,0.002553221048885302,0.009937282562803702,0.0168763692445975,0.021279683410089185,0.025907847278554084
2002-10-31,XLF,0.0007112247654441023,0.009310697730056603,0.017002141987639503,0.022521267407026785,0.017809398286639883
2002-11-30,XLF,0.0009265960937349022,0.007127621600966302,0.013907890818725588,0.02032151903120149,0.009484443327607587
2002-12-31,XLF,0.0028079332803500998,0.0085058001534857,0.014364916466948185,0.023579170944955083,0.004561445829657686
2003-01-31,XLF,0.0050261511368365,0.011200694400660599,0.016460638221284588,0.028106637579093586,0.0013380327631980883
2003-02-28,XLF,0.0067207307906952,0.0123876845050642,0.016346034289476882,0.028705701814875487,-0.006967009379388414
2003-03-31,XLF,0.0073840615139184,0.014323148195712199,0.01872646236120389,0.031021716214581586,-0.0075168086490013135
2003-04-30,XLF,0.008599472964612501,0.0162909172221954,0.021810042641582685,0.030856967894491383,-0.008602246946243114
2003-05-31,XLF,0.0062010255072314,0.012981294724990686,0.019394922937466585,0.027689832878084686,-0.009250200154300215
2003-06-30,XLF,0.0056978668731356,0.011556983186598084,0.020771237664604987,0.026522009666429487,-0.009174541199427115
2003-07-31,XLF,0.0061745432638241,0.011434487084448086,0.02308048644225709,0.026443096146223186,-0.008529215351795814
2003-08-31,XLF,0.005666953714369,0.009625303498781684,0.021984971024180285,0.020127419594444085,-0.009629240621978112
2003-09-30,XLF,0.0069390866817938,0.011342400847285486,0.023637654700663185,0.015970564715750386,-0.009572650986163913
2003-10-31,XLF,0.007691444257582899,0.013210569676970185,0.02225749492987889,0.008498700556583288,-0.007548861963731014
2003-11-30,XLF,0.006780269217759286,0.013193897430235186,0.021488807370853288,0.0023568217266412856,-0.005906564495672114
2003-12-31,XLF,0.005859116313462485,0.015073370791469384,0.02082414279329389,-0.003944354323828015,-0.005395444422897612
2004-01-31,XLF,0.005259943820623986,0.016905943178432983,0.020268552882399087,-0.009862661637462515,-0.006552547060832639
2004-02-29,XLF,0.003958349784412686,0.016318017309811285,0.014460465880075088,-0.019354693884452615,-0.008172048796830433
2004-03-31,XLF,0.004403314165491685,0.016698568018869386,0.009031478033956587,-0.021839956844713515,-0.010498102724664933
2004-04-30,XLF,0.005519125419387286,0.014566050672295983,0.0008072562990003853,-0.024893164168438515,-0.01214950084660913
2004-05-31,XLF,0.006413628212475901,0.014708538153093998,-0.004423447491117998,-0.0222314948792909,-0.013612164294091917
2004-06-30,XLF,0.0092142544780069,0.0149650264798314,-0.0098034706372905,-0.0207315243860252,-0.015871297785056217
2004-07-31,XLF,0.011645999357809,0.015008609061775098,-0.015122605458086498,-0.019963702436243902,-0.01904605066219332
2004-08-31,XLF,0.0123596675253986,0.0105021160956624,-0.0233130436688653,-0.019254544120759796,-0.02473562177624692
2004-09-30,XLF,0.0122952538533777,0.004628163868464899,-0.0262432710102052,-0.020915051833449397,-0.029228604603755017
2004-10-31,XLF,0.009046925252908698,-0.0047118691203869,-0.0304122895878258,-0.020759431640701195,-0.033965069578212416
2004-11-30,XLF,0.008294909940618102,-0.0108370757035939,-0.028645123091766797,-0.019100461925907298,-0.04147104823305862
2004-12-31,XLF,0.0057507720018245,-0.0190177251152974,-0.0299457788640321,-0.020468815214366998,-0.05195837548114211
2005-01-31,XLF,0.0033626097039660997,-0.026768604815895505,-0.0316097017940529,-0.023458490239265627,-0.06379799984014982
2005-02-28,XLF,-0.0018575514297361996,-0.0356727111942639,-0.0316142116461584,-0.024490066106641714,-0.06964535475869463
2005-03-31,XLF,-0.0076670899849128,-0.038538524863582904,-0.033210305686827105,-0.027196670743534317,-0.07952214643467362
2005-04-30,XLF,-0.0137587943732956,-0.0394592148407345,-0.029806356893609904,-0.026715551518905117,-0.08605980729815442
2005-05-31,XLF,-0.019131985644212,-0.036940033032384904,-0.0273953718665254,-0.028320702447185916,-0.09436766341976213
2005-06-30,XLF,-0.024768497117121903,-0.0356965508658566,-0.026219587216191498,-0.030836324264887617,-0.10217628285827002
2005-07-31,XLF,-0.0301312145198616,-0.03497231149801899,-0.02682109994323173,-0.03405465972396842,-0.11141854615244332
2005-08-31,XLF,-0.0338151597645277,-0.029756660216422197,-0.02263251467690552,-0.035237737871909314,-0.11149533943506731
2005-09-30,XLF,-0.0308714348786701,-0.025543215701914302,-0.019529580758621518,-0.03385676847221992,-0.11319618450960561
2005-10-31,XLF,-0.025700420467438898,-0.0160475625203143,-0.012956757145609519,-0.029253200457825517,-0.11233893667252282
2005-11-30,XLF,-0.0178080473881729,-0.008263386222313398,-0.009188716802973918,-0.03063397252946472,-0.1133069026527442
2005-12-31,XLF,-0.010928053748734701,-0.0014510900990696023,-0.006067827147765718,-0.03294065036584472,-0.1142533691661147
2006-01-31,XLF,-0.004841096978157401,0.0033101145766298713,-0.003923445204106818,-0.03702939502425432,-0.11130462565600512
2006-02-28,XLF,0.0040584995481055,0.011182645087622182,-0.0014225781073816174,-0.03397264356443072,-0.1051358944707753
2006-03-31,XLF,0.0053282191767558005,0.011341854120048582,-0.0029853335935498184,-0.040983621571090714,-0.10608123115391702
2006-04-30,XLF,0.009652857947124598,0.012743663321829381,-0.003552779990386618,-0.04660059245741992,-0.10571216393954522
2006-05-31,XLF,0.0095446611658595,0.008619330585198981,-0.012825925141291819,-0.05742763038737722,-0.10771698100353802
2006-06-30,XLF,0.009476963649665101,0.004860226600968982,-0.022012596617110018,-0.06647973199241342,-0.1049817094998354
2006-07-31,XLF,0.008151211554787274,0.0009176517740505812,-0.032188298046096915,-0.07644623465442432,-0.10028452596574214
2006-08-31,XLF,0.007124145539516681,-0.005481077655487119,-0.03803114311253622,-0.08173867921864511,-0.10284694756713351
2006-09-30,XLF,0.006013634943292781,-0.008313552770305618,-0.046311840747846514,-0.08765296880769131,-0.10875770684655842
2006-10-31,XLF,0.0030908053747047814,-0.013205637937511217,-0.056253450404544526,-0.09629137415220851,-0.1162484725933455
2006-11-30,XLF,-0.0009253305806605188,-0.022370586307151316,-0.06697229155323672,-0.1050435164304308,-0.12411748479918491
2006-12-31,XLF,-0.004616737048696119,-0.03148956026677512,-0.07595669564207852,-0.11280227906704512,-0.13162750676698923
2007-01-31,XLF,-0.007233559780736691,-0.04033950960088419,-0.08459744620921159,-0.11461474023263499,-0.1354359655609042
2007-02-28,XLF,-0.0126052231950038,-0.0451552886520529,-0.08886282475816179,-0.1163185395583975,-0.138864140986255
2007-03-31,XLF,-0.014327187713598399,-0.052325475691139295,-0.0936666037509841,-0.1174230852739656,-0.1391383067704154
2007-04-30,XLF,-0.016296443312216,-0.059344255779249296,-0.09938217952691329,-0.1184558272613746,-0.13817472037282796
2007-05-31,XLF,-0.0214452557264908,-0.06604696097257619,-0.1041181858497703,-0.116336311588737,-0.1366947225202549
2007-06-30,XLF,-0.026872823218079003,-0.0713399585933824,-0.10818554201834898,-0.1098419361008044,-0.1320062976601997
2007-07-31,XLF,-0.0331059498201475,-0.07736388642847489,-0.1073811804518983,-0.1012021777397927,-0.1237092088822935
2007-08-31,XLF,-0.0325500654570491,-0.076257601563158,-0.1037133163633937,-0.0973658699116464,-0.1125256050883803
2007-09-30,XLF,-0.0379982879775409,-0.0793394160373857,-0.1030958975603672,-0.10044415407625279,-0.1062661684970628
2007-10-31,XLF,-0.0430478124670333,-0.0830857362146973,-0.10215938394915858,-0.1030428346558343,-0.09839030193216809
2007-11-30,XLF,-0.044601705246085394,-0.08267293012327949,-0.09489105586224619,-0.10174689849203361,-0.0866182606282686
2007-12-31,XLF,-0.0444671353753034,-0.08131271880027,-0.0829691128827254,-0.1001379465002141,-0.0738811092987504
2008-01-31,XLF,-0.0442579366083274,-0.0742752306317508,-0.0680962279196452,-0.09509645596002,-0.05767502845053252
2008-02-29,XLF,-0.043707536106108905,-0.07116325090634461,-0.06481580445459728,-0.09370885233420209,-0.044441757305623816
2008-03-31,XLF,-0.0413411280598448,-0.06509760958282629,-0.06244586609871189,-0.08681283107927609,-0.02950052806444092
2008-04-30,XLF,-0.040037923747664,-0.05911157148212529,-0.05999502218880099,-0.0788304645935787,-0.013277150435011917
2008-05-31,XLF,-0.038071224877194096,-0.050289350616160786,-0.0571451932459482,-0.07064776154767871,-0.00038276280983102
2008-06-30,XLF,-0.036845583424966605,-0.03850197750742199,-0.05567081112491071,-0.06066633906681732,0.003337546415705584
2008-07-31,XLF,-0.030017294023423402,-0.023838291311317792,-0.0508385193516926,-0.046345322453818616,0.010218218474239885
2008-08-31,XLF,-0.027455714800235703,-0.0211082683484884,-0.0500013162280932,-0.03626800352522232,0.013510370625601282
2008-09-30,XLF,-0.023756481522981505,-0.021104738038867095,-0.04547170301943129,-0.026926752459677114,0.015135919752414182
2008-10-31,XLF,-0.0190736477344613,-0.019957098441136998,-0.0387925408459147,-0.01530456571747082,0.017085233651214782
2008-11-30,XLF,-0.0122181257389667,-0.0190739683687541,-0.032576536670484615,-0.003945330504989117,0.020899817577100778
2008-12-31,XLF,-0.0016563940824554004,-0.0188252276999441,-0.023820755641850714,0.007431609501519585,0.02470963901772328
2009-01-31,XLF,0.0061790027121056,-0.020821225328269202,-0.016328028430395214,0.016600202181218285,0.025501284517101885
2009-02-28,XLF,0.006347446451747301,-0.0225456014278575,-0.008812288724986614,0.026721493600720785,0.02675962713453268
2009-03-31,XLF,0.0026517434841143994,-0.021715221496449805,-0.003170270936695614,0.035597081518385386,0.028985480933142186
2009-04-30,XLF,-0.0008834507066757006,-0.0197188931114534,0.003769082016990485,0.04583442104711338,0.03250255650397148
2009-05-31,XLF,-0.0068558426297874,-0.020358410931517915,0.008272795233977587,0.04990658780632978,0.03491921073411168
2009-06-30,XLF,-0.0171688336174887,-0.022164361559395312,0.009088003583974987,0.04183952392312759,0.03235689360089558
2009-07-31,XLF,-0.0270002280403748,-0.022507031142500813,0.010421199469112685,0.03405650978555769,0.026235686013115142
2009-08-31,XLF,-0.0288930478796048,-0.015159735176733916,0.020374047148973486,0.034618638974089684,0.02822702578372714
2009-09-30,XLF,-0.0243669649805642,-0.005822014420810012,0.03294533803427098,0.036240657791281286,0.03337206953764434
2009-10-31,XLF,-0.0188354424047777,0.004652532723666187,0.04671787175378908,0.03704233209235179,0.03678471944790834
2009-11-30,XLF,-0.013502568301730517,0.015128637863764983,0.05676243043611717,0.039973785945854885,0.04156440822731434
2009-12-31,XLF,-0.0049955279419066165,0.026256837201463684,0.059008357540616285,0.04353486671766738,0.04627068370647654
2010-01-31,XLF,0.004493196897873985,0.03742142750948749,0.061056737825932475,0.04632250984537108,0.04876324959853514
2010-02-28,XLF,0.013733312702870884,0.04926709502857829,0.06351168685369449,0.04930522856239018,0.05066200605281063
2010-03-31,XLF,0.018544950559754185,0.05731230301483518,0.06060762277184549,0.05070070242959198,0.05162150383330898
2010-04-30,XLF,0.023487975128443882,0.06555331415856679,0.055877774497129495,0.05222144961542488,0.05148278164441679
2010-05-31,XLF,0.028631206165495502,0.0702649987378477,0.0534763542475854,0.0552776216656296,0.051715484730490605
2010-06-30,XLF,0.031252365143370306,0.0640038854825229,0.048530394659574,0.054521255160290896,0.048414235120302004
2010-07-31,XLF,0.0329282306116135,0.05656354092805849,0.041829312947497095,0.048742717155615956,0.042090999989390296
2010-08-31,XLF,0.0355337823257074,0.0497783741508236,0.0355719158595193,0.04338676096046106,0.03493350098898941
2010-09-30,XLF,0.038767352455081,0.04206267221209129,0.032155751869837795,0.03919408395845436,0.029081479273092504
2010-10-31,XLF,0.0420653390301229,0.0323897993686856,0.028733474486981,0.03213218672424216,0.02251752385636571
2010-11-30,XLF,0.041633792572352196,0.024845148082089895,0.026646415500134097,0.02643577036354936,0.016449479106752308
2010-12-31,XLF,0.0327515203391526,0.017278029516203705,0.023268890016920597,0.02001384650501286,0.01149695539057031
2011-01-31,XLF,0.023635310316445,0.008901082335883598,0.015814486544002457,0.01134182208904766,0.003975808684795926
2011-02-28,XLF,0.0142445918251162,3.813353381189956e-05,0.007852978634753658,0.0013949110242323596,-0.005516831908273578
2011-03-31,XLF,0.0032953197570102996,-0.006611600585243202,0.00042673150337335956,-0.0056907991815261915,-0.014100489732006475
2011-04-30,XLF,-0.009675539661437301,-0.0133318645431419,-0.00993315230588074,-0.014070532514149992,-0.025332820362542176
2011-05-31,XLF,-0.0167886444902623,-0.014987377072218106,-0.01519802220880284,-0.018549514007357094,-0.03356970966771478
2011-06-30,XLF,-0.015473490822948901,-0.009482630322231999,-0.012737673834139741,-0.015589650362220892,-0.032096735373449474
2011-07-31,XLF,-0.0147342279805614,-0.007820823772442538,-0.01229348822739734,-0.014472540938668194,-0.03254427266298308
2011-08-31,XLF,-0.0142064582913043,-0.00639161319036254,-0.01284968080088384,-0.014844873161834193,-0.032963342888995675
2011-09-30,XLF,-0.0099069203422535,-0.0028685882536369405,-0.008986118938536493,-0.012981192938998794,-0.030500630361283677
2011-10-31,XLF,-0.0036563248817046007,-0.0002576126444434415,-0.0043949928527126925,-0.009872275512319891,-0.025418377217053076
2011-11-30,XLF,0.0018012674180442002,0.0015906222814594598,-0.0017608695170947923,-0.008395668975337592,-0.020987938517289775
2011-12-31,XLF,0.005990860500716901,0.002735816988809159,-0.00011615953927199225,-0.005781074125633392,-0.015181825975328772
2012-01-31,XLF,0.00691340420811886,0.0024407397531640597,0.0002616870418932082,-0.004925273651087676,-0.014230381668608672
2012-02-29,XLF,0.00781484510094176,0.0013567774904204592,-0.0006384148705298919,-0.005554965442085476,-0.013761376379170374
2012-03-31,XLF,0.00703833208861656,0.0009208014037170073,-0.0030742725967452915,-0.0074888891467632755,-0.014212363790972675
2012-04-30,XLF,0.0033987122372611594,-0.000738667971008092,-0.006215950630615291,-0.012000955819400277,-0.015974787291177177
2012-05-31,XLF,-0.00021064513658474045,-0.003562136935138992,-0.010196936393381791,-0.018582332595496676,-0.019097362548148773
2012-06-30,XLF,-0.00325504351190774,-0.006107020039988891,-0.01177193462635029,-0.022614105051217477,-0.021172686476045675
2012-07-31,XLF,-0.0044726644549548,-0.006651717166225651,-0.011838677859206536,-0.024723448890540536,-0.021143785876727533
2012-08-31,XLF,-0.0064580676105213,-0.00845325997147165,-0.013369810543027235,-0.026571729698633136,-0.021576221480112134
2012-09-30,XLF,-0.0061175306848995515,-0.010112604685361851,-0.014527221235379835,-0.027632042107646734,-0.02125069587958923
2012-10-31,XLF,-0.004137380208269251,-0.00961466286787645,-0.015399668056661436,-0.025160764572609635,-0.019373499528438334
2012-11-30,XLF,-0.003351491798554251,-0.00998629125679705,-0.018371687458911937,-0.022578560798749238,-0.018886717411564037
2012-12-31,XLF,-0.0028519765280811513,-0.00851689111444255,-0.019359061539309736,-0.017917642964137937,-0.017917642964137937
2013-01-31,XLF,-0.0021790527112708516,-0.007366013404251736,-0.020250784435585735,-0.016671121421772732,-0.016671121421772732
2013-02-28,XLF,-0.0019951923609503514,-0.0069117429325059355,-0.020113662088111838,-0.015118153869590836,-0.015118153869590836
2013-03-31,XLF,-0.0039950740004623,-0.008409690550480286,-0.021514511422747185,-0.015133165194689682,-0.015133165194689682
2013-04-30,XLF,-0.0054772826596072,-0.011262287848392186,-0.021023384364340383,-0.015236119320169082,-0.015236119320169082
2013-05-31,XLF,-0.0066347994582428,-0.015020195660357685,-0.019227069000194986,-0.015535225613009785,-0.015535225613009785
2013-06-30,XLF,-0.0056649145863614,-0.016507085011228585,-0.015065666436056783,-0.015065666436056783,-0.015065666436056783
2013-07-31,XLF,-0.0051869606929808845,-0.018071731724314883,-0.014492068710501883,-0.014492068710501883,
2013-08-31,XLF,-0.0049165505715555845,-0.018118469727161485,-0.013122961508640483,-0.013122961508640483,
2013-09-30,XLF,-0.004414616550017984,-0.017519437422284883,-0.01113809119422738,-0.01113809119422738,
2013-10-31,XLF,-0.005785005188784984,-0.015546101704733183,-0.009758836660561883,-0.009758836660561883,
2013-11-30,XLF,-0.008385396202114884,-0.012592269541952184,-0.008900426154766983,-0.008900426154766983,
2013-12-31,XLF,-0.010842170424867185,-0.009400751849695386,-0.009400751849695386,-0.009400751849695386,
2014-01-31,XLF,-0.012884771031334001,-0.009305108017520998,-0.009305108017520998,,
2014-02-28,XLF,-0.0132019191556059,-0.008206410937084897,-0.008206410937084897,,
2014-03-31,XLF,-0.0131048208722669,-0.006723474644209399,-0.006723474644209399,,
2014-04-30,XLF,-0.009761096515948201,-0.0039738314717769,,,
2014-05-31,XLF,-0.004206873339837299,-0.0005150299526520989,,,
2014-06-30,XLF,0.0014414185751718007,0.0014414185751718007,,,
2014-07-31,XLF,0.003579663013813,,,,
2014-08-31,XLF,0.004995508218521,,,,
2014-09-30,XLF,0.0063813462280574995,,,,
2014-10-31,XLF,,,,,
2014-11-30,XLF,,,,,
2014-12-31,XLF,,,,,
